query,no,title,description,total_text
경주 여행,1, 경주여행   동궁과월지 첨성대 야경  연꽃단지  분황사, 경주여행  때 방문했던 곳들을 다시 한번 남겨보려함     경주여행    경주 밤에가볼만한곳    이웃님들 잘 지내셨나요  지난주 일    blog naver com 예전  여행 사진을 보니  여행 을 떠나고싶어진다 , 경주여행   동궁과월지 첨성대 야경  연꽃단지  분황사  경주여행  때 방문했던 곳들을 다시 한번 남겨보려함     경주여행    경주 밤에가볼만한곳    이웃님들 잘 지내셨나요  지난주 일    blog naver com 예전  여행 사진을 보니  여행 을 떠나고싶어진다 
경주 여행,2, 경북  경주여행  천문 기상 관측대  첨성대,  여행 일자  2016년 9월 7일 목    여행 인원  친구와 함께 첨성대 경북  경주 시 인왕동 839 1 전화  054 779 8741 첨성대 관람료는 무료     경북  경주여행  이야기가 있는  경주여행  첨성대에서 바라본 대릉원 야경    , 경북  경주여행  천문 기상 관측대  첨성대   여행 일자  2016년 9월 7일 목    여행 인원  친구와 함께 첨성대 경북  경주 시 인왕동 839 1 전화  054 779 8741 첨성대 관람료는 무료     경북  경주여행  이야기가 있는  경주여행  첨성대에서 바라본 대릉원 야경    
경주 여행,3, 경주여행 은 원데이 택시투어 ,감사합니다 D 구매하러가기 https   smartstore naver com dptour products 5981873243  경주  핫플레이스 원데이택시투어   돌고래 여행 사 돌핀스토어  경주  핫플레이스 원데이택시투어 smartstore naver com, 경주여행 은 원데이 택시투어  감사합니다 D 구매하러가기 https   smartstore naver com dptour products 5981873243  경주  핫플레이스 원데이택시투어   돌고래 여행 사 돌핀스토어  경주  핫플레이스 원데이택시투어 smartstore naver com
경주 여행,4,설레임 패밀리 일상,오늘의 목적지는  경주  회사 제휴로 숙소를 저렴하게 예약하고  경주 로 나선다   경주 에 도착하자마자 배가 고파서 우리가족이 좋아하는 국수집을 찾아본다  와이프가 검색해서 찾아간 곳은 갈비랑 국수랑    ,설레임 패밀리 일상 오늘의 목적지는  경주  회사 제휴로 숙소를 저렴하게 예약하고  경주 로 나선다   경주 에 도착하자마자 배가 고파서 우리가족이 좋아하는 국수집을 찾아본다  와이프가 검색해서 찾아간 곳은 갈비랑 국수랑    
경주 여행,5,경북  경주여행  불국사 단아함과 정숙함이 묻어나는 겹벚꽃 왕벚꽃     ,벚꽃이 다 지고나면 피는 겹벗꽃 봄  여행 을 즐기는 고수라면 서둘러  경주 행 티켓을 예약하자  또다시  경주 가 들썩이고 있다 다  경주 지역 벚꽃은 거의 떨어지고 불국사 쪽이 겹벚꽃으로 유명하다  불국사 입구에    ,경북  경주여행  불국사 단아함과 정숙함이 묻어나는 겹벚꽃 왕벚꽃      벚꽃이 다 지고나면 피는 겹벗꽃 봄  여행 을 즐기는 고수라면 서둘러  경주 행 티켓을 예약하자  또다시  경주 가 들썩이고 있다 다  경주 지역 벚꽃은 거의 떨어지고 불국사 쪽이 겹벚꽃으로 유명하다  불국사 입구에    
경주 여행,6, 경주여행  보문단지 벚꽃은 보문호반길 화사한 봄 선사하는 벗꽃 17    ,최적의  여행 지이다  차없는 도로 및 벗꽃길 이른 시각에 와야 제대로 힐링 되는 곳이다  만개해 아름다운 경관을 이루고 있다  경주 보문단지는  경주 시가지에서 동쪽으로 약 10여  정도 떨어진 명활산 옛성터에    , 경주여행  보문단지 벚꽃은 보문호반길 화사한 봄 선사하는 벗꽃 17     최적의  여행 지이다  차없는 도로 및 벗꽃길 이른 시각에 와야 제대로 힐링 되는 곳이다  만개해 아름다운 경관을 이루고 있다  경주 보문단지는  경주 시가지에서 동쪽으로 약 10여  정도 떨어진 명활산 옛성터에    
경주 여행,7,경북  경주여행  1일차 하얀 목련이 필때면    경주  대릉원 목련 낮풍경    ,최근  경주 를  여행 하는 이들이 꼭 빼놓지 않는  여행 코스가 있다  다름 아닌  경주 의 야경을 둘러보는 것     연인과 함께  경주 여행 을 떠나게 될 당신을 위한 야경 투어 코스를 소개한다   경주 여행 을 준비하고 있는    ,경북  경주여행  1일차 하얀 목련이 필때면    경주  대릉원 목련 낮풍경     최근  경주 를  여행 하는 이들이 꼭 빼놓지 않는  여행 코스가 있다  다름 아닌  경주 의 야경을 둘러보는 것     연인과 함께  경주 여행 을 떠나게 될 당신을 위한 야경 투어 코스를 소개한다   경주 여행 을 준비하고 있는    
경주 여행,8, 경주여행  세계문화유산  경주  양동마을 봄나들이 18년3월29일 ,시간 여행 을 떠나고 싶다면 옛 조상들의 삶의 모습을 고스란히 간직한 채 수백 년의 숨결을 이어 온 양동마을이 제격이 아닐까  주소 경상북도  경주 시 강동면 양동마을길 138 18 지번 경상북도  경주 시 강동면    , 경주여행  세계문화유산  경주  양동마을 봄나들이 18년3월29일  시간 여행 을 떠나고 싶다면 옛 조상들의 삶의 모습을 고스란히 간직한 채 수백 년의 숨결을 이어 온 양동마을이 제격이 아닐까  주소 경상북도  경주 시 강동면 양동마을길 138 18 지번 경상북도  경주 시 강동면    
경주 여행,9,경북  경주여행  왕의 다리   경주  월정교      18년7월21일 ,잠시 교촌마을에 도착하니 뜻하지 않은 행사에 잠시 쉬어간다 최근  경주 를  여행 하는 이들이 꼭 빼놓지    연인과 함께  경주 여행 을 떠나게 될 당신을 위한 야경 투어 코스를 소개한다   경주 여행 을 준비하고 있는    ,경북  경주여행  왕의 다리   경주  월정교      18년7월21일  잠시 교촌마을에 도착하니 뜻하지 않은 행사에 잠시 쉬어간다 최근  경주 를  여행 하는 이들이 꼭 빼놓지    연인과 함께  경주 여행 을 떠나게 될 당신을 위한 야경 투어 코스를 소개한다   경주 여행 을 준비하고 있는    
경주 여행,10, 경주여행  야경이 이쁜 안압지 첨성대 16년3월31일 ,어울린다  경주 여행 에서 빠질수 없는 관광지 중 하나인 첨성대   첨성대는 신라시대에 별을 관측하기        최근  경주 를  여행 하는 이들이 꼭 빼놓지 않는  여행 코스가 있다  다름 아닌  경주 의 야경을 둘러보는 것     , 경주여행  야경이 이쁜 안압지 첨성대 16년3월31일  어울린다  경주 여행 에서 빠질수 없는 관광지 중 하나인 첨성대   첨성대는 신라시대에 별을 관측하기        최근  경주 를  여행 하는 이들이 꼭 빼놓지 않는  여행 코스가 있다  다름 아닌  경주 의 야경을 둘러보는 것     
경주 여행,11, 경주 여행 에서 많은 사람들이 지나치는 곳,몇몇 지인들의 경험과 제 생각을 더해   경주 여행 에서 좀 더 주목하면 좋을 만한 장소들을 정리해    고즈넉한 산사  옥천사  경주 는 수학 여행 의 성지이자 역사 탐방의 중심지로 알려져 있지만  그 주변으로    , 경주 여행 에서 많은 사람들이 지나치는 곳 몇몇 지인들의 경험과 제 생각을 더해   경주 여행 에서 좀 더 주목하면 좋을 만한 장소들을 정리해    고즈넉한 산사  옥천사  경주 는 수학 여행 의 성지이자 역사 탐방의 중심지로 알려져 있지만  그 주변으로    
경주 여행,12,14개월 아기랑  경주여행  후기  정글의 법칙 미디어 파크  버드파크      ,그래도  여행  일정중에 비가온다면 다녀오기 딱 좋은 곳 같다   경주  버드파크 위치  경북  경주 시 보문로 74 14  북군동 185 1  전화  054 777 7200 운영시간  10 00   19 00 입장료   대인  20 000원  소인  15 000원    ,14개월 아기랑  경주여행  후기  정글의 법칙 미디어 파크  버드파크       그래도  여행  일정중에 비가온다면 다녀오기 딱 좋은 곳 같다   경주  버드파크 위치  경북  경주 시 보문로 74 14  북군동 185 1  전화  054 777 7200 운영시간  10 00   19 00 입장료   대인  20 000원  소인  15 000원    
경주 여행,13,  여행  울산  경주 여행  Part4   동궁과 월지  빛누리정원  성호리조트,장생포는 고래문화특구 라는 이름으로 고래를 주제로 한 다채로운 관광지를 형성해두었는데 사실 고래박물관이나 생태체 jinstistory tistory com 2023 08 16     여행  국내 여행       여행  울산  경주 여행  Part3    경주     ,  여행  울산  경주 여행  Part4   동궁과 월지  빛누리정원  성호리조트 장생포는 고래문화특구 라는 이름으로 고래를 주제로 한 다채로운 관광지를 형성해두었는데 사실 고래박물관이나 생태체 jinstistory tistory com 2023 08 16     여행  국내 여행       여행  울산  경주 여행  Part3    경주     
경주 여행,14,루비의 정원    설연휴  경주 여행   신 경주 역에서 시작하세요, 신청은 신 경주 역  여행  센터  광활한 부지에 자리잡은 신 경주 역은 역사 마당도 엄청나게 너른데    연휴  여행 을 계획하고 계신 분은 KTX를 이용한  경주 여행 은 어떠하신지       Copyright 2011  루비  All pictures    ,루비의 정원    설연휴  경주 여행   신 경주 역에서 시작하세요  신청은 신 경주 역  여행  센터  광활한 부지에 자리잡은 신 경주 역은 역사 마당도 엄청나게 너른데    연휴  여행 을 계획하고 계신 분은 KTX를 이용한  경주 여행 은 어떠하신지       Copyright 2011  루비  All pictures    
경주 여행,15, 경주 여행  출장  깨끗하고 조식이 제공되는 에이치에비뉴 호텔을 소    , 경주  불국사까지 도보로 단 15분 거리에 있어서   여행 의 피로함을 조금이나마 덜 수 있었습니다  아침 일찍 불국사를 방문해 한적하고 고요한 분위기 속에서 산책을 즐기기에 최적의 위치였습니다  꿀스테이    , 경주 여행  출장  깨끗하고 조식이 제공되는 에이치에비뉴 호텔을 소      경주  불국사까지 도보로 단 15분 거리에 있어서   여행 의 피로함을 조금이나마 덜 수 있었습니다  아침 일찍 불국사를 방문해 한적하고 고요한 분위기 속에서 산책을 즐기기에 최적의 위치였습니다  꿀스테이    
경주 여행,16, 알라딘서재  100자평  일상이 고고학  나 혼자  경주 여행 ,일상이 고고학  나 혼자  경주 여행    개정증보판   일상이 고고학 시리즈 2 황윤 지음   책읽는고양이   2020년 10월 평점   역사를 사랑하고 덕질하는 사람의 눈으로 바라본  경주   아는 만큼 보이고  사랑하는    , 알라딘서재  100자평  일상이 고고학  나 혼자  경주 여행  일상이 고고학  나 혼자  경주 여행    개정증보판   일상이 고고학 시리즈 2 황윤 지음   책읽는고양이   2020년 10월 평점   역사를 사랑하고 덕질하는 사람의 눈으로 바라본  경주   아는 만큼 보이고  사랑하는    
경주 여행,17, 경주여행  20200727,08 02  경주여행  20200728  0  2020 08 02  경주여행  20200727  0  2020 08 02 1일 3평화  0  2020 07 13 강릉 여행  서나무  0  2020 07 08 강릉 여행   0  2020 07 08, 경주여행  20200727 08 02  경주여행  20200728  0  2020 08 02  경주여행  20200727  0  2020 08 02 1일 3평화  0  2020 07 13 강릉 여행  서나무  0  2020 07 08 강릉 여행   0  2020 07 08
경주 여행,18,  경주여행   한옥 숙소   소설재 첨성대점 비향 15만원 , 경주여행  한옥숙소 이름도 특이한  소설재  첨성대점  첨성대랑 진짜 가까워서 첨성대점인듯     낮에도 이쁘고  밤에는 더더 이쁜 한옥  소설재 너무너무너무 인기있는 곳이라서 주말에 묶으려면    ,  경주여행   한옥 숙소   소설재 첨성대점 비향 15만원   경주여행  한옥숙소 이름도 특이한  소설재  첨성대점  첨성대랑 진짜 가까워서 첨성대점인듯     낮에도 이쁘고  밤에는 더더 이쁜 한옥  소설재 너무너무너무 인기있는 곳이라서 주말에 묶으려면    
경주 여행,19, 알라딘서재 황금호두 열리면 무웅이와 함께 떠나는  경주여행 ,코스의  여행 인데도 매 번 새로운 느낌이 들어 자꾸만  경주 를 찾게 되는것 같다 매 번 새로운 느낌을 주는  경주여행 에 푹 빠져있는데 신라에서 온 아이와 함께하는  경주여행 은 더 새롭게 다가왔다 한참 티비에서    , 알라딘서재 황금호두 열리면 무웅이와 함께 떠나는  경주여행  코스의  여행 인데도 매 번 새로운 느낌이 들어 자꾸만  경주 를 찾게 되는것 같다 매 번 새로운 느낌을 주는  경주여행 에 푹 빠져있는데 신라에서 온 아이와 함께하는  경주여행 은 더 새롭게 다가왔다 한참 티비에서    
경주 여행,20, 경주여행 , 경주 까지 이동은 기차 여행   경주 내에서는 자전거 여행  도보 여행  버스투어 모두 가능하다  경주여행 코스   시내권    천마총   왕릉   첨성대   계림   포석정   안압지    , 경주여행   경주 까지 이동은 기차 여행   경주 내에서는 자전거 여행  도보 여행  버스투어 모두 가능하다  경주여행 코스   시내권    천마총   왕릉   첨성대   계림   포석정   안압지    
경주 여행,21, 알라딘서재  100자평  일상이 고고학  나 혼자  경주 여행 ,일상이 고고학  나 혼자  경주 여행    개정증보판   일상이 고고학 시리즈 2 황윤 지음   책읽는고양이    못한 지가 한참 되었는데 오랜만에 저자와 함께  경주 를 걸으며 역사  여행 을 하는 느낌을 주는 책이네요 , 알라딘서재  100자평  일상이 고고학  나 혼자  경주 여행  일상이 고고학  나 혼자  경주 여행    개정증보판   일상이 고고학 시리즈 2 황윤 지음   책읽는고양이    못한 지가 한참 되었는데 오랜만에 저자와 함께  경주 를 걸으며 역사  여행 을 하는 느낌을 주는 책이네요 
경주 여행,22, 경주여행  감포 여행  송대말등대빛체험전시관  여행 ,위치  경북  경주 시 척사길 18 94 2  운영시간   09 00   18 00 3  연중무휴 4  대표전화   054 744 3233 5  입장료   무료 송대말등대 빛 체험관은 아이와 함께  여행 가기에 좋고 점심시간 12 00   13 00 운영을 안하니    , 경주여행  감포 여행  송대말등대빛체험전시관  여행  위치  경북  경주 시 척사길 18 94 2  운영시간   09 00   18 00 3  연중무휴 4  대표전화   054 744 3233 5  입장료   무료 송대말등대 빛 체험관은 아이와 함께  여행 가기에 좋고 점심시간 12 00   13 00 운영을 안하니    
경주 여행,23, 경주여행 코스 읍천항 주상절리 파도소리길, 경주 에는 주상절리가 제주도만큼이나 이쁜 곳이 있다  게다가 조용한 읍천항을 끼고 있어 더 좋았던  경주여행 코스  읍천항옆에 자리한 주상절리 파도소리길은 넓은 주차장도 갖추고 있어 길을 따라 등대까지    , 경주여행 코스 읍천항 주상절리 파도소리길  경주 에는 주상절리가 제주도만큼이나 이쁜 곳이 있다  게다가 조용한 읍천항을 끼고 있어 더 좋았던  경주여행 코스  읍천항옆에 자리한 주상절리 파도소리길은 넓은 주차장도 갖추고 있어 길을 따라 등대까지    
경주 여행,24, 여행 이좋다     교리김밥      경주 맛집     경주여행 하면서 들린 김밥    , 경주  남산 등산을 포함해서 당일치기로  경주여행 을 계획하고 다녀왔습니다  그 첫번째 코스로  경주 에선    여하튼 저처럼  여행  중에 한번 정도는 가볼만한 집이라는 생각이네요  특히나 남산같은 산에    , 여행 이좋다     교리김밥      경주 맛집     경주여행 하면서 들린 김밥      경주  남산 등산을 포함해서 당일치기로  경주여행 을 계획하고 다녀왔습니다  그 첫번째 코스로  경주 에선    여하튼 저처럼  여행  중에 한번 정도는 가볼만한 집이라는 생각이네요  특히나 남산같은 산에    
경주 여행,25,안녕 2014년  경주 여행 ,2014년을 그냥 보내기가 좀 아쉬워서 좋아하는  경주 로 기차타고 떠났다  몇일전엔 크리스마스  경주여행  오늘은 안녕 2014년  경주여행    이번  여행 은 럭셔리 컨셉으로 좋은 호텔에서    ,안녕 2014년  경주 여행  2014년을 그냥 보내기가 좀 아쉬워서 좋아하는  경주 로 기차타고 떠났다  몇일전엔 크리스마스  경주여행  오늘은 안녕 2014년  경주여행    이번  여행 은 럭셔리 컨셉으로 좋은 호텔에서    
경주 여행,26,  경주여행  3일차 놀부보쌈  경주  황오점 배달후기, 경주여행  3번째 날 숙소로 황남관에 머물게 되었어요   여행  3일차 저녁이라 아이들도 지치고 저와    배민에 놀부보쌈 검색해보니  경주 황오점에서 배달이 가능하다고 나오네요  저희는 황남관에 머물었기 때문에    ,  경주여행  3일차 놀부보쌈  경주  황오점 배달후기  경주여행  3번째 날 숙소로 황남관에 머물게 되었어요   여행  3일차 저녁이라 아이들도 지치고 저와    배민에 놀부보쌈 검색해보니  경주 황오점에서 배달이 가능하다고 나오네요  저희는 황남관에 머물었기 때문에    
경주 여행,27, 알라딘서재  경주 여행  이야기, 일상이 고고학  나 혼자  경주 여행  은  경주 를 무대로 한  여행  에세이풍의 글을 만날 수 있는 책으로   경주 에서 유명한 문화재에 대한 사전 지식을 줄줄 읊는 것 외에도 얼마든지 재미있고 의미 있는  여행 을 할    , 알라딘서재  경주 여행  이야기  일상이 고고학  나 혼자  경주 여행  은  경주 를 무대로 한  여행  에세이풍의 글을 만날 수 있는 책으로   경주 에서 유명한 문화재에 대한 사전 지식을 줄줄 읊는 것 외에도 얼마든지 재미있고 의미 있는  여행 을 할    
경주 여행,28, 알라딘서재  100자평  일상이 고고학  나 혼자  경주 여행 ,일상이 고고학  나 혼자  경주 여행    개정증보판  일상이 시리즈 3 황윤 지음   책읽는고양이   2020년 10월 평점    경주 는 학교다닐때 수학 여행 때 갔었는데 추억의 장소라 꼭 다시 가보고 싶은 곳이거든요     , 알라딘서재  100자평  일상이 고고학  나 혼자  경주 여행  일상이 고고학  나 혼자  경주 여행    개정증보판  일상이 시리즈 3 황윤 지음   책읽는고양이   2020년 10월 평점    경주 는 학교다닐때 수학 여행 때 갔었는데 추억의 장소라 꼭 다시 가보고 싶은 곳이거든요     
경주 여행,29, 알라딘서재  100자평  일상이 고고학  나 혼자  경주 여행 ,일상이 고고학  나 혼자  경주 여행    개정증보판  일상이 고고학 시리즈 2 황윤 지음   책읽는고양이   2020년 10월 평점   신라 경주  마니아로부터 듣는  경주여행 기라 관심이 가요  고고학적인 관점으로는    , 알라딘서재  100자평  일상이 고고학  나 혼자  경주 여행  일상이 고고학  나 혼자  경주 여행    개정증보판  일상이 고고학 시리즈 2 황윤 지음   책읽는고양이   2020년 10월 평점   신라 경주  마니아로부터 듣는  경주여행 기라 관심이 가요  고고학적인 관점으로는    
경주 여행,30, 여행 이좋다     경주 석빙고    색다른  경주여행  볼거리    근처에 안압    , 경주여행  색다른 볼거리  경주 석빙고 이번  경주여행 에서 다녀온  경주 석빙고입니다   경주  석빙고는 영조때에 만들어진 일종의 얼음창고로  근처에 첨성대를 비롯한 많은  여행 지들이 몰려있어서  함께 묶어    , 여행 이좋다     경주 석빙고    색다른  경주여행  볼거리    근처에 안압      경주여행  색다른 볼거리  경주 석빙고 이번  경주여행 에서 다녀온  경주 석빙고입니다   경주  석빙고는 영조때에 만들어진 일종의 얼음창고로  근처에 첨성대를 비롯한 많은  여행 지들이 몰려있어서  함께 묶어    
경주 여행,31,3월의  경주여행  ,첨가본 동궁원  예쁜 꽃들 만나고 좋아하는 커피열매도 보고 비맞으면서 노천온천 잘먹고 잘쉬고 행복한  경주 여행  ,3월의  경주여행   첨가본 동궁원  예쁜 꽃들 만나고 좋아하는 커피열매도 보고 비맞으면서 노천온천 잘먹고 잘쉬고 행복한  경주 여행  
경주 여행,32, 경주여행  황리단길 보문단지 왕릉탐방 데이트코스,https   youtu be  nZzijKooIk 밤의  황리단길 은 참 예쁘고 마음 한켠이 낭만으로 차오르는 경상도에서 흔치 않은 젊은거리 바로 옆은   경주 유적지 에 오래된 한옥  천년고도  경주 와는 사뭇 어울리면서도    , 경주여행  황리단길 보문단지 왕릉탐방 데이트코스 https   youtu be  nZzijKooIk 밤의  황리단길 은 참 예쁘고 마음 한켠이 낭만으로 차오르는 경상도에서 흔치 않은 젊은거리 바로 옆은   경주 유적지 에 오래된 한옥  천년고도  경주 와는 사뭇 어울리면서도    
경주 여행,33, 경주여행 밀면, 경주 에서 먹어본   경주여행 밀면  맛보기 가격도 착해 5000원 비빔밀면 물밀면도 5000원 더해먹는 떡갈비는 2000원 12 000원 밥상 그리고 뜨거운 육수까지 맛평가는 입맛따라 취향별로    나따루 너따루   , 경주여행 밀면  경주 에서 먹어본   경주여행 밀면  맛보기 가격도 착해 5000원 비빔밀면 물밀면도 5000원 더해먹는 떡갈비는 2000원 12 000원 밥상 그리고 뜨거운 육수까지 맛평가는 입맛따라 취향별로    나따루 너따루   
경주 여행,34,1박2일  경주여행   경주 엑스포대공원,2025  08  16  토   푸른애벌레의 꿈   경주여행  둘째날  보문호 주변길 걷기  10시에  경주 엑스포대공원 입장   경주 엑스포기념관  천마의궁전   경주 타워  솔거미술관  자연사박물관 ,1박2일  경주여행   경주 엑스포대공원 2025  08  16  토   푸른애벌레의 꿈   경주여행  둘째날  보문호 주변길 걷기  10시에  경주 엑스포대공원 입장   경주 엑스포기념관  천마의궁전   경주 타워  솔거미술관  자연사박물관 
경주 여행,35,2020년 6월  경주여행  동방역 능소화 서출지 경북산림연구원 ,2020년 6월25일 목   경주여행  동방역 능소화 서출지 경북산림연구원 ,2020년 6월  경주여행  동방역 능소화 서출지 경북산림연구원  2020년 6월25일 목   경주여행  동방역 능소화 서출지 경북산림연구원 
경주 여행,36,모녀와 함께  경주여행     바보곰 블로그,모녀와 함께한  경주여행  2019 10 15  첨성대 야생화단지  계림  월지 안압지    계림 월지 안압지 의 야경  경주 박물관 10 16  김유신장군 묘,모녀와 함께  경주여행     바보곰 블로그 모녀와 함께한  경주여행  2019 10 15  첨성대 야생화단지  계림  월지 안압지    계림 월지 안압지 의 야경  경주 박물관 10 16  김유신장군 묘
경주 여행,37, 경주여행  석굴암,2018 10 7, 경주여행  석굴암 2018 10 7
경주 여행,38, 알라딘서재  100자평  일상이 고고학  나 혼자  경주 여행 ,일상이 고고학  나 혼자  경주 여행    개정증보판  일상이 고고학 시리즈 2 황윤 지음   책읽는고양이   2020년 10월 평점   삼국 시대에 관한 거의 모든 자료를 섭렵한 소장 역사학자의 순수한 시각과 생생한    , 알라딘서재  100자평  일상이 고고학  나 혼자  경주 여행  일상이 고고학  나 혼자  경주 여행    개정증보판  일상이 고고학 시리즈 2 황윤 지음   책읽는고양이   2020년 10월 평점   삼국 시대에 관한 거의 모든 자료를 섭렵한 소장 역사학자의 순수한 시각과 생생한    
경주 여행,39, 알라딘서재 일상이 고고학 나 혼자  경주 여행 ,일상이 고고학  나 혼자  경주 여행    개정증보판  일상이 고고학 시리즈 2 황윤 지음   책읽는고양이   2020년 10월 평점   수학 여행 으로 갔던  경주 의 추억을 또 다시 한번  경주 는 역사도 그렇고 알면 알수록    , 알라딘서재 일상이 고고학 나 혼자  경주 여행  일상이 고고학  나 혼자  경주 여행    개정증보판  일상이 고고학 시리즈 2 황윤 지음   책읽는고양이   2020년 10월 평점   수학 여행 으로 갔던  경주 의 추억을 또 다시 한번  경주 는 역사도 그렇고 알면 알수록    
경주 여행,40, 경주여행 경비 2박3일  경주여행  혼자서 떠난  경주 , 2박3일  경주여행     이동수단   시외버스   경주  내 버스 택시  시티투어버스   2박3일    Total  13 140  기타 생필품    여행 용 샴푸   린스   바디워시   버블망    5 490 Total 경비  148 080, 경주여행 경비 2박3일  경주여행  혼자서 떠난  경주   2박3일  경주여행     이동수단   시외버스   경주  내 버스 택시  시티투어버스   2박3일    Total  13 140  기타 생필품    여행 용 샴푸   린스   바디워시   버블망    5 490 Total 경비  148 080
경주 여행,41, 경북  경주여행  현대호텔  경주 ,  경주여행   경주  현대호텔 현대호텔  경주  보문수상공연장  경주  보문관광단지 보문호반길  경주 신라컨트리클럽   경주여행  숙박 현대호텔  방문일자  2016년 9월 7일 수  현대호텔  경주  경북  경주 시 신평동    , 경북  경주여행  현대호텔  경주    경주여행   경주  현대호텔 현대호텔  경주  보문수상공연장  경주  보문관광단지 보문호반길  경주 신라컨트리클럽   경주여행  숙박 현대호텔  방문일자  2016년 9월 7일 수  현대호텔  경주  경북  경주 시 신평동    
경주 여행,42, 경주여행 3 석굴암 불국사 ,09 43  경주여행 3 석굴암 불국사     여행 일시   2011년4월22일 4월24일    여행 장소   세째날 4월24일    석굴암  불국사    여행 참여   우리가족 9명 송국영 안종순 송진주 김홍식 김연우 송연주 조광민    , 경주여행 3 석굴암 불국사  09 43  경주여행 3 석굴암 불국사     여행 일시   2011년4월22일 4월24일    여행 장소   세째날 4월24일    석굴암  불국사    여행 참여   우리가족 9명 송국영 안종순 송진주 김홍식 김연우 송연주 조광민    
경주 여행,43,  경주여행   대릉원  스탬프투어  그 다섯번째 이야기  대릉원천마    ,경북 여행     경주여행     경주 스탬프투어    경주 오릉 대릉원 천마총    경주 오릉 교촌마을 투어를 마치고 다음으로 찾아간 곳은 바로   경주 오릉  이다 교촌마을을 돌면서 조금 지치는 듯한 느낌이 있었는데 맛나는    ,  경주여행   대릉원  스탬프투어  그 다섯번째 이야기  대릉원천마     경북 여행     경주여행     경주 스탬프투어    경주 오릉 대릉원 천마총    경주 오릉 교촌마을 투어를 마치고 다음으로 찾아간 곳은 바로   경주 오릉  이다 교촌마을을 돌면서 조금 지치는 듯한 느낌이 있었는데 맛나는    
경주 여행,44,  경주여행  유적지 트레킹, 대상지    경주여행  유적지 트레킹   소재지   경북  경주 시  일 자   2023 10 1  코 스   동궁과월지 반월상 교촌 대릉원 쪽샘44호고분 분황사 황룡사역사문화원 동궁과월지주차장   약 9 0Km  반월성에서    ,  경주여행  유적지 트레킹  대상지    경주여행  유적지 트레킹   소재지   경북  경주 시  일 자   2023 10 1  코 스   동궁과월지 반월상 교촌 대릉원 쪽샘44호고분 분황사 황룡사역사문화원 동궁과월지주차장   약 9 0Km  반월성에서    
경주 여행,45, 경주여행  동궁과 월지  안압지 야경보기 ,해외  여행  이야기  여행  후기  경주여행  동궁과 월지  안압지 야경보기  훌리아 2020  3  25  15 17 2019년 여름  경주  사진 보관 1 구독하기  해외  여행  이야기  여행  후기  Related Articles    , 경주여행  동궁과 월지  안압지 야경보기  해외  여행  이야기  여행  후기  경주여행  동궁과 월지  안압지 야경보기  훌리아 2020  3  25  15 17 2019년 여름  경주  사진 보관 1 구독하기  해외  여행  이야기  여행  후기  Related Articles    
경주 여행,46, 경주여행 ,2020년 06월 13 14일 토 일요일  오전 비 오후 맑음   경주 에서  고향친구들과 함께 신라대종 장맛비가 시작되는 육월중순 고향친구들과 함께  경주 에서 즐거운  여행 을 하다    대릉원 돌담길 걸어주고    황리단길도    , 경주여행  2020년 06월 13 14일 토 일요일  오전 비 오후 맑음   경주 에서  고향친구들과 함께 신라대종 장맛비가 시작되는 육월중순 고향친구들과 함께  경주 에서 즐거운  여행 을 하다    대릉원 돌담길 걸어주고    황리단길도    
경주 여행,47,  경주 여행  이야기가 있는  경주여행 , 여행  계명대학교  경주 동산병원  천년의 신라고도  경주여행    여행 일자  2016년 9월 7일 목    여행 인원  친구와 함께  경주 시외버스터미널 경북  경주 시 노서동 160 2 전화  1666 5599  경주 시외버스터미널    ,  경주 여행  이야기가 있는  경주여행   여행  계명대학교  경주 동산병원  천년의 신라고도  경주여행    여행 일자  2016년 9월 7일 목    여행 인원  친구와 함께  경주 시외버스터미널 경북  경주 시 노서동 160 2 전화  1666 5599  경주 시외버스터미널    
경주 여행,48, 알라딘서재  100자평  일상이 고고학  나 혼자  경주 여행 ,일상이 고고학  나 혼자  경주 여행    개정증보판   일상이 고고학 시리즈 2 황윤 지음   책읽는고양이    재미있게  경주 를  여행 하는데 길잡이가 되어주는 책입니다   경주 를 더 풍부하게 이해할 수 있어    , 알라딘서재  100자평  일상이 고고학  나 혼자  경주 여행  일상이 고고학  나 혼자  경주 여행    개정증보판   일상이 고고학 시리즈 2 황윤 지음   책읽는고양이    재미있게  경주 를  여행 하는데 길잡이가 되어주는 책입니다   경주 를 더 풍부하게 이해할 수 있어    
경주 여행,49, 경주 여행 코스 베스트 추천 top 10, 경주 여행 코스 베스트 추천 top 10  경주 여행 코스 베스트 추천 top 10곳을 소개합니다  1  황리단길 상호명  황리단길 주소  경상북도  경주 시 황남동 280 전화번호  미입력 관련 키워드  키워드    , 경주 여행 코스 베스트 추천 top 10  경주 여행 코스 베스트 추천 top 10  경주 여행 코스 베스트 추천 top 10곳을 소개합니다  1  황리단길 상호명  황리단길 주소  경상북도  경주 시 황남동 280 전화번호  미입력 관련 키워드  키워드    
경주 여행,50,  경주  가볼만한 곳   경주 여행  코스 뚜벅이로 불국사  석굴암 대중교    ,naver com loveartlove 223054447834 다시 서울로 올라갈 채비를 했다   경주    경주여행    경주 불국사  불국사  봄 여행   국보  다보탑  석가탑  석굴암입장료   경주 가볼만한곳,  경주  가볼만한 곳   경주 여행  코스 뚜벅이로 불국사  석굴암 대중교     naver com loveartlove 223054447834 다시 서울로 올라갈 채비를 했다   경주    경주여행    경주 불국사  불국사  봄 여행   국보  다보탑  석가탑  석굴암입장료   경주 가볼만한곳
경주 여행,51,  경주여행   불국사  스탬프투어 그 세번째 이야기  불국사   석굴암,방쌤의  경주여행  경북 여행     경주여행     경주 스탬프투어   가을 여행  불국사   석굴암 동리목월문학관 구경을 마치고 다음으로 내가 찾을 장소는  경주여행 의 핵심   경주여행 의 메카  바로 불국사와 석굴암이다    ,  경주여행   불국사  스탬프투어 그 세번째 이야기  불국사   석굴암 방쌤의  경주여행  경북 여행     경주여행     경주 스탬프투어   가을 여행  불국사   석굴암 동리목월문학관 구경을 마치고 다음으로 내가 찾을 장소는  경주여행 의 핵심   경주여행 의 메카  바로 불국사와 석굴암이다    
경주 여행,52,  경주여행   황리단길 한옥카페추천  카페 아덴 2호점,카페 아덴 2호점 위치   경북  경주 시 사정로 57 운영시간   매일 10시     경주 와서 빵으로 배채울수 없어서 안먹었어요        옛    실시간 예보하고 너무 화가났던         경주 커피 7 0 아덴의 시그니처    ,  경주여행   황리단길 한옥카페추천  카페 아덴 2호점 카페 아덴 2호점 위치   경북  경주 시 사정로 57 운영시간   매일 10시     경주 와서 빵으로 배채울수 없어서 안먹었어요        옛    실시간 예보하고 너무 화가났던         경주 커피 7 0 아덴의 시그니처    
경주 여행,53, 알라딘서재  100자평  일상이 고고학  나 혼자  경주 여행 ,일상이 고고학  나 혼자  경주 여행    개정증보판   일상이 고고학 시리즈 2 황윤 지음   책읽는고양이   2020년 10월 평점    경주 에 대한 아름다움을 느낄 수 있을 거 같은 책이라 기대됩니다, 알라딘서재  100자평  일상이 고고학  나 혼자  경주 여행  일상이 고고학  나 혼자  경주 여행    개정증보판   일상이 고고학 시리즈 2 황윤 지음   책읽는고양이   2020년 10월 평점    경주 에 대한 아름다움을 느낄 수 있을 거 같은 책이라 기대됩니다
경주 여행,54, 알라딘서재  경주 여행  필수책,되어주는 책 필요한 지식과 설명  이해를 돕는 사진과 정보 가득한 책 서울편에 이어  경주 편 들고 역사의 땅  경주여행  꿈꾸기  한옥에서 독서모임 하다가 이 책보고 바로 주문하신분들과 또 역사  여행  갈 예정, 알라딘서재  경주 여행  필수책 되어주는 책 필요한 지식과 설명  이해를 돕는 사진과 정보 가득한 책 서울편에 이어  경주 편 들고 역사의 땅  경주여행  꿈꾸기  한옥에서 독서모임 하다가 이 책보고 바로 주문하신분들과 또 역사  여행  갈 예정
경주 여행,55, 경주여행 3  경주 역에서 걸어서 대릉원까지 대릉원 담장길 걷기 2018 11    ,이번  여행 은 천천히 걸으며  경주 의 가을을 만끽하는 게 컨셉  마침 가을 분위기 한껏 고조시켜줄    벚나무가 길 좌우로 늘어서 있어  경주 여행  올 때마다 걸어보고 싶었던 길이다  차를 가지고 와서 늘 휙    , 경주여행 3  경주 역에서 걸어서 대릉원까지 대릉원 담장길 걷기 2018 11     이번  여행 은 천천히 걸으며  경주 의 가을을 만끽하는 게 컨셉  마침 가을 분위기 한껏 고조시켜줄    벚나무가 길 좌우로 늘어서 있어  경주 여행  올 때마다 걸어보고 싶었던 길이다  차를 가지고 와서 늘 휙    
경주 여행,56,Knowledge Box     경주 여행    슈만과 클라라, 경주 역 도착     제일 먼저 간 곳은 슈만과클라라 라는 cafe를 갔다  위치는 요기   여기를 버스를 타고 가려고 했는데 버스가 너무 안와서 택시를 타고 가기로 했다  그러나 다음 문제가 있었다  계속  여행 을    ,Knowledge Box     경주 여행    슈만과 클라라  경주 역 도착     제일 먼저 간 곳은 슈만과클라라 라는 cafe를 갔다  위치는 요기   여기를 버스를 타고 가려고 했는데 버스가 너무 안와서 택시를 타고 가기로 했다  그러나 다음 문제가 있었다  계속  여행 을    
경주 여행,57, 경주 여행   경주  황리단길 맛집  여도가주 영업종료,오늘은   경주 맛집  황리단길맛집  여주가주 이야기 함께해요  다만  현재 여도가주는 없어졌다는 게        저희  여행 의 기록이기도 해서 그냥 포스팅을 진행하니 이점 참고하세요  한옥의 외관이 눈길을 끌었던    , 경주 여행   경주  황리단길 맛집  여도가주 영업종료 오늘은   경주 맛집  황리단길맛집  여주가주 이야기 함께해요  다만  현재 여도가주는 없어졌다는 게        저희  여행 의 기록이기도 해서 그냥 포스팅을 진행하니 이점 참고하세요  한옥의 외관이 눈길을 끌었던    
경주 여행,58, 경주여행 2303       ,봄꽃 찾아   경주 로 갔습니다  벌써 3월 마지막 월요일  찾아간  경주 는 벚꽃과 상춘객으로 많이 붐볐습니다  집에서 점심을 먹고  집사람과 국도를 타고  천천히 올라가는 길 곳곳엔 벚꽃이 제자랑에 열중이라  참    , 경주여행 2303        봄꽃 찾아   경주 로 갔습니다  벌써 3월 마지막 월요일  찾아간  경주 는 벚꽃과 상춘객으로 많이 붐볐습니다  집에서 점심을 먹고  집사람과 국도를 타고  천천히 올라가는 길 곳곳엔 벚꽃이 제자랑에 열중이라  참    
경주 여행,59, 경주여행  첨성대 대릉원 주차,주차장 대릉원 주차장 여기도 매표를 해야 들어갈 수 있어서 그냥 혼자  여행 이고 하다보니 굳이 들어갈 필요성을 못 느꼈네요  편하게 드라이브삼아 둘러본  경주  그리고 그곳에서 만난 첨성대, 경주여행  첨성대 대릉원 주차 주차장 대릉원 주차장 여기도 매표를 해야 들어갈 수 있어서 그냥 혼자  여행 이고 하다보니 굳이 들어갈 필요성을 못 느꼈네요  편하게 드라이브삼아 둘러본  경주  그리고 그곳에서 만난 첨성대
경주 여행,60,  경주여행   황리단길 주전부리   황금십원빵  황남옥수수  청년분식, 경주  황리단길 주전부리  저녁먹기전에 출출해서 황리단길에 있는 주전부리 사서 우선 급한불 끄려 함  결론부터 말하자면 청년분식  십원빵  황남 옥수수 모두 아쉽     청년분식 비쥬얼이 우릴 유혹함 뭔가    ,  경주여행   황리단길 주전부리   황금십원빵  황남옥수수  청년분식  경주  황리단길 주전부리  저녁먹기전에 출출해서 황리단길에 있는 주전부리 사서 우선 급한불 끄려 함  결론부터 말하자면 청년분식  십원빵  황남 옥수수 모두 아쉽     청년분식 비쥬얼이 우릴 유혹함 뭔가    
경주 여행,61, 경주여행 13  경주 역앞 성동시장 구경 가을 기차 여행  피날레 2018 11 9 ,  즐거웠다   경주  가을 기차 여행   단풍을 맘껏 누리고 돌아가는 길  발떼샷 한 컷  노란 은행낙엽 위에 올려놓고 찍어야 하는데 아숩다  언니들 수고했어염  숙소를 변경한 건 신의 한 수  지도자 언니 짝짝짝  , 경주여행 13  경주 역앞 성동시장 구경 가을 기차 여행  피날레 2018 11 9    즐거웠다   경주  가을 기차 여행   단풍을 맘껏 누리고 돌아가는 길  발떼샷 한 컷  노란 은행낙엽 위에 올려놓고 찍어야 하는데 아숩다  언니들 수고했어염  숙소를 변경한 건 신의 한 수  지도자 언니 짝짝짝  
경주 여행,62,안녕 2014년  경주여행  3,2014년 마지막 날  경주 에서 멋진 선물을 받은거 같다  눈발이 날리기 시작한다  그리고 금방 하얀 세상으로 변한다  눈길을 산책하고    불국사역에서 기차를 타고  여행 을 마무리 한다  다시 화창해진 하늘       ,안녕 2014년  경주여행  3 2014년 마지막 날  경주 에서 멋진 선물을 받은거 같다  눈발이 날리기 시작한다  그리고 금방 하얀 세상으로 변한다  눈길을 산책하고    불국사역에서 기차를 타고  여행 을 마무리 한다  다시 화창해진 하늘       
경주 여행,63,  경주여행    경주 야경또다른매력  월정교,분위기 꼭 해지는 저녁에 월정교 방문하시길 추천드립니다 꺄 불켜진 월정교 신나서 사진찍는 중 월정교 야경을 마지막으로  경주 를 떠나갑니다 여기는 신라니까   신라 해장국    즐거웠던  경주여행 이었습니다,  경주여행    경주 야경또다른매력  월정교 분위기 꼭 해지는 저녁에 월정교 방문하시길 추천드립니다 꺄 불켜진 월정교 신나서 사진찍는 중 월정교 야경을 마지막으로  경주 를 떠나갑니다 여기는 신라니까   신라 해장국    즐거웠던  경주여행 이었습니다
경주 여행,64,  경주여행   황남맷돌순두부   두부보쌈  제육  순두부찌개 그리고 호    , 경주  황남맷돌순두부 영업시간이 8시30분까지   경주  황리단길을 시작으로 어지간한  밥집 은 영업마감이      경주 는 진짜 고기가 맛있는듯   두부도 순두부찌개도 맛나고  호랑이막걸리도 완전 맛있어서    ,  경주여행   황남맷돌순두부   두부보쌈  제육  순두부찌개 그리고 호      경주  황남맷돌순두부 영업시간이 8시30분까지   경주  황리단길을 시작으로 어지간한  밥집 은 영업마감이      경주 는 진짜 고기가 맛있는듯   두부도 순두부찌개도 맛나고  호랑이막걸리도 완전 맛있어서    
경주 여행,65, 경주 여행  마치고 울주,새벽에 비가오다가 그친다  하늘이 늠 예쁘다   경주 월드앞 블루판다에서 점심  맛있고 친절하다  떡갈비도 맛나고 계란찜도 굿  산풍경도 좋고 꽃도 예쁘다  행복한  경주  울주  여행 이다 , 경주 여행  마치고 울주 새벽에 비가오다가 그친다  하늘이 늠 예쁘다   경주 월드앞 블루판다에서 점심  맛있고 친절하다  떡갈비도 맛나고 계란찜도 굿  산풍경도 좋고 꽃도 예쁘다  행복한  경주  울주  여행 이다 
경주 여행,66, 경주여행  서출지  23  7 28 ,더운날씨 촬영에 임했던 네분의 사진가들에게 도촬하게 된점 미안하게 생각하며 더운날씨  경주  여러곳 촬영에 대작 담으시고 무사히 귀가 하셨을것을 빌어마지 않습니다 , 경주여행  서출지  23  7 28  더운날씨 촬영에 임했던 네분의 사진가들에게 도촬하게 된점 미안하게 생각하며 더운날씨  경주  여러곳 촬영에 대작 담으시고 무사히 귀가 하셨을것을 빌어마지 않습니다 
경주 여행,67, 알라딘서재  100자평  우리 아이 첫  경주 여행  1,우리 아이 첫  경주 여행  1   세계 문화유산을 찾아서  개정판   답사 바로하기 역사 바로보기 2 박광일 전향이 글   여행 이야기 기획   삼성당   2011년 4월 평점   초등학교 학생들이  경주  수학 여행  가기 전에    , 알라딘서재  100자평  우리 아이 첫  경주 여행  1 우리 아이 첫  경주 여행  1   세계 문화유산을 찾아서  개정판   답사 바로하기 역사 바로보기 2 박광일 전향이 글   여행 이야기 기획   삼성당   2011년 4월 평점   초등학교 학생들이  경주  수학 여행  가기 전에    
경주 여행,68, 알라딘서재  100자평  일상이 고고학  나 혼자  경주 여행 ,일상이 고고학  나 혼자  경주 여행    개정증보판   일상이 고고학 시리즈 2 황윤 지음   책읽는고양이     경주 땅에 묻힌 타임캡슐을 타고 신라를  여행 해보는 특별한 시간이 될것 같네요 , 알라딘서재  100자평  일상이 고고학  나 혼자  경주 여행  일상이 고고학  나 혼자  경주 여행    개정증보판   일상이 고고학 시리즈 2 황윤 지음   책읽는고양이     경주 땅에 묻힌 타임캡슐을 타고 신라를  여행 해보는 특별한 시간이 될것 같네요 
경주 여행,69, 경주 여행 ,오늘은  경주여행 하는 날  날씨가 더우니 마을식당에서 맛난 양념게장점심먹고 힐튼 호텔에서 커피한잔  보문단지 푸른 나무감상하며 씨유 커피한잔과 스콘의 행복   경주 월드 새 관람차가 보인다  한번 타볼까    , 경주 여행  오늘은  경주여행 하는 날  날씨가 더우니 마을식당에서 맛난 양념게장점심먹고 힐튼 호텔에서 커피한잔  보문단지 푸른 나무감상하며 씨유 커피한잔과 스콘의 행복   경주 월드 새 관람차가 보인다  한번 타볼까    
경주 여행,70, 경주여행  안압지 야경투어,방문한날은 아마도 보름달이 뜨는날이었나보다  하늘엔 휘황청밝은 발이 연못에 빠져있어 야경과 함께 정말 멋진 야경을 보여줬다  이래서  경주여행 객을 밤이면 밤마다 이곳 안압지를 찾게하나보다 , 경주여행  안압지 야경투어 방문한날은 아마도 보름달이 뜨는날이었나보다  하늘엔 휘황청밝은 발이 연못에 빠져있어 야경과 함께 정말 멋진 야경을 보여줬다  이래서  경주여행 객을 밤이면 밤마다 이곳 안압지를 찾게하나보다 
경주 여행,71, 알라딘서재  100자평  우리 아이 첫  경주 여행  2,우리 아이 첫  경주 여행  2   땅 속에서 찾아 낸 신라의 꿈   답사 바로하기 역사 바로보기 13 박광일    2004년 7월 평점   구판절판  경주 여행  갈 때 들고간 책이다  아이들 눈높이에 맞춰진 책이다 , 알라딘서재  100자평  우리 아이 첫  경주 여행  2 우리 아이 첫  경주 여행  2   땅 속에서 찾아 낸 신라의 꿈   답사 바로하기 역사 바로보기 13 박광일    2004년 7월 평점   구판절판  경주 여행  갈 때 들고간 책이다  아이들 눈높이에 맞춰진 책이다 
경주 여행,72, 알라딘서재  100자평  일상이 고고학  나 혼자  경주 여행 ,일상이 고고학  나 혼자  경주 여행    개정증보판   일상이 고고학 시리즈 2 황윤 지음   책읽는고양이   2020년 10월 평점   유익한 책인 것 같아요, 알라딘서재  100자평  일상이 고고학  나 혼자  경주 여행  일상이 고고학  나 혼자  경주 여행    개정증보판   일상이 고고학 시리즈 2 황윤 지음   책읽는고양이   2020년 10월 평점   유익한 책인 것 같아요
경주 여행,73, 알라딘서재 역사 관심 갖기 시작해서 함께 읽었어요,갖길래  경주 여행 을 생각하고 있었는데   경주 를 그리는 마음을 접하게 됐어요   경주 에 좋은 기억을 가지고 있는데  아이도 신라를 배운 뒤라 그런지 책을 읽는 동안 배운 내용을 생각하며   경주 의 유적지들을    , 알라딘서재 역사 관심 갖기 시작해서 함께 읽었어요 갖길래  경주 여행 을 생각하고 있었는데   경주 를 그리는 마음을 접하게 됐어요   경주 에 좋은 기억을 가지고 있는데  아이도 신라를 배운 뒤라 그런지 책을 읽는 동안 배운 내용을 생각하며   경주 의 유적지들을    
경주 여행,74,3월의  경주여행 2 ,매화와 산수유 만발  보문단지 호수가 산책  행복한  경주여행  마무리 ,3월의  경주여행 2  매화와 산수유 만발  보문단지 호수가 산책  행복한  경주여행  마무리 
경주 여행,75, 알라딘서재  100자평  일상이 고고학  나 혼자  경주 여행 ,일상이 고고학  나 혼자  경주 여행  일상이 시리즈 3 황윤 지음   책읽는고양이   2020년 10월 평점    경주  마니아가 알려주는  경주  탐방기라 그런지  경주 에 대한 알찬 설명들이 좋습니다 , 알라딘서재  100자평  일상이 고고학  나 혼자  경주 여행  일상이 고고학  나 혼자  경주 여행  일상이 시리즈 3 황윤 지음   책읽는고양이   2020년 10월 평점    경주  마니아가 알려주는  경주  탐방기라 그런지  경주 에 대한 알찬 설명들이 좋습니다 
경주 여행,76, 알라딘서재  100자평  일상이 고고학  나 혼자  경주 여행 ,일상이 고고학  나 혼자  경주 여행    개정증보판   일상이 고고학 시리즈 2 황윤 지음   책읽는고양이   2020년 10월 평점   아름다운  경주 의 풍경에 고고학을 더하여 우리의  여행 에 지적 힐링을 안겨줘서    , 알라딘서재  100자평  일상이 고고학  나 혼자  경주 여행  일상이 고고학  나 혼자  경주 여행    개정증보판   일상이 고고학 시리즈 2 황윤 지음   책읽는고양이   2020년 10월 평점   아름다운  경주 의 풍경에 고고학을 더하여 우리의  여행 에 지적 힐링을 안겨줘서    
경주 여행,77,  경주여행   주상절리   경주  스탬프투어 그 첫번째 목적지  주상절    , 경주여행    스탬프투어   주상절리   해변둘레길  경주  주상절리 파도소리길 드디어 시작되는  경주여행   여행 에 대한 설램 때문이었을까  오랫만에 밤잠을 설치다가 깨서 시계를 보니 6시가 조금 되지 않은 시간    ,  경주여행   주상절리   경주  스탬프투어 그 첫번째 목적지  주상절      경주여행    스탬프투어   주상절리   해변둘레길  경주  주상절리 파도소리길 드디어 시작되는  경주여행   여행 에 대한 설램 때문이었을까  오랫만에 밤잠을 설치다가 깨서 시계를 보니 6시가 조금 되지 않은 시간    
경주 여행,78,2FeRed s Conundrum of Life      경주여행   불국사  황남빵  교리김밥  산내소    ,Theme 불국사  황남빵  교리김밥  산내소고기 울산  Comments 후배녀석과 같이 갔던 짧은 1박2일의  경주   울산 여행  불국사에서 승의군과 천마총에서 첨성대쪽으로 난 길을 내려오다가 있는 나무그늘 내부전경       ,2FeRed s Conundrum of Life      경주여행   불국사  황남빵  교리김밥  산내소     Theme 불국사  황남빵  교리김밥  산내소고기 울산  Comments 후배녀석과 같이 갔던 짧은 1박2일의  경주   울산 여행  불국사에서 승의군과 천마총에서 첨성대쪽으로 난 길을 내려오다가 있는 나무그늘 내부전경       
경주 여행,79, 알라딘서재  100자평  일상이 고고학  나 혼자  경주 여행 ,개정증보판   일상이 고고학 시리즈 2 황윤 지음   책읽는고양이   2020년 10월 평점   어려서 그냥 학교에서 갔던  경주 가 지금 커서 공부하고 가니 또 다른 느낌이었습니다  꼭 읽어보시고  경주여행  가보세요, 알라딘서재  100자평  일상이 고고학  나 혼자  경주 여행  개정증보판   일상이 고고학 시리즈 2 황윤 지음   책읽는고양이   2020년 10월 평점   어려서 그냥 학교에서 갔던  경주 가 지금 커서 공부하고 가니 또 다른 느낌이었습니다  꼭 읽어보시고  경주여행  가보세요
경주 여행,80, 알라딘서재  100자평  일상이 고고학  나 혼자  경주 여행 ,혼자  경주 여행    개정증보판   일상이 고고학 시리즈 2 황윤 지음   책읽는고양이   2020년 10월 평점    경주  이야기는 봐도봐도 들어도들어도 재미있는거 같습니다  작가님의 혼자  경주 여행 기 기대해봅니다 , 알라딘서재  100자평  일상이 고고학  나 혼자  경주 여행  혼자  경주 여행    개정증보판   일상이 고고학 시리즈 2 황윤 지음   책읽는고양이   2020년 10월 평점    경주  이야기는 봐도봐도 들어도들어도 재미있는거 같습니다  작가님의 혼자  경주 여행 기 기대해봅니다 
경주 여행,81, 경주 여행 ,매화꽃과 산수유 예쁜  경주 로 간다  날씨가 늠 따뜻하다  바람도 많이 불고 봄햇살은 따뜻  점심먹고 늘 궁금해 했었던 황룡원을 돌아봤다  동국재단에서 운영하는 연수원인데 넘 웅장하고 잘꾸며져있다     , 경주 여행  매화꽃과 산수유 예쁜  경주 로 간다  날씨가 늠 따뜻하다  바람도 많이 불고 봄햇살은 따뜻  점심먹고 늘 궁금해 했었던 황룡원을 돌아봤다  동국재단에서 운영하는 연수원인데 넘 웅장하고 잘꾸며져있다     
경주 여행,82,  경주 여행   맷돌순부두 옆집 정화 송이 순두부   맛집의 옆집, 여행 지 아니라도 가격은 비싸니까  기본 반찬 셋팅 생선구이가 나와서 후배가 맛있게 섬세하게 발라줬다  하얀 순두부가 있었다니  맑은 순두부는 처음본다  파전도 하나  주문   경주  새송이 생탁주도 주문  낮술    ,  경주 여행   맷돌순부두 옆집 정화 송이 순두부   맛집의 옆집  여행 지 아니라도 가격은 비싸니까  기본 반찬 셋팅 생선구이가 나와서 후배가 맛있게 섬세하게 발라줬다  하얀 순두부가 있었다니  맑은 순두부는 처음본다  파전도 하나  주문   경주  새송이 생탁주도 주문  낮술    
경주 여행,83,  경주여행   경주 남산 칠불암 가는길, 경주  톨케이트입니다  경주 에 진입하였읍니다 서라벌 휴게소입니다 나는 통일전 주차장에 주차 하지 아니하고 염불사지 삼층석탑옆에 주차하였다 여기는 일찍 도착하여야 주차할수있다 나는 아침 7시에    ,  경주여행   경주 남산 칠불암 가는길  경주  톨케이트입니다  경주 에 진입하였읍니다 서라벌 휴게소입니다 나는 통일전 주차장에 주차 하지 아니하고 염불사지 삼층석탑옆에 주차하였다 여기는 일찍 도착하여야 주차할수있다 나는 아침 7시에    
경주 여행,84, 알라딘서재  100자평  일상이 고고학  나 혼자  경주 여행 ,일상이 고고학  나 혼자  경주 여행    개정증보판   일상이 고고학 시리즈 2 황윤 지음   책읽는고양이   2020년 10월 평점   이런 책 너무 좋아함  더구나  경주 라서 너무 마음에 듦  중학교 수학 여행 으로 왔던    , 알라딘서재  100자평  일상이 고고학  나 혼자  경주 여행  일상이 고고학  나 혼자  경주 여행    개정증보판   일상이 고고학 시리즈 2 황윤 지음   책읽는고양이   2020년 10월 평점   이런 책 너무 좋아함  더구나  경주 라서 너무 마음에 듦  중학교 수학 여행 으로 왔던    
경주 여행,85, 경주 여행 ,국내 여행  사진 국내 테마 여행   경주 여행  Theodor 2017  4  18  08 11 벚꽃이 거의 떨어지고 새잎이 나는 시기라 아쉬움 속에  경주 에 가다  대능원 출입문과 대능원의 소나무 숲 천마총 안압지 분황사 모전석탑   원래    , 경주 여행  국내 여행  사진 국내 테마 여행   경주 여행  Theodor 2017  4  18  08 11 벚꽃이 거의 떨어지고 새잎이 나는 시기라 아쉬움 속에  경주 에 가다  대능원 출입문과 대능원의 소나무 숲 천마총 안압지 분황사 모전석탑   원래    
경주 여행,86,  경주여행   힐튼호텔,한국에는 서울과  경주 에 호텔 체인이 있다  이상 두산백과  참고로  미국의 저명한 모델이자    철저히 손님을 배려한 호텔  그래서 2박 3일  경주여행 은 더 즐거울 수밖에 없었다 ,  경주여행   힐튼호텔 한국에는 서울과  경주 에 호텔 체인이 있다  이상 두산백과  참고로  미국의 저명한 모델이자    철저히 손님을 배려한 호텔  그래서 2박 3일  경주여행 은 더 즐거울 수밖에 없었다 
경주 여행,87, 경주여행  토함산 단풍터널   자연이 그려 낸 수채화     17년11월17일    , 경주 로 떠나는 단풍 여행 은 그윽한 숲길 두 곳을 느긋이 걷는 일이었다  불국사와 석굴암을 잇는 토함산 숲길과 함월산 수렛제를 넘는 고갯길은 굳이 신라 역사를 몰라도 걷기에 좋은 길이다   경주  시내를    , 경주여행  토함산 단풍터널   자연이 그려 낸 수채화     17년11월17일      경주 로 떠나는 단풍 여행 은 그윽한 숲길 두 곳을 느긋이 걷는 일이었다  불국사와 석굴암을 잇는 토함산 숲길과 함월산 수렛제를 넘는 고갯길은 굳이 신라 역사를 몰라도 걷기에 좋은 길이다   경주  시내를    
경주 여행,88, 경주여행  배롱나무가 핀 첨성대 야경 16년8월18일 , 경주 를 수학 여행  때 다녀오고 단 한번도 가지 않은 사람  심지어 자녀의 역사유적 답사에 동행해서    이런 곳은 아무리 생각해봐도 국내에선  경주  밖에 없다   경주여행 의 특징 중 하나는 평온한 자연    , 경주여행  배롱나무가 핀 첨성대 야경 16년8월18일   경주 를 수학 여행  때 다녀오고 단 한번도 가지 않은 사람  심지어 자녀의 역사유적 답사에 동행해서    이런 곳은 아무리 생각해봐도 국내에선  경주  밖에 없다   경주여행 의 특징 중 하나는 평온한 자연    
경주 여행,89, 경주 황리단길카페   경주여행  카페능,카페능은 황리단길 메인거리내에 위치해 있어서 거리를 둘러보며 뚜벅이  여행 중에 쉬기 좋은 곳입니다  인테리어도 예쁘게 되어 있어서 더욱 눈길이 가는 카페입니다   경주 황리단길카페   경주여행  카페능 날씨    , 경주 황리단길카페   경주여행  카페능 카페능은 황리단길 메인거리내에 위치해 있어서 거리를 둘러보며 뚜벅이  여행 중에 쉬기 좋은 곳입니다  인테리어도 예쁘게 되어 있어서 더욱 눈길이 가는 카페입니다   경주 황리단길카페   경주여행  카페능 날씨    
경주 여행,90,경북 여행   경주여행   경주 가볼만한곳 국밥맛집   수백당  경주 보문단    ,com 633 경북 여행   경주여행   경주 가볼만한곳  경주 교촌마을   교촌홍보관  아이와가볼만한곳 가족과가볼 2024년8월31일 가족과 함께한  여행  기록오늘은 가족 모임이 있어서 경북  경주 에 가게 되었어요3시에    ,경북 여행   경주여행   경주 가볼만한곳 국밥맛집   수백당  경주 보문단     com 633 경북 여행   경주여행   경주 가볼만한곳  경주 교촌마을   교촌홍보관  아이와가볼만한곳 가족과가볼 2024년8월31일 가족과 함께한  여행  기록오늘은 가족 모임이 있어서 경북  경주 에 가게 되었어요3시에    
경주 여행,91,  경주 여행   불국사역   경주 역에서 동대구까지 기차 무궁화호  시간    , 경주 역은 시외 고속 버스터미널과 신 경주 역이 모두 거리가 있어서  어디로  여행 할 지에 따라 대중 교통 종류가 달라지는데  서울이나 대전    경주  까지 2시간 이상 걸리는 먼 코스라고    ,  경주 여행   불국사역   경주 역에서 동대구까지 기차 무궁화호  시간      경주 역은 시외 고속 버스터미널과 신 경주 역이 모두 거리가 있어서  어디로  여행 할 지에 따라 대중 교통 종류가 달라지는데  서울이나 대전    경주  까지 2시간 이상 걸리는 먼 코스라고    
경주 여행,92, 알라딘서재  100자평  일상이 고고학  나 혼자  경주 여행 ,지음   책읽는고양이   2020년 10월 평점    경주  정말 좋아하는 도시입니다  시간 여행 하는 기분이 들어서 행복하거든요  코로나때문에  경주여행 도 꿈이 되어버렸네요  이 책으로 나 혼자  경주여행  해보고 싶네요 , 알라딘서재  100자평  일상이 고고학  나 혼자  경주 여행  지음   책읽는고양이   2020년 10월 평점    경주  정말 좋아하는 도시입니다  시간 여행 하는 기분이 들어서 행복하거든요  코로나때문에  경주여행 도 꿈이 되어버렸네요  이 책으로 나 혼자  경주여행  해보고 싶네요 
경주 여행,93, 경주 여행  ,파란 하늘 흰구름 동동 맑고 아름다운 날 신나게 고속도로를 달려  경주 로 간다  오늘은 힐링  여행   산송이 한우구이  언양불고기와 더덕구이로 자알 먹고 빵이랑 라떼한잔하고 노천온천으로 간다  파란하늘 보며    , 경주 여행   파란 하늘 흰구름 동동 맑고 아름다운 날 신나게 고속도로를 달려  경주 로 간다  오늘은 힐링  여행   산송이 한우구이  언양불고기와 더덕구이로 자알 먹고 빵이랑 라떼한잔하고 노천온천으로 간다  파란하늘 보며    
경주 여행,94, 알라딘서재  100자평  일상이 고고학  나 혼자  경주 여행 ,2020년 10월 평점   매년 봄 가을이면  경주여행 을 꿈꾸지만 아직도 실천 못하고 있는 사람입니다     이 책 읽고  경주 여행 가면 좀 더 알차게  경주 를 느낄 수 있을 것 같아 기대되요  열심히 읽어보겠습니다 , 알라딘서재  100자평  일상이 고고학  나 혼자  경주 여행  2020년 10월 평점   매년 봄 가을이면  경주여행 을 꿈꾸지만 아직도 실천 못하고 있는 사람입니다     이 책 읽고  경주 여행 가면 좀 더 알차게  경주 를 느낄 수 있을 것 같아 기대되요  열심히 읽어보겠습니다 
경주 여행,95, 알라딘서재  100자평  일상이 고고학  나 혼자  경주 여행 ,일상이 고고학  나 혼자  경주 여행    개정증보판   일상이 고고학 시리즈 2 황윤 지음   책읽는고양이   2020년 10월 평점    경주 를 가본 적이 몇 번 있지만  제대로된 구경을 해보지 못 한 것 같네요  코로나로    , 알라딘서재  100자평  일상이 고고학  나 혼자  경주 여행  일상이 고고학  나 혼자  경주 여행    개정증보판   일상이 고고학 시리즈 2 황윤 지음   책읽는고양이   2020년 10월 평점    경주 를 가본 적이 몇 번 있지만  제대로된 구경을 해보지 못 한 것 같네요  코로나로    
경주 여행,96, 알라딘서재  100자평  일상이 고고학  나 혼자  경주 여행 ,일상이 고고학  나 혼자  경주 여행    개정증보판   일상이 고고학 시리즈 2 황윤 지음   책읽는고양이   2020년 10월 평점   수학 여행  이후로 가보지 못했던  경주여행 에 대해 다시 생각해보게 되네요   경주 와    , 알라딘서재  100자평  일상이 고고학  나 혼자  경주 여행  일상이 고고학  나 혼자  경주 여행    개정증보판   일상이 고고학 시리즈 2 황윤 지음   책읽는고양이   2020년 10월 평점   수학 여행  이후로 가보지 못했던  경주여행 에 대해 다시 생각해보게 되네요   경주 와    
경주 여행,97,  경주여행 1   경주  나정맛집  나정에가면  라면맛집   경주 에도 바다가    ,나정에가면  경주여행  스토리 올려드릴께요   경주 에도 바다가 있다는 사실 아시나요   여행 지를 정하면서 저는 바다가 가고 싶었고  남편은 역사를 좋아해서 유적지가 있는  경주 에 가고 싶어했어요  그러던    ,  경주여행 1   경주  나정맛집  나정에가면  라면맛집   경주 에도 바다가     나정에가면  경주여행  스토리 올려드릴께요   경주 에도 바다가 있다는 사실 아시나요   여행 지를 정하면서 저는 바다가 가고 싶었고  남편은 역사를 좋아해서 유적지가 있는  경주 에 가고 싶어했어요  그러던    
경주 여행,98,가을  경주 여행  , 경주  도착  오늘은 작년 여름  경주여행 코스였던 서출지와 통일전 그리고 산림 연구원 둘러보고 핑크뮬리 예쁜 첨성대주변  황리단길 구경하고 헉헉  점심먹고 커피한잔 하면서 숨돌린다  조금씩 가을이 찾아오는    ,가을  경주 여행    경주  도착  오늘은 작년 여름  경주여행 코스였던 서출지와 통일전 그리고 산림 연구원 둘러보고 핑크뮬리 예쁜 첨성대주변  황리단길 구경하고 헉헉  점심먹고 커피한잔 하면서 숨돌린다  조금씩 가을이 찾아오는    
경주 여행,99, 알라딘서재  100자평  일상이 고고학  나 혼자  경주 여행 ,일상이 고고학  나 혼자  경주 여행    개정증보판  일상이 고고학 시리즈 2 황윤 지음   책읽는고양이   2020년 10월 평점   수학 여행  때는 역사의 의미를 모르고 지나쳤지만 이제는 작은 풍경 하나하나에서    , 알라딘서재  100자평  일상이 고고학  나 혼자  경주 여행  일상이 고고학  나 혼자  경주 여행    개정증보판  일상이 고고학 시리즈 2 황윤 지음   책읽는고양이   2020년 10월 평점   수학 여행  때는 역사의 의미를 모르고 지나쳤지만 이제는 작은 풍경 하나하나에서    
경주 여행,100, 알라딘서재  100자평  일상이 고고학  나 혼자  경주 여행 ,앞서  출간된 일상이 고고학  나혼자 백제  여행  에 이어 이번엔  경주 여행 입니다  전작인 백제  여행 이 만족 스러웠던 분들이라면 이번  경주 여행 에도 무조건 탑승 하시길 바랍니다 , 알라딘서재  100자평  일상이 고고학  나 혼자  경주 여행  앞서  출간된 일상이 고고학  나혼자 백제  여행  에 이어 이번엔  경주 여행 입니다  전작인 백제  여행 이 만족 스러웠던 분들이라면 이번  경주 여행 에도 무조건 탑승 하시길 바랍니다 
경주 여행,101, 경북  경주여행  천문 기상 관측대  첨성대,  여행 일자  2016년 9월 7일 목    여행 인원  친구와 함께 첨성대 경북  경주 시 인왕동 839 1 전화  054 779 8741 첨성대 관람료는 무료     경북  경주여행  이야기가 있는  경주여행  첨성대에서 바라본 대릉원 야경    , 경북  경주여행  천문 기상 관측대  첨성대   여행 일자  2016년 9월 7일 목    여행 인원  친구와 함께 첨성대 경북  경주 시 인왕동 839 1 전화  054 779 8741 첨성대 관람료는 무료     경북  경주여행  이야기가 있는  경주여행  첨성대에서 바라본 대릉원 야경    
경주 여행,102, 경주여행 은 원데이 택시투어 ,감사합니다 D 구매하러가기 https   smartstore naver com dptour products 5981873243  경주  핫플레이스 원데이택시투어   돌고래 여행 사 돌핀스토어  경주  핫플레이스 원데이택시투어 smartstore naver com, 경주여행 은 원데이 택시투어  감사합니다 D 구매하러가기 https   smartstore naver com dptour products 5981873243  경주  핫플레이스 원데이택시투어   돌고래 여행 사 돌핀스토어  경주  핫플레이스 원데이택시투어 smartstore naver com
경주 여행,103, 경주 여행  출장  깨끗하고 조식이 제공되는 에이치에비뉴 호텔을 소    , 경주  불국사까지 도보로 단 15분 거리에 있어서   여행 의 피로함을 조금이나마 덜 수 있었습니다  아침 일찍 불국사를 방문해 한적하고 고요한 분위기 속에서 산책을 즐기기에 최적의 위치였습니다  꿀스테이    , 경주 여행  출장  깨끗하고 조식이 제공되는 에이치에비뉴 호텔을 소      경주  불국사까지 도보로 단 15분 거리에 있어서   여행 의 피로함을 조금이나마 덜 수 있었습니다  아침 일찍 불국사를 방문해 한적하고 고요한 분위기 속에서 산책을 즐기기에 최적의 위치였습니다  꿀스테이    
경주 여행,104,루비의 정원    설연휴  경주 여행   신 경주 역에서 시작하세요, 신청은 신 경주 역  여행  센터  광활한 부지에 자리잡은 신 경주 역은 역사 마당도 엄청나게 너른데    연휴  여행 을 계획하고 계신 분은 KTX를 이용한  경주 여행 은 어떠하신지       Copyright 2011  루비  All pictures    ,루비의 정원    설연휴  경주 여행   신 경주 역에서 시작하세요  신청은 신 경주 역  여행  센터  광활한 부지에 자리잡은 신 경주 역은 역사 마당도 엄청나게 너른데    연휴  여행 을 계획하고 계신 분은 KTX를 이용한  경주 여행 은 어떠하신지       Copyright 2011  루비  All pictures    
경주 여행,105,  여행  울산  경주 여행  Part4   동궁과 월지  빛누리정원  성호리조트,장생포는 고래문화특구 라는 이름으로 고래를 주제로 한 다채로운 관광지를 형성해두었는데 사실 고래박물관이나 생태체 jinstistory tistory com 2023 08 16     여행  국내 여행       여행  울산  경주 여행  Part3    경주     ,  여행  울산  경주 여행  Part4   동궁과 월지  빛누리정원  성호리조트 장생포는 고래문화특구 라는 이름으로 고래를 주제로 한 다채로운 관광지를 형성해두었는데 사실 고래박물관이나 생태체 jinstistory tistory com 2023 08 16     여행  국내 여행       여행  울산  경주 여행  Part3    경주     
경주 여행,106,경북  경주여행  왕의 다리   경주  월정교      18년7월21일 ,잠시 교촌마을에 도착하니 뜻하지 않은 행사에 잠시 쉬어간다 최근  경주 를  여행 하는 이들이 꼭 빼놓지    연인과 함께  경주 여행 을 떠나게 될 당신을 위한 야경 투어 코스를 소개한다   경주 여행 을 준비하고 있는    ,경북  경주여행  왕의 다리   경주  월정교      18년7월21일  잠시 교촌마을에 도착하니 뜻하지 않은 행사에 잠시 쉬어간다 최근  경주 를  여행 하는 이들이 꼭 빼놓지    연인과 함께  경주 여행 을 떠나게 될 당신을 위한 야경 투어 코스를 소개한다   경주 여행 을 준비하고 있는    
경주 여행,107,경북  경주여행  불국사 단아함과 정숙함이 묻어나는 겹벚꽃 왕벚꽃     ,벚꽃이 다 지고나면 피는 겹벗꽃 봄  여행 을 즐기는 고수라면 서둘러  경주 행 티켓을 예약하자  또다시  경주 가 들썩이고 있다 다  경주 지역 벚꽃은 거의 떨어지고 불국사 쪽이 겹벚꽃으로 유명하다  불국사 입구에    ,경북  경주여행  불국사 단아함과 정숙함이 묻어나는 겹벚꽃 왕벚꽃      벚꽃이 다 지고나면 피는 겹벗꽃 봄  여행 을 즐기는 고수라면 서둘러  경주 행 티켓을 예약하자  또다시  경주 가 들썩이고 있다 다  경주 지역 벚꽃은 거의 떨어지고 불국사 쪽이 겹벚꽃으로 유명하다  불국사 입구에    
경주 여행,108, 경주여행  보문단지 벚꽃은 보문호반길 화사한 봄 선사하는 벗꽃 17    ,최적의  여행 지이다  차없는 도로 및 벗꽃길 이른 시각에 와야 제대로 힐링 되는 곳이다  만개해 아름다운 경관을 이루고 있다  경주 보문단지는  경주 시가지에서 동쪽으로 약 10여  정도 떨어진 명활산 옛성터에    , 경주여행  보문단지 벚꽃은 보문호반길 화사한 봄 선사하는 벗꽃 17     최적의  여행 지이다  차없는 도로 및 벗꽃길 이른 시각에 와야 제대로 힐링 되는 곳이다  만개해 아름다운 경관을 이루고 있다  경주 보문단지는  경주 시가지에서 동쪽으로 약 10여  정도 떨어진 명활산 옛성터에    
경주 여행,109,경북  경주여행  1일차 하얀 목련이 필때면    경주  대릉원 목련 낮풍경    ,최근  경주 를  여행 하는 이들이 꼭 빼놓지 않는  여행 코스가 있다  다름 아닌  경주 의 야경을 둘러보는 것     연인과 함께  경주 여행 을 떠나게 될 당신을 위한 야경 투어 코스를 소개한다   경주 여행 을 준비하고 있는    ,경북  경주여행  1일차 하얀 목련이 필때면    경주  대릉원 목련 낮풍경     최근  경주 를  여행 하는 이들이 꼭 빼놓지 않는  여행 코스가 있다  다름 아닌  경주 의 야경을 둘러보는 것     연인과 함께  경주 여행 을 떠나게 될 당신을 위한 야경 투어 코스를 소개한다   경주 여행 을 준비하고 있는    
경주 여행,110,설레임 패밀리 일상,오늘의 목적지는  경주  회사 제휴로 숙소를 저렴하게 예약하고  경주 로 나선다   경주 에 도착하자마자 배가 고파서 우리가족이 좋아하는 국수집을 찾아본다  와이프가 검색해서 찾아간 곳은 갈비랑 국수랑    ,설레임 패밀리 일상 오늘의 목적지는  경주  회사 제휴로 숙소를 저렴하게 예약하고  경주 로 나선다   경주 에 도착하자마자 배가 고파서 우리가족이 좋아하는 국수집을 찾아본다  와이프가 검색해서 찾아간 곳은 갈비랑 국수랑    
경주 여행,111,14개월 아기랑  경주여행  후기  정글의 법칙 미디어 파크  버드파크      ,그래도  여행  일정중에 비가온다면 다녀오기 딱 좋은 곳 같다   경주  버드파크 위치  경북  경주 시 보문로 74 14  북군동 185 1  전화  054 777 7200 운영시간  10 00   19 00 입장료   대인  20 000원  소인  15 000원    ,14개월 아기랑  경주여행  후기  정글의 법칙 미디어 파크  버드파크       그래도  여행  일정중에 비가온다면 다녀오기 딱 좋은 곳 같다   경주  버드파크 위치  경북  경주 시 보문로 74 14  북군동 185 1  전화  054 777 7200 운영시간  10 00   19 00 입장료   대인  20 000원  소인  15 000원    
경주 여행,112, 경주여행  야경이 이쁜 안압지 첨성대 16년3월31일 ,어울린다  경주 여행 에서 빠질수 없는 관광지 중 하나인 첨성대   첨성대는 신라시대에 별을 관측하기        최근  경주 를  여행 하는 이들이 꼭 빼놓지 않는  여행 코스가 있다  다름 아닌  경주 의 야경을 둘러보는 것     , 경주여행  야경이 이쁜 안압지 첨성대 16년3월31일  어울린다  경주 여행 에서 빠질수 없는 관광지 중 하나인 첨성대   첨성대는 신라시대에 별을 관측하기        최근  경주 를  여행 하는 이들이 꼭 빼놓지 않는  여행 코스가 있다  다름 아닌  경주 의 야경을 둘러보는 것     
경주 여행,113, 경주여행  세계문화유산  경주  양동마을 봄나들이 18년3월29일 ,시간 여행 을 떠나고 싶다면 옛 조상들의 삶의 모습을 고스란히 간직한 채 수백 년의 숨결을 이어 온 양동마을이 제격이 아닐까  주소 경상북도  경주 시 강동면 양동마을길 138 18 지번 경상북도  경주 시 강동면    , 경주여행  세계문화유산  경주  양동마을 봄나들이 18년3월29일  시간 여행 을 떠나고 싶다면 옛 조상들의 삶의 모습을 고스란히 간직한 채 수백 년의 숨결을 이어 온 양동마을이 제격이 아닐까  주소 경상북도  경주 시 강동면 양동마을길 138 18 지번 경상북도  경주 시 강동면    
경주 여행,114, 경주 여행 에서 많은 사람들이 지나치는 곳,몇몇 지인들의 경험과 제 생각을 더해   경주 여행 에서 좀 더 주목하면 좋을 만한 장소들을 정리해    고즈넉한 산사  옥천사  경주 는 수학 여행 의 성지이자 역사 탐방의 중심지로 알려져 있지만  그 주변으로    , 경주 여행 에서 많은 사람들이 지나치는 곳 몇몇 지인들의 경험과 제 생각을 더해   경주 여행 에서 좀 더 주목하면 좋을 만한 장소들을 정리해    고즈넉한 산사  옥천사  경주 는 수학 여행 의 성지이자 역사 탐방의 중심지로 알려져 있지만  그 주변으로    
경주 여행,115, 알라딘서재  100자평  일상이 고고학  나 혼자  경주 여행 ,일상이 고고학  나 혼자  경주 여행    개정증보판   일상이 고고학 시리즈 2 황윤 지음   책읽는고양이   2020년 10월 평점   역사를 사랑하고 덕질하는 사람의 눈으로 바라본  경주   아는 만큼 보이고  사랑하는    , 알라딘서재  100자평  일상이 고고학  나 혼자  경주 여행  일상이 고고학  나 혼자  경주 여행    개정증보판   일상이 고고학 시리즈 2 황윤 지음   책읽는고양이   2020년 10월 평점   역사를 사랑하고 덕질하는 사람의 눈으로 바라본  경주   아는 만큼 보이고  사랑하는    
경주 여행,116, 경주여행  20200727,08 02  경주여행  20200728  0  2020 08 02  경주여행  20200727  0  2020 08 02 1일 3평화  0  2020 07 13 강릉 여행  서나무  0  2020 07 08 강릉 여행   0  2020 07 08, 경주여행  20200727 08 02  경주여행  20200728  0  2020 08 02  경주여행  20200727  0  2020 08 02 1일 3평화  0  2020 07 13 강릉 여행  서나무  0  2020 07 08 강릉 여행   0  2020 07 08
경주 여행,117,  경주여행   한옥 숙소   소설재 첨성대점 비향 15만원 , 경주여행  한옥숙소 이름도 특이한  소설재  첨성대점  첨성대랑 진짜 가까워서 첨성대점인듯     낮에도 이쁘고  밤에는 더더 이쁜 한옥  소설재 너무너무너무 인기있는 곳이라서 주말에 묶으려면    ,  경주여행   한옥 숙소   소설재 첨성대점 비향 15만원   경주여행  한옥숙소 이름도 특이한  소설재  첨성대점  첨성대랑 진짜 가까워서 첨성대점인듯     낮에도 이쁘고  밤에는 더더 이쁜 한옥  소설재 너무너무너무 인기있는 곳이라서 주말에 묶으려면    
경주 여행,118, 경주여행 , 경주 까지 이동은 기차 여행   경주 내에서는 자전거 여행  도보 여행  버스투어 모두 가능하다  경주여행 코스   시내권    천마총   왕릉   첨성대   계림   포석정   안압지    , 경주여행   경주 까지 이동은 기차 여행   경주 내에서는 자전거 여행  도보 여행  버스투어 모두 가능하다  경주여행 코스   시내권    천마총   왕릉   첨성대   계림   포석정   안압지    
경주 여행,119, 알라딘서재 황금호두 열리면 무웅이와 함께 떠나는  경주여행 ,코스의  여행 인데도 매 번 새로운 느낌이 들어 자꾸만  경주 를 찾게 되는것 같다 매 번 새로운 느낌을 주는  경주여행 에 푹 빠져있는데 신라에서 온 아이와 함께하는  경주여행 은 더 새롭게 다가왔다 한참 티비에서    , 알라딘서재 황금호두 열리면 무웅이와 함께 떠나는  경주여행  코스의  여행 인데도 매 번 새로운 느낌이 들어 자꾸만  경주 를 찾게 되는것 같다 매 번 새로운 느낌을 주는  경주여행 에 푹 빠져있는데 신라에서 온 아이와 함께하는  경주여행 은 더 새롭게 다가왔다 한참 티비에서    
경주 여행,120, 경주여행  감포 여행  송대말등대빛체험전시관  여행 ,위치  경북  경주 시 척사길 18 94 2  운영시간   09 00   18 00 3  연중무휴 4  대표전화   054 744 3233 5  입장료   무료 송대말등대 빛 체험관은 아이와 함께  여행 가기에 좋고 점심시간 12 00   13 00 운영을 안하니    , 경주여행  감포 여행  송대말등대빛체험전시관  여행  위치  경북  경주 시 척사길 18 94 2  운영시간   09 00   18 00 3  연중무휴 4  대표전화   054 744 3233 5  입장료   무료 송대말등대 빛 체험관은 아이와 함께  여행 가기에 좋고 점심시간 12 00   13 00 운영을 안하니    
경주 여행,121, 알라딘서재  100자평  일상이 고고학  나 혼자  경주 여행 ,일상이 고고학  나 혼자  경주 여행    개정증보판   일상이 고고학 시리즈 2 황윤 지음   책읽는고양이    못한 지가 한참 되었는데 오랜만에 저자와 함께  경주 를 걸으며 역사  여행 을 하는 느낌을 주는 책이네요 , 알라딘서재  100자평  일상이 고고학  나 혼자  경주 여행  일상이 고고학  나 혼자  경주 여행    개정증보판   일상이 고고학 시리즈 2 황윤 지음   책읽는고양이    못한 지가 한참 되었는데 오랜만에 저자와 함께  경주 를 걸으며 역사  여행 을 하는 느낌을 주는 책이네요 
경주 여행,122,안녕 2014년  경주 여행 ,2014년을 그냥 보내기가 좀 아쉬워서 좋아하는  경주 로 기차타고 떠났다  몇일전엔 크리스마스  경주여행  오늘은 안녕 2014년  경주여행    이번  여행 은 럭셔리 컨셉으로 좋은 호텔에서    ,안녕 2014년  경주 여행  2014년을 그냥 보내기가 좀 아쉬워서 좋아하는  경주 로 기차타고 떠났다  몇일전엔 크리스마스  경주여행  오늘은 안녕 2014년  경주여행    이번  여행 은 럭셔리 컨셉으로 좋은 호텔에서    
경주 여행,123, 여행 이좋다     교리김밥      경주 맛집     경주여행 하면서 들린 김밥    , 경주  남산 등산을 포함해서 당일치기로  경주여행 을 계획하고 다녀왔습니다  그 첫번째 코스로  경주 에선    여하튼 저처럼  여행  중에 한번 정도는 가볼만한 집이라는 생각이네요  특히나 남산같은 산에    , 여행 이좋다     교리김밥      경주 맛집     경주여행 하면서 들린 김밥      경주  남산 등산을 포함해서 당일치기로  경주여행 을 계획하고 다녀왔습니다  그 첫번째 코스로  경주 에선    여하튼 저처럼  여행  중에 한번 정도는 가볼만한 집이라는 생각이네요  특히나 남산같은 산에    
경주 여행,124, 알라딘서재  경주 여행  이야기, 일상이 고고학  나 혼자  경주 여행  은  경주 를 무대로 한  여행  에세이풍의 글을 만날 수 있는 책으로   경주 에서 유명한 문화재에 대한 사전 지식을 줄줄 읊는 것 외에도 얼마든지 재미있고 의미 있는  여행 을 할    , 알라딘서재  경주 여행  이야기  일상이 고고학  나 혼자  경주 여행  은  경주 를 무대로 한  여행  에세이풍의 글을 만날 수 있는 책으로   경주 에서 유명한 문화재에 대한 사전 지식을 줄줄 읊는 것 외에도 얼마든지 재미있고 의미 있는  여행 을 할    
경주 여행,125,  경주여행  3일차 놀부보쌈  경주  황오점 배달후기, 경주여행  3번째 날 숙소로 황남관에 머물게 되었어요   여행  3일차 저녁이라 아이들도 지치고 저와    배민에 놀부보쌈 검색해보니  경주 황오점에서 배달이 가능하다고 나오네요  저희는 황남관에 머물었기 때문에    ,  경주여행  3일차 놀부보쌈  경주  황오점 배달후기  경주여행  3번째 날 숙소로 황남관에 머물게 되었어요   여행  3일차 저녁이라 아이들도 지치고 저와    배민에 놀부보쌈 검색해보니  경주 황오점에서 배달이 가능하다고 나오네요  저희는 황남관에 머물었기 때문에    
경주 여행,126, 경주여행 코스 읍천항 주상절리 파도소리길, 경주 에는 주상절리가 제주도만큼이나 이쁜 곳이 있다  게다가 조용한 읍천항을 끼고 있어 더 좋았던  경주여행 코스  읍천항옆에 자리한 주상절리 파도소리길은 넓은 주차장도 갖추고 있어 길을 따라 등대까지    , 경주여행 코스 읍천항 주상절리 파도소리길  경주 에는 주상절리가 제주도만큼이나 이쁜 곳이 있다  게다가 조용한 읍천항을 끼고 있어 더 좋았던  경주여행 코스  읍천항옆에 자리한 주상절리 파도소리길은 넓은 주차장도 갖추고 있어 길을 따라 등대까지    
경주 여행,127, 경주 여행  및 차량대절 가격 공유  , 정답은 바로 천년고도   경주   랍니다  이제 우렁찬 매미 소리는 멀어지고 귀뚜라미 소리가 가까워지는 풍요의 계절  가을이 왔습니다     가을  경주 를 감상하기 위해 많은 분들이 돌고래 여행 사  경주 여행     , 경주 여행  및 차량대절 가격 공유    정답은 바로 천년고도   경주   랍니다  이제 우렁찬 매미 소리는 멀어지고 귀뚜라미 소리가 가까워지는 풍요의 계절  가을이 왔습니다     가을  경주 를 감상하기 위해 많은 분들이 돌고래 여행 사  경주 여행     
경주 여행,128,  경주여행    동궁과 월지   안압지   경주  야경 명소 즐기기,야수리는  여행  중   경주여행  목적이  동궁과 월지  구 안압지 라고해도 과언이 아닐정도로      신기방기  경주 에서 일박을 어찌저찌 더하게된 나는 너무 돌아다녀서인지 치맥이 땡겼구   에어비엔비 바로 앞에    ,  경주여행    동궁과 월지   안압지   경주  야경 명소 즐기기 야수리는  여행  중   경주여행  목적이  동궁과 월지  구 안압지 라고해도 과언이 아닐정도로      신기방기  경주 에서 일박을 어찌저찌 더하게된 나는 너무 돌아다녀서인지 치맥이 땡겼구   에어비엔비 바로 앞에    
경주 여행,129, 알라딘서재  100자평  일상이 고고학  나 혼자  경주 여행 ,일상이 고고학  나 혼자  경주 여행    개정증보판  일상이 고고학 시리즈 2 황윤 지음   책읽는고양이   2020년 10월 평점   신라유적지에 대해서 전문가인 저저의 안목이 독보이는 책 같습니다  경주 를 100번도    , 알라딘서재  100자평  일상이 고고학  나 혼자  경주 여행  일상이 고고학  나 혼자  경주 여행    개정증보판  일상이 고고학 시리즈 2 황윤 지음   책읽는고양이   2020년 10월 평점   신라유적지에 대해서 전문가인 저저의 안목이 독보이는 책 같습니다  경주 를 100번도    
경주 여행,130, 경주여행 에 꼭 필요한  경주 시외버스터미널 시간표 및 요금표, 경주여행 에 꼭 필요한  경주 시외버스터미널 시간표 및 요금표 신라의 고도  경주   경주여행 을 하는 분들에게 꼭 필요한 정보입니다  요즘 버스를 이용해  여행 을 많이 하다 보니 이런 정보의 필요성을 느껴서    , 경주여행 에 꼭 필요한  경주 시외버스터미널 시간표 및 요금표  경주여행 에 꼭 필요한  경주 시외버스터미널 시간표 및 요금표 신라의 고도  경주   경주여행 을 하는 분들에게 꼭 필요한 정보입니다  요즘 버스를 이용해  여행 을 많이 하다 보니 이런 정보의 필요성을 느껴서    
경주 여행,131,3월의  경주여행  ,첨가본 동궁원  예쁜 꽃들 만나고 좋아하는 커피열매도 보고 비맞으면서 노천온천 잘먹고 잘쉬고 행복한  경주 여행  ,3월의  경주여행   첨가본 동궁원  예쁜 꽃들 만나고 좋아하는 커피열매도 보고 비맞으면서 노천온천 잘먹고 잘쉬고 행복한  경주 여행  
경주 여행,132, 경주여행  황리단길 보문단지 왕릉탐방 데이트코스,https   youtu be  nZzijKooIk 밤의  황리단길 은 참 예쁘고 마음 한켠이 낭만으로 차오르는 경상도에서 흔치 않은 젊은거리 바로 옆은   경주 유적지 에 오래된 한옥  천년고도  경주 와는 사뭇 어울리면서도    , 경주여행  황리단길 보문단지 왕릉탐방 데이트코스 https   youtu be  nZzijKooIk 밤의  황리단길 은 참 예쁘고 마음 한켠이 낭만으로 차오르는 경상도에서 흔치 않은 젊은거리 바로 옆은   경주 유적지 에 오래된 한옥  천년고도  경주 와는 사뭇 어울리면서도    
경주 여행,133, 경주여행 밀면, 경주 에서 먹어본   경주여행 밀면  맛보기 가격도 착해 5000원 비빔밀면 물밀면도 5000원 더해먹는 떡갈비는 2000원 12 000원 밥상 그리고 뜨거운 육수까지 맛평가는 입맛따라 취향별로    나따루 너따루   , 경주여행 밀면  경주 에서 먹어본   경주여행 밀면  맛보기 가격도 착해 5000원 비빔밀면 물밀면도 5000원 더해먹는 떡갈비는 2000원 12 000원 밥상 그리고 뜨거운 육수까지 맛평가는 입맛따라 취향별로    나따루 너따루   
경주 여행,134,1박2일  경주여행   경주 엑스포대공원,2025  08  16  토   푸른애벌레의 꿈   경주여행  둘째날  보문호 주변길 걷기  10시에  경주 엑스포대공원 입장   경주 엑스포기념관  천마의궁전   경주 타워  솔거미술관  자연사박물관 ,1박2일  경주여행   경주 엑스포대공원 2025  08  16  토   푸른애벌레의 꿈   경주여행  둘째날  보문호 주변길 걷기  10시에  경주 엑스포대공원 입장   경주 엑스포기념관  천마의궁전   경주 타워  솔거미술관  자연사박물관 
경주 여행,135,2020년 6월  경주여행  동방역 능소화 서출지 경북산림연구원 ,2020년 6월25일 목   경주여행  동방역 능소화 서출지 경북산림연구원 ,2020년 6월  경주여행  동방역 능소화 서출지 경북산림연구원  2020년 6월25일 목   경주여행  동방역 능소화 서출지 경북산림연구원 
경주 여행,136,모녀와 함께  경주여행     바보곰 블로그,모녀와 함께한  경주여행  2019 10 15  첨성대 야생화단지  계림  월지 안압지    계림 월지 안압지 의 야경  경주 박물관 10 16  김유신장군 묘,모녀와 함께  경주여행     바보곰 블로그 모녀와 함께한  경주여행  2019 10 15  첨성대 야생화단지  계림  월지 안압지    계림 월지 안압지 의 야경  경주 박물관 10 16  김유신장군 묘
경주 여행,137, 경주여행  석굴암,2018 10 7, 경주여행  석굴암 2018 10 7
경주 여행,138, 알라딘서재 일상이 고고학 나 혼자  경주 여행 ,일상이 고고학  나 혼자  경주 여행    개정증보판  일상이 고고학 시리즈 2 황윤 지음   책읽는고양이   2020년 10월 평점   수학 여행 으로 갔던  경주 의 추억을 또 다시 한번  경주 는 역사도 그렇고 알면 알수록    , 알라딘서재 일상이 고고학 나 혼자  경주 여행  일상이 고고학  나 혼자  경주 여행    개정증보판  일상이 고고학 시리즈 2 황윤 지음   책읽는고양이   2020년 10월 평점   수학 여행 으로 갔던  경주 의 추억을 또 다시 한번  경주 는 역사도 그렇고 알면 알수록    
경주 여행,139, 알라딘서재  100자평  일상이 고고학  나 혼자  경주 여행 ,일상이 고고학  나 혼자  경주 여행    개정증보판  일상이 고고학 시리즈 2 황윤 지음   책읽는고양이   2020년 10월 평점   삼국 시대에 관한 거의 모든 자료를 섭렵한 소장 역사학자의 순수한 시각과 생생한    , 알라딘서재  100자평  일상이 고고학  나 혼자  경주 여행  일상이 고고학  나 혼자  경주 여행    개정증보판  일상이 고고학 시리즈 2 황윤 지음   책읽는고양이   2020년 10월 평점   삼국 시대에 관한 거의 모든 자료를 섭렵한 소장 역사학자의 순수한 시각과 생생한    
경주 여행,140, 경주여행 경비 2박3일  경주여행  혼자서 떠난  경주 , 2박3일  경주여행     이동수단   시외버스   경주  내 버스 택시  시티투어버스   2박3일    Total  13 140  기타 생필품    여행 용 샴푸   린스   바디워시   버블망    5 490 Total 경비  148 080, 경주여행 경비 2박3일  경주여행  혼자서 떠난  경주   2박3일  경주여행     이동수단   시외버스   경주  내 버스 택시  시티투어버스   2박3일    Total  13 140  기타 생필품    여행 용 샴푸   린스   바디워시   버블망    5 490 Total 경비  148 080
경주 여행,141, 경북  경주여행  현대호텔  경주 ,  경주여행   경주  현대호텔 현대호텔  경주  보문수상공연장  경주  보문관광단지 보문호반길  경주 신라컨트리클럽   경주여행  숙박 현대호텔  방문일자  2016년 9월 7일 수  현대호텔  경주  경북  경주 시 신평동    , 경북  경주여행  현대호텔  경주    경주여행   경주  현대호텔 현대호텔  경주  보문수상공연장  경주  보문관광단지 보문호반길  경주 신라컨트리클럽   경주여행  숙박 현대호텔  방문일자  2016년 9월 7일 수  현대호텔  경주  경북  경주 시 신평동    
경주 여행,142, 경주여행 3 석굴암 불국사 ,09 43  경주여행 3 석굴암 불국사     여행 일시   2011년4월22일 4월24일    여행 장소   세째날 4월24일    석굴암  불국사    여행 참여   우리가족 9명 송국영 안종순 송진주 김홍식 김연우 송연주 조광민    , 경주여행 3 석굴암 불국사  09 43  경주여행 3 석굴암 불국사     여행 일시   2011년4월22일 4월24일    여행 장소   세째날 4월24일    석굴암  불국사    여행 참여   우리가족 9명 송국영 안종순 송진주 김홍식 김연우 송연주 조광민    
경주 여행,143,  경주여행   대릉원  스탬프투어  그 다섯번째 이야기  대릉원천마    ,경북 여행     경주여행     경주 스탬프투어    경주 오릉 대릉원 천마총    경주 오릉 교촌마을 투어를 마치고 다음으로 찾아간 곳은 바로   경주 오릉  이다 교촌마을을 돌면서 조금 지치는 듯한 느낌이 있었는데 맛나는    ,  경주여행   대릉원  스탬프투어  그 다섯번째 이야기  대릉원천마     경북 여행     경주여행     경주 스탬프투어    경주 오릉 대릉원 천마총    경주 오릉 교촌마을 투어를 마치고 다음으로 찾아간 곳은 바로   경주 오릉  이다 교촌마을을 돌면서 조금 지치는 듯한 느낌이 있었는데 맛나는    
경주 여행,144,  경주여행  유적지 트레킹, 대상지    경주여행  유적지 트레킹   소재지   경북  경주 시  일 자   2023 10 1  코 스   동궁과월지 반월상 교촌 대릉원 쪽샘44호고분 분황사 황룡사역사문화원 동궁과월지주차장   약 9 0Km  반월성에서    ,  경주여행  유적지 트레킹  대상지    경주여행  유적지 트레킹   소재지   경북  경주 시  일 자   2023 10 1  코 스   동궁과월지 반월상 교촌 대릉원 쪽샘44호고분 분황사 황룡사역사문화원 동궁과월지주차장   약 9 0Km  반월성에서    
경주 여행,145,  경주 여행  이야기가 있는  경주여행 , 여행  계명대학교  경주 동산병원  천년의 신라고도  경주여행    여행 일자  2016년 9월 7일 목    여행 인원  친구와 함께  경주 시외버스터미널 경북  경주 시 노서동 160 2 전화  1666 5599  경주 시외버스터미널    ,  경주 여행  이야기가 있는  경주여행   여행  계명대학교  경주 동산병원  천년의 신라고도  경주여행    여행 일자  2016년 9월 7일 목    여행 인원  친구와 함께  경주 시외버스터미널 경북  경주 시 노서동 160 2 전화  1666 5599  경주 시외버스터미널    
경주 여행,146, 경주여행 ,2020년 06월 13 14일 토 일요일  오전 비 오후 맑음   경주 에서  고향친구들과 함께 신라대종 장맛비가 시작되는 육월중순 고향친구들과 함께  경주 에서 즐거운  여행 을 하다    대릉원 돌담길 걸어주고    황리단길도    , 경주여행  2020년 06월 13 14일 토 일요일  오전 비 오후 맑음   경주 에서  고향친구들과 함께 신라대종 장맛비가 시작되는 육월중순 고향친구들과 함께  경주 에서 즐거운  여행 을 하다    대릉원 돌담길 걸어주고    황리단길도    
경주 여행,147, 경주여행  동궁과 월지  안압지 야경보기 ,해외  여행  이야기  여행  후기  경주여행  동궁과 월지  안압지 야경보기  훌리아 2020  3  25  15 17 2019년 여름  경주  사진 보관 1 구독하기  해외  여행  이야기  여행  후기  Related Articles    , 경주여행  동궁과 월지  안압지 야경보기  해외  여행  이야기  여행  후기  경주여행  동궁과 월지  안압지 야경보기  훌리아 2020  3  25  15 17 2019년 여름  경주  사진 보관 1 구독하기  해외  여행  이야기  여행  후기  Related Articles    
경주 여행,148, 알라딘서재  100자평  일상이 고고학  나 혼자  경주 여행 ,일상이 고고학  나 혼자  경주 여행    개정증보판   일상이 고고학 시리즈 2 황윤 지음   책읽는고양이    재미있게  경주 를  여행 하는데 길잡이가 되어주는 책입니다   경주 를 더 풍부하게 이해할 수 있어    , 알라딘서재  100자평  일상이 고고학  나 혼자  경주 여행  일상이 고고학  나 혼자  경주 여행    개정증보판   일상이 고고학 시리즈 2 황윤 지음   책읽는고양이    재미있게  경주 를  여행 하는데 길잡이가 되어주는 책입니다   경주 를 더 풍부하게 이해할 수 있어    
경주 여행,149,  경주  가볼만한 곳   경주 여행  코스 뚜벅이로 불국사  석굴암 대중교    ,naver com loveartlove 223054447834 다시 서울로 올라갈 채비를 했다   경주    경주여행    경주 불국사  불국사  봄 여행   국보  다보탑  석가탑  석굴암입장료   경주 가볼만한곳,  경주  가볼만한 곳   경주 여행  코스 뚜벅이로 불국사  석굴암 대중교     naver com loveartlove 223054447834 다시 서울로 올라갈 채비를 했다   경주    경주여행    경주 불국사  불국사  봄 여행   국보  다보탑  석가탑  석굴암입장료   경주 가볼만한곳
경주 여행,150, 경주 여행 코스 베스트 추천 top 10, 경주 여행 코스 베스트 추천 top 10  경주 여행 코스 베스트 추천 top 10곳을 소개합니다  1  황리단길 상호명  황리단길 주소  경상북도  경주 시 황남동 280 전화번호  미입력 관련 키워드  키워드    , 경주 여행 코스 베스트 추천 top 10  경주 여행 코스 베스트 추천 top 10  경주 여행 코스 베스트 추천 top 10곳을 소개합니다  1  황리단길 상호명  황리단길 주소  경상북도  경주 시 황남동 280 전화번호  미입력 관련 키워드  키워드    
경주 여행,151,  경주여행   불국사  스탬프투어 그 세번째 이야기  불국사   석굴암,방쌤의  경주여행  경북 여행     경주여행     경주 스탬프투어   가을 여행  불국사   석굴암 동리목월문학관 구경을 마치고 다음으로 내가 찾을 장소는  경주여행 의 핵심   경주여행 의 메카  바로 불국사와 석굴암이다    ,  경주여행   불국사  스탬프투어 그 세번째 이야기  불국사   석굴암 방쌤의  경주여행  경북 여행     경주여행     경주 스탬프투어   가을 여행  불국사   석굴암 동리목월문학관 구경을 마치고 다음으로 내가 찾을 장소는  경주여행 의 핵심   경주여행 의 메카  바로 불국사와 석굴암이다    
경주 여행,152,  경주여행   황리단길 한옥카페추천  카페 아덴 2호점,카페 아덴 2호점 위치   경북  경주 시 사정로 57 운영시간   매일 10시     경주 와서 빵으로 배채울수 없어서 안먹었어요        옛    실시간 예보하고 너무 화가났던         경주 커피 7 0 아덴의 시그니처    ,  경주여행   황리단길 한옥카페추천  카페 아덴 2호점 카페 아덴 2호점 위치   경북  경주 시 사정로 57 운영시간   매일 10시     경주 와서 빵으로 배채울수 없어서 안먹었어요        옛    실시간 예보하고 너무 화가났던         경주 커피 7 0 아덴의 시그니처    
경주 여행,153, 알라딘서재  100자평  일상이 고고학  나 혼자  경주 여행 ,일상이 고고학  나 혼자  경주 여행    개정증보판   일상이 고고학 시리즈 2 황윤 지음   책읽는고양이   2020년 10월 평점    경주 에 대한 아름다움을 느낄 수 있을 거 같은 책이라 기대됩니다, 알라딘서재  100자평  일상이 고고학  나 혼자  경주 여행  일상이 고고학  나 혼자  경주 여행    개정증보판   일상이 고고학 시리즈 2 황윤 지음   책읽는고양이   2020년 10월 평점    경주 에 대한 아름다움을 느낄 수 있을 거 같은 책이라 기대됩니다
경주 여행,154, 알라딘서재  경주 여행  필수책,되어주는 책 필요한 지식과 설명  이해를 돕는 사진과 정보 가득한 책 서울편에 이어  경주 편 들고 역사의 땅  경주여행  꿈꾸기  한옥에서 독서모임 하다가 이 책보고 바로 주문하신분들과 또 역사  여행  갈 예정, 알라딘서재  경주 여행  필수책 되어주는 책 필요한 지식과 설명  이해를 돕는 사진과 정보 가득한 책 서울편에 이어  경주 편 들고 역사의 땅  경주여행  꿈꾸기  한옥에서 독서모임 하다가 이 책보고 바로 주문하신분들과 또 역사  여행  갈 예정
경주 여행,155, 경주 여행   경주  황리단길 맛집  여도가주 영업종료,오늘은   경주 맛집  황리단길맛집  여주가주 이야기 함께해요  다만  현재 여도가주는 없어졌다는 게        저희  여행 의 기록이기도 해서 그냥 포스팅을 진행하니 이점 참고하세요  한옥의 외관이 눈길을 끌었던    , 경주 여행   경주  황리단길 맛집  여도가주 영업종료 오늘은   경주 맛집  황리단길맛집  여주가주 이야기 함께해요  다만  현재 여도가주는 없어졌다는 게        저희  여행 의 기록이기도 해서 그냥 포스팅을 진행하니 이점 참고하세요  한옥의 외관이 눈길을 끌었던    
경주 여행,156, 경주여행  첨성대 대릉원 주차,주차장 대릉원 주차장 여기도 매표를 해야 들어갈 수 있어서 그냥 혼자  여행 이고 하다보니 굳이 들어갈 필요성을 못 느꼈네요  편하게 드라이브삼아 둘러본  경주  그리고 그곳에서 만난 첨성대, 경주여행  첨성대 대릉원 주차 주차장 대릉원 주차장 여기도 매표를 해야 들어갈 수 있어서 그냥 혼자  여행 이고 하다보니 굳이 들어갈 필요성을 못 느꼈네요  편하게 드라이브삼아 둘러본  경주  그리고 그곳에서 만난 첨성대
경주 여행,157,  경주여행   황리단길 주전부리   황금십원빵  황남옥수수  청년분식, 경주  황리단길 주전부리  저녁먹기전에 출출해서 황리단길에 있는 주전부리 사서 우선 급한불 끄려 함  결론부터 말하자면 청년분식  십원빵  황남 옥수수 모두 아쉽     청년분식 비쥬얼이 우릴 유혹함 뭔가    ,  경주여행   황리단길 주전부리   황금십원빵  황남옥수수  청년분식  경주  황리단길 주전부리  저녁먹기전에 출출해서 황리단길에 있는 주전부리 사서 우선 급한불 끄려 함  결론부터 말하자면 청년분식  십원빵  황남 옥수수 모두 아쉽     청년분식 비쥬얼이 우릴 유혹함 뭔가    
경주 여행,158, 경주여행 13  경주 역앞 성동시장 구경 가을 기차 여행  피날레 2018 11 9 ,  즐거웠다   경주  가을 기차 여행   단풍을 맘껏 누리고 돌아가는 길  발떼샷 한 컷  노란 은행낙엽 위에 올려놓고 찍어야 하는데 아숩다  언니들 수고했어염  숙소를 변경한 건 신의 한 수  지도자 언니 짝짝짝  , 경주여행 13  경주 역앞 성동시장 구경 가을 기차 여행  피날레 2018 11 9    즐거웠다   경주  가을 기차 여행   단풍을 맘껏 누리고 돌아가는 길  발떼샷 한 컷  노란 은행낙엽 위에 올려놓고 찍어야 하는데 아숩다  언니들 수고했어염  숙소를 변경한 건 신의 한 수  지도자 언니 짝짝짝  
경주 여행,159, 경주여행 2303       ,봄꽃 찾아   경주 로 갔습니다  벌써 3월 마지막 월요일  찾아간  경주 는 벚꽃과 상춘객으로 많이 붐볐습니다  집에서 점심을 먹고  집사람과 국도를 타고  천천히 올라가는 길 곳곳엔 벚꽃이 제자랑에 열중이라  참    , 경주여행 2303        봄꽃 찾아   경주 로 갔습니다  벌써 3월 마지막 월요일  찾아간  경주 는 벚꽃과 상춘객으로 많이 붐볐습니다  집에서 점심을 먹고  집사람과 국도를 타고  천천히 올라가는 길 곳곳엔 벚꽃이 제자랑에 열중이라  참    
경주 여행,160, 경주여행 3  경주 역에서 걸어서 대릉원까지 대릉원 담장길 걷기 2018 11    ,이번  여행 은 천천히 걸으며  경주 의 가을을 만끽하는 게 컨셉  마침 가을 분위기 한껏 고조시켜줄    벚나무가 길 좌우로 늘어서 있어  경주 여행  올 때마다 걸어보고 싶었던 길이다  차를 가지고 와서 늘 휙    , 경주여행 3  경주 역에서 걸어서 대릉원까지 대릉원 담장길 걷기 2018 11     이번  여행 은 천천히 걸으며  경주 의 가을을 만끽하는 게 컨셉  마침 가을 분위기 한껏 고조시켜줄    벚나무가 길 좌우로 늘어서 있어  경주 여행  올 때마다 걸어보고 싶었던 길이다  차를 가지고 와서 늘 휙    
경주 여행,161,Knowledge Box     경주 여행    슈만과 클라라, 경주 역 도착     제일 먼저 간 곳은 슈만과클라라 라는 cafe를 갔다  위치는 요기   여기를 버스를 타고 가려고 했는데 버스가 너무 안와서 택시를 타고 가기로 했다  그러나 다음 문제가 있었다  계속  여행 을    ,Knowledge Box     경주 여행    슈만과 클라라  경주 역 도착     제일 먼저 간 곳은 슈만과클라라 라는 cafe를 갔다  위치는 요기   여기를 버스를 타고 가려고 했는데 버스가 너무 안와서 택시를 타고 가기로 했다  그러나 다음 문제가 있었다  계속  여행 을    
경주 여행,162,안녕 2014년  경주여행  3,2014년 마지막 날  경주 에서 멋진 선물을 받은거 같다  눈발이 날리기 시작한다  그리고 금방 하얀 세상으로 변한다  눈길을 산책하고    불국사역에서 기차를 타고  여행 을 마무리 한다  다시 화창해진 하늘       ,안녕 2014년  경주여행  3 2014년 마지막 날  경주 에서 멋진 선물을 받은거 같다  눈발이 날리기 시작한다  그리고 금방 하얀 세상으로 변한다  눈길을 산책하고    불국사역에서 기차를 타고  여행 을 마무리 한다  다시 화창해진 하늘       
경주 여행,163, 경주 여행  마치고 울주,새벽에 비가오다가 그친다  하늘이 늠 예쁘다   경주 월드앞 블루판다에서 점심  맛있고 친절하다  떡갈비도 맛나고 계란찜도 굿  산풍경도 좋고 꽃도 예쁘다  행복한  경주  울주  여행 이다 , 경주 여행  마치고 울주 새벽에 비가오다가 그친다  하늘이 늠 예쁘다   경주 월드앞 블루판다에서 점심  맛있고 친절하다  떡갈비도 맛나고 계란찜도 굿  산풍경도 좋고 꽃도 예쁘다  행복한  경주  울주  여행 이다 
경주 여행,164,  경주여행   황남맷돌순두부   두부보쌈  제육  순두부찌개 그리고 호    , 경주  황남맷돌순두부 영업시간이 8시30분까지   경주  황리단길을 시작으로 어지간한  밥집 은 영업마감이      경주 는 진짜 고기가 맛있는듯   두부도 순두부찌개도 맛나고  호랑이막걸리도 완전 맛있어서    ,  경주여행   황남맷돌순두부   두부보쌈  제육  순두부찌개 그리고 호      경주  황남맷돌순두부 영업시간이 8시30분까지   경주  황리단길을 시작으로 어지간한  밥집 은 영업마감이      경주 는 진짜 고기가 맛있는듯   두부도 순두부찌개도 맛나고  호랑이막걸리도 완전 맛있어서    
경주 여행,165,  경주여행    경주 야경또다른매력  월정교,분위기 꼭 해지는 저녁에 월정교 방문하시길 추천드립니다 꺄 불켜진 월정교 신나서 사진찍는 중 월정교 야경을 마지막으로  경주 를 떠나갑니다 여기는 신라니까   신라 해장국    즐거웠던  경주여행 이었습니다,  경주여행    경주 야경또다른매력  월정교 분위기 꼭 해지는 저녁에 월정교 방문하시길 추천드립니다 꺄 불켜진 월정교 신나서 사진찍는 중 월정교 야경을 마지막으로  경주 를 떠나갑니다 여기는 신라니까   신라 해장국    즐거웠던  경주여행 이었습니다
경주 여행,166, 알라딘서재  100자평  우리 아이 첫  경주 여행  1,우리 아이 첫  경주 여행  1   세계 문화유산을 찾아서  개정판   답사 바로하기 역사 바로보기 2 박광일 전향이 글   여행 이야기 기획   삼성당   2011년 4월 평점   초등학교 학생들이  경주  수학 여행  가기 전에    , 알라딘서재  100자평  우리 아이 첫  경주 여행  1 우리 아이 첫  경주 여행  1   세계 문화유산을 찾아서  개정판   답사 바로하기 역사 바로보기 2 박광일 전향이 글   여행 이야기 기획   삼성당   2011년 4월 평점   초등학교 학생들이  경주  수학 여행  가기 전에    
경주 여행,167, 경주여행  서출지  23  7 28 ,더운날씨 촬영에 임했던 네분의 사진가들에게 도촬하게 된점 미안하게 생각하며 더운날씨  경주  여러곳 촬영에 대작 담으시고 무사히 귀가 하셨을것을 빌어마지 않습니다 , 경주여행  서출지  23  7 28  더운날씨 촬영에 임했던 네분의 사진가들에게 도촬하게 된점 미안하게 생각하며 더운날씨  경주  여러곳 촬영에 대작 담으시고 무사히 귀가 하셨을것을 빌어마지 않습니다 
경주 여행,168, 알라딘서재  100자평  일상이 고고학  나 혼자  경주 여행 ,일상이 고고학  나 혼자  경주 여행    개정증보판   일상이 고고학 시리즈 2 황윤 지음   책읽는고양이     경주 땅에 묻힌 타임캡슐을 타고 신라를  여행 해보는 특별한 시간이 될것 같네요 , 알라딘서재  100자평  일상이 고고학  나 혼자  경주 여행  일상이 고고학  나 혼자  경주 여행    개정증보판   일상이 고고학 시리즈 2 황윤 지음   책읽는고양이     경주 땅에 묻힌 타임캡슐을 타고 신라를  여행 해보는 특별한 시간이 될것 같네요 
경주 여행,169, 알라딘서재  100자평  우리 아이 첫  경주 여행  2,우리 아이 첫  경주 여행  2   땅 속에서 찾아 낸 신라의 꿈   답사 바로하기 역사 바로보기 13 박광일    2004년 7월 평점   구판절판  경주 여행  갈 때 들고간 책이다  아이들 눈높이에 맞춰진 책이다 , 알라딘서재  100자평  우리 아이 첫  경주 여행  2 우리 아이 첫  경주 여행  2   땅 속에서 찾아 낸 신라의 꿈   답사 바로하기 역사 바로보기 13 박광일    2004년 7월 평점   구판절판  경주 여행  갈 때 들고간 책이다  아이들 눈높이에 맞춰진 책이다 
경주 여행,170, 경주 여행 ,오늘은  경주여행 하는 날  날씨가 더우니 마을식당에서 맛난 양념게장점심먹고 힐튼 호텔에서 커피한잔  보문단지 푸른 나무감상하며 씨유 커피한잔과 스콘의 행복   경주 월드 새 관람차가 보인다  한번 타볼까    , 경주 여행  오늘은  경주여행 하는 날  날씨가 더우니 마을식당에서 맛난 양념게장점심먹고 힐튼 호텔에서 커피한잔  보문단지 푸른 나무감상하며 씨유 커피한잔과 스콘의 행복   경주 월드 새 관람차가 보인다  한번 타볼까    
경주 여행,171, 경주여행  안압지 야경투어,방문한날은 아마도 보름달이 뜨는날이었나보다  하늘엔 휘황청밝은 발이 연못에 빠져있어 야경과 함께 정말 멋진 야경을 보여줬다  이래서  경주여행 객을 밤이면 밤마다 이곳 안압지를 찾게하나보다 , 경주여행  안압지 야경투어 방문한날은 아마도 보름달이 뜨는날이었나보다  하늘엔 휘황청밝은 발이 연못에 빠져있어 야경과 함께 정말 멋진 야경을 보여줬다  이래서  경주여행 객을 밤이면 밤마다 이곳 안압지를 찾게하나보다 
경주 여행,172, 알라딘서재  100자평  일상이 고고학  나 혼자  경주 여행 ,일상이 고고학  나 혼자  경주 여행    개정증보판   일상이 고고학 시리즈 2 황윤 지음   책읽는고양이   2020년 10월 평점   유익한 책인 것 같아요, 알라딘서재  100자평  일상이 고고학  나 혼자  경주 여행  일상이 고고학  나 혼자  경주 여행    개정증보판   일상이 고고학 시리즈 2 황윤 지음   책읽는고양이   2020년 10월 평점   유익한 책인 것 같아요
경주 여행,173, 알라딘서재 역사 관심 갖기 시작해서 함께 읽었어요,갖길래  경주 여행 을 생각하고 있었는데   경주 를 그리는 마음을 접하게 됐어요   경주 에 좋은 기억을 가지고 있는데  아이도 신라를 배운 뒤라 그런지 책을 읽는 동안 배운 내용을 생각하며   경주 의 유적지들을    , 알라딘서재 역사 관심 갖기 시작해서 함께 읽었어요 갖길래  경주 여행 을 생각하고 있었는데   경주 를 그리는 마음을 접하게 됐어요   경주 에 좋은 기억을 가지고 있는데  아이도 신라를 배운 뒤라 그런지 책을 읽는 동안 배운 내용을 생각하며   경주 의 유적지들을    
경주 여행,174,3월의  경주여행 2 ,매화와 산수유 만발  보문단지 호수가 산책  행복한  경주여행  마무리 ,3월의  경주여행 2  매화와 산수유 만발  보문단지 호수가 산책  행복한  경주여행  마무리 
경주 여행,175, 알라딘서재  100자평  일상이 고고학  나 혼자  경주 여행 ,일상이 고고학  나 혼자  경주 여행  일상이 시리즈 3 황윤 지음   책읽는고양이   2020년 10월 평점    경주  마니아가 알려주는  경주  탐방기라 그런지  경주 에 대한 알찬 설명들이 좋습니다 , 알라딘서재  100자평  일상이 고고학  나 혼자  경주 여행  일상이 고고학  나 혼자  경주 여행  일상이 시리즈 3 황윤 지음   책읽는고양이   2020년 10월 평점    경주  마니아가 알려주는  경주  탐방기라 그런지  경주 에 대한 알찬 설명들이 좋습니다 
경주 여행,176, 알라딘서재  100자평  일상이 고고학  나 혼자  경주 여행 ,일상이 고고학  나 혼자  경주 여행    개정증보판   일상이 고고학 시리즈 2 황윤 지음   책읽는고양이   2020년 10월 평점   아름다운  경주 의 풍경에 고고학을 더하여 우리의  여행 에 지적 힐링을 안겨줘서    , 알라딘서재  100자평  일상이 고고학  나 혼자  경주 여행  일상이 고고학  나 혼자  경주 여행    개정증보판   일상이 고고학 시리즈 2 황윤 지음   책읽는고양이   2020년 10월 평점   아름다운  경주 의 풍경에 고고학을 더하여 우리의  여행 에 지적 힐링을 안겨줘서    
경주 여행,177,  경주여행   주상절리   경주  스탬프투어 그 첫번째 목적지  주상절    , 경주여행    스탬프투어   주상절리   해변둘레길  경주  주상절리 파도소리길 드디어 시작되는  경주여행   여행 에 대한 설램 때문이었을까  오랫만에 밤잠을 설치다가 깨서 시계를 보니 6시가 조금 되지 않은 시간    ,  경주여행   주상절리   경주  스탬프투어 그 첫번째 목적지  주상절      경주여행    스탬프투어   주상절리   해변둘레길  경주  주상절리 파도소리길 드디어 시작되는  경주여행   여행 에 대한 설램 때문이었을까  오랫만에 밤잠을 설치다가 깨서 시계를 보니 6시가 조금 되지 않은 시간    
경주 여행,178,2FeRed s Conundrum of Life      경주여행   불국사  황남빵  교리김밥  산내소    ,Theme 불국사  황남빵  교리김밥  산내소고기 울산  Comments 후배녀석과 같이 갔던 짧은 1박2일의  경주   울산 여행  불국사에서 승의군과 천마총에서 첨성대쪽으로 난 길을 내려오다가 있는 나무그늘 내부전경       ,2FeRed s Conundrum of Life      경주여행   불국사  황남빵  교리김밥  산내소     Theme 불국사  황남빵  교리김밥  산내소고기 울산  Comments 후배녀석과 같이 갔던 짧은 1박2일의  경주   울산 여행  불국사에서 승의군과 천마총에서 첨성대쪽으로 난 길을 내려오다가 있는 나무그늘 내부전경       
경주 여행,179, 알라딘서재  100자평  일상이 고고학  나 혼자  경주 여행 ,혼자  경주 여행    개정증보판   일상이 고고학 시리즈 2 황윤 지음   책읽는고양이   2020년 10월 평점    경주  이야기는 봐도봐도 들어도들어도 재미있는거 같습니다  작가님의 혼자  경주 여행 기 기대해봅니다 , 알라딘서재  100자평  일상이 고고학  나 혼자  경주 여행  혼자  경주 여행    개정증보판   일상이 고고학 시리즈 2 황윤 지음   책읽는고양이   2020년 10월 평점    경주  이야기는 봐도봐도 들어도들어도 재미있는거 같습니다  작가님의 혼자  경주 여행 기 기대해봅니다 
경주 여행,180, 알라딘서재  100자평  일상이 고고학  나 혼자  경주 여행 ,개정증보판   일상이 고고학 시리즈 2 황윤 지음   책읽는고양이   2020년 10월 평점   어려서 그냥 학교에서 갔던  경주 가 지금 커서 공부하고 가니 또 다른 느낌이었습니다  꼭 읽어보시고  경주여행  가보세요, 알라딘서재  100자평  일상이 고고학  나 혼자  경주 여행  개정증보판   일상이 고고학 시리즈 2 황윤 지음   책읽는고양이   2020년 10월 평점   어려서 그냥 학교에서 갔던  경주 가 지금 커서 공부하고 가니 또 다른 느낌이었습니다  꼭 읽어보시고  경주여행  가보세요
경주 여행,181, 경주 여행 ,매화꽃과 산수유 예쁜  경주 로 간다  날씨가 늠 따뜻하다  바람도 많이 불고 봄햇살은 따뜻  점심먹고 늘 궁금해 했었던 황룡원을 돌아봤다  동국재단에서 운영하는 연수원인데 넘 웅장하고 잘꾸며져있다     , 경주 여행  매화꽃과 산수유 예쁜  경주 로 간다  날씨가 늠 따뜻하다  바람도 많이 불고 봄햇살은 따뜻  점심먹고 늘 궁금해 했었던 황룡원을 돌아봤다  동국재단에서 운영하는 연수원인데 넘 웅장하고 잘꾸며져있다     
경주 여행,182,  경주 여행   맷돌순부두 옆집 정화 송이 순두부   맛집의 옆집, 여행 지 아니라도 가격은 비싸니까  기본 반찬 셋팅 생선구이가 나와서 후배가 맛있게 섬세하게 발라줬다  하얀 순두부가 있었다니  맑은 순두부는 처음본다  파전도 하나  주문   경주  새송이 생탁주도 주문  낮술    ,  경주 여행   맷돌순부두 옆집 정화 송이 순두부   맛집의 옆집  여행 지 아니라도 가격은 비싸니까  기본 반찬 셋팅 생선구이가 나와서 후배가 맛있게 섬세하게 발라줬다  하얀 순두부가 있었다니  맑은 순두부는 처음본다  파전도 하나  주문   경주  새송이 생탁주도 주문  낮술    
경주 여행,183,  경주여행   경주 남산 칠불암 가는길, 경주  톨케이트입니다  경주 에 진입하였읍니다 서라벌 휴게소입니다 나는 통일전 주차장에 주차 하지 아니하고 염불사지 삼층석탑옆에 주차하였다 여기는 일찍 도착하여야 주차할수있다 나는 아침 7시에    ,  경주여행   경주 남산 칠불암 가는길  경주  톨케이트입니다  경주 에 진입하였읍니다 서라벌 휴게소입니다 나는 통일전 주차장에 주차 하지 아니하고 염불사지 삼층석탑옆에 주차하였다 여기는 일찍 도착하여야 주차할수있다 나는 아침 7시에    
경주 여행,184, 알라딘서재  100자평  일상이 고고학  나 혼자  경주 여행 ,일상이 고고학  나 혼자  경주 여행    개정증보판   일상이 고고학 시리즈 2 황윤 지음   책읽는고양이   2020년 10월 평점   이런 책 너무 좋아함  더구나  경주 라서 너무 마음에 듦  중학교 수학 여행 으로 왔던    , 알라딘서재  100자평  일상이 고고학  나 혼자  경주 여행  일상이 고고학  나 혼자  경주 여행    개정증보판   일상이 고고학 시리즈 2 황윤 지음   책읽는고양이   2020년 10월 평점   이런 책 너무 좋아함  더구나  경주 라서 너무 마음에 듦  중학교 수학 여행 으로 왔던    
경주 여행,185, 경주 여행 ,국내 여행  사진 국내 테마 여행   경주 여행  Theodor 2017  4  18  08 11 벚꽃이 거의 떨어지고 새잎이 나는 시기라 아쉬움 속에  경주 에 가다  대능원 출입문과 대능원의 소나무 숲 천마총 안압지 분황사 모전석탑   원래    , 경주 여행  국내 여행  사진 국내 테마 여행   경주 여행  Theodor 2017  4  18  08 11 벚꽃이 거의 떨어지고 새잎이 나는 시기라 아쉬움 속에  경주 에 가다  대능원 출입문과 대능원의 소나무 숲 천마총 안압지 분황사 모전석탑   원래    
경주 여행,186, 경주여행  배롱나무가 핀 첨성대 야경 16년8월18일 , 경주 를 수학 여행  때 다녀오고 단 한번도 가지 않은 사람  심지어 자녀의 역사유적 답사에 동행해서    이런 곳은 아무리 생각해봐도 국내에선  경주  밖에 없다   경주여행 의 특징 중 하나는 평온한 자연    , 경주여행  배롱나무가 핀 첨성대 야경 16년8월18일   경주 를 수학 여행  때 다녀오고 단 한번도 가지 않은 사람  심지어 자녀의 역사유적 답사에 동행해서    이런 곳은 아무리 생각해봐도 국내에선  경주  밖에 없다   경주여행 의 특징 중 하나는 평온한 자연    
경주 여행,187,  경주여행   힐튼호텔,한국에는 서울과  경주 에 호텔 체인이 있다  이상 두산백과  참고로  미국의 저명한 모델이자    철저히 손님을 배려한 호텔  그래서 2박 3일  경주여행 은 더 즐거울 수밖에 없었다 ,  경주여행   힐튼호텔 한국에는 서울과  경주 에 호텔 체인이 있다  이상 두산백과  참고로  미국의 저명한 모델이자    철저히 손님을 배려한 호텔  그래서 2박 3일  경주여행 은 더 즐거울 수밖에 없었다 
경주 여행,188, 경주여행  토함산 단풍터널   자연이 그려 낸 수채화     17년11월17일    , 경주 로 떠나는 단풍 여행 은 그윽한 숲길 두 곳을 느긋이 걷는 일이었다  불국사와 석굴암을 잇는 토함산 숲길과 함월산 수렛제를 넘는 고갯길은 굳이 신라 역사를 몰라도 걷기에 좋은 길이다   경주  시내를    , 경주여행  토함산 단풍터널   자연이 그려 낸 수채화     17년11월17일      경주 로 떠나는 단풍 여행 은 그윽한 숲길 두 곳을 느긋이 걷는 일이었다  불국사와 석굴암을 잇는 토함산 숲길과 함월산 수렛제를 넘는 고갯길은 굳이 신라 역사를 몰라도 걷기에 좋은 길이다   경주  시내를    
경주 여행,189,경북 여행   경주여행   경주 가볼만한곳 국밥맛집   수백당  경주 보문단    ,com 633 경북 여행   경주여행   경주 가볼만한곳  경주 교촌마을   교촌홍보관  아이와가볼만한곳 가족과가볼 2024년8월31일 가족과 함께한  여행  기록오늘은 가족 모임이 있어서 경북  경주 에 가게 되었어요3시에    ,경북 여행   경주여행   경주 가볼만한곳 국밥맛집   수백당  경주 보문단     com 633 경북 여행   경주여행   경주 가볼만한곳  경주 교촌마을   교촌홍보관  아이와가볼만한곳 가족과가볼 2024년8월31일 가족과 함께한  여행  기록오늘은 가족 모임이 있어서 경북  경주 에 가게 되었어요3시에    
경주 여행,190, 경주 황리단길카페   경주여행  카페능,카페능은 황리단길 메인거리내에 위치해 있어서 거리를 둘러보며 뚜벅이  여행 중에 쉬기 좋은 곳입니다  인테리어도 예쁘게 되어 있어서 더욱 눈길이 가는 카페입니다   경주 황리단길카페   경주여행  카페능 날씨    , 경주 황리단길카페   경주여행  카페능 카페능은 황리단길 메인거리내에 위치해 있어서 거리를 둘러보며 뚜벅이  여행 중에 쉬기 좋은 곳입니다  인테리어도 예쁘게 되어 있어서 더욱 눈길이 가는 카페입니다   경주 황리단길카페   경주여행  카페능 날씨    
경주 여행,191,  경주 여행   불국사역   경주 역에서 동대구까지 기차 무궁화호  시간    , 경주 역은 시외 고속 버스터미널과 신 경주 역이 모두 거리가 있어서  어디로  여행 할 지에 따라 대중 교통 종류가 달라지는데  서울이나 대전    경주  까지 2시간 이상 걸리는 먼 코스라고    ,  경주 여행   불국사역   경주 역에서 동대구까지 기차 무궁화호  시간      경주 역은 시외 고속 버스터미널과 신 경주 역이 모두 거리가 있어서  어디로  여행 할 지에 따라 대중 교통 종류가 달라지는데  서울이나 대전    경주  까지 2시간 이상 걸리는 먼 코스라고    
경주 여행,192, 알라딘서재  100자평  일상이 고고학  나 혼자  경주 여행 ,앞서  출간된 일상이 고고학  나혼자 백제  여행  에 이어 이번엔  경주 여행 입니다  전작인 백제  여행 이 만족 스러웠던 분들이라면 이번  경주 여행 에도 무조건 탑승 하시길 바랍니다 , 알라딘서재  100자평  일상이 고고학  나 혼자  경주 여행  앞서  출간된 일상이 고고학  나혼자 백제  여행  에 이어 이번엔  경주 여행 입니다  전작인 백제  여행 이 만족 스러웠던 분들이라면 이번  경주 여행 에도 무조건 탑승 하시길 바랍니다 
경주 여행,193, 알라딘서재  100자평  일상이 고고학  나 혼자  경주 여행 ,일상이 고고학  나 혼자  경주 여행    개정증보판  일상이 고고학 시리즈 2 황윤 지음   책읽는고양이   2020년 10월 평점   수학 여행  때는 역사의 의미를 모르고 지나쳤지만 이제는 작은 풍경 하나하나에서    , 알라딘서재  100자평  일상이 고고학  나 혼자  경주 여행  일상이 고고학  나 혼자  경주 여행    개정증보판  일상이 고고학 시리즈 2 황윤 지음   책읽는고양이   2020년 10월 평점   수학 여행  때는 역사의 의미를 모르고 지나쳤지만 이제는 작은 풍경 하나하나에서    
경주 여행,194, 알라딘서재  100자평  일상이 고고학  나 혼자  경주 여행 ,지음   책읽는고양이   2020년 10월 평점    경주  정말 좋아하는 도시입니다  시간 여행 하는 기분이 들어서 행복하거든요  코로나때문에  경주여행 도 꿈이 되어버렸네요  이 책으로 나 혼자  경주여행  해보고 싶네요 , 알라딘서재  100자평  일상이 고고학  나 혼자  경주 여행  지음   책읽는고양이   2020년 10월 평점    경주  정말 좋아하는 도시입니다  시간 여행 하는 기분이 들어서 행복하거든요  코로나때문에  경주여행 도 꿈이 되어버렸네요  이 책으로 나 혼자  경주여행  해보고 싶네요 
경주 여행,195, 경주 여행  ,파란 하늘 흰구름 동동 맑고 아름다운 날 신나게 고속도로를 달려  경주 로 간다  오늘은 힐링  여행   산송이 한우구이  언양불고기와 더덕구이로 자알 먹고 빵이랑 라떼한잔하고 노천온천으로 간다  파란하늘 보며    , 경주 여행   파란 하늘 흰구름 동동 맑고 아름다운 날 신나게 고속도로를 달려  경주 로 간다  오늘은 힐링  여행   산송이 한우구이  언양불고기와 더덕구이로 자알 먹고 빵이랑 라떼한잔하고 노천온천으로 간다  파란하늘 보며    
경주 여행,196, 알라딘서재  100자평  일상이 고고학  나 혼자  경주 여행 ,2020년 10월 평점   매년 봄 가을이면  경주여행 을 꿈꾸지만 아직도 실천 못하고 있는 사람입니다     이 책 읽고  경주 여행 가면 좀 더 알차게  경주 를 느낄 수 있을 것 같아 기대되요  열심히 읽어보겠습니다 , 알라딘서재  100자평  일상이 고고학  나 혼자  경주 여행  2020년 10월 평점   매년 봄 가을이면  경주여행 을 꿈꾸지만 아직도 실천 못하고 있는 사람입니다     이 책 읽고  경주 여행 가면 좀 더 알차게  경주 를 느낄 수 있을 것 같아 기대되요  열심히 읽어보겠습니다 
경주 여행,197,  경주여행 1   경주  나정맛집  나정에가면  라면맛집   경주 에도 바다가    ,나정에가면  경주여행  스토리 올려드릴께요   경주 에도 바다가 있다는 사실 아시나요   여행 지를 정하면서 저는 바다가 가고 싶었고  남편은 역사를 좋아해서 유적지가 있는  경주 에 가고 싶어했어요  그러던    ,  경주여행 1   경주  나정맛집  나정에가면  라면맛집   경주 에도 바다가     나정에가면  경주여행  스토리 올려드릴께요   경주 에도 바다가 있다는 사실 아시나요   여행 지를 정하면서 저는 바다가 가고 싶었고  남편은 역사를 좋아해서 유적지가 있는  경주 에 가고 싶어했어요  그러던    
경주 여행,198,가을  경주 여행  , 경주  도착  오늘은 작년 여름  경주여행 코스였던 서출지와 통일전 그리고 산림 연구원 둘러보고 핑크뮬리 예쁜 첨성대주변  황리단길 구경하고 헉헉  점심먹고 커피한잔 하면서 숨돌린다  조금씩 가을이 찾아오는    ,가을  경주 여행    경주  도착  오늘은 작년 여름  경주여행 코스였던 서출지와 통일전 그리고 산림 연구원 둘러보고 핑크뮬리 예쁜 첨성대주변  황리단길 구경하고 헉헉  점심먹고 커피한잔 하면서 숨돌린다  조금씩 가을이 찾아오는    
경주 여행,199, 알라딘서재  100자평  일상이 고고학  나 혼자  경주 여행 ,일상이 고고학  나 혼자  경주 여행    개정증보판   일상이 고고학 시리즈 2 황윤 지음   책읽는고양이   2020년 10월 평점   수학 여행  이후로 가보지 못했던  경주여행 에 대해 다시 생각해보게 되네요   경주 와    , 알라딘서재  100자평  일상이 고고학  나 혼자  경주 여행  일상이 고고학  나 혼자  경주 여행    개정증보판   일상이 고고학 시리즈 2 황윤 지음   책읽는고양이   2020년 10월 평점   수학 여행  이후로 가보지 못했던  경주여행 에 대해 다시 생각해보게 되네요   경주 와    
경주 여행,200, 알라딘서재  100자평  일상이 고고학  나 혼자  경주 여행 ,일상이 고고학  나 혼자  경주 여행    개정증보판   일상이 고고학 시리즈 2 황윤 지음   책읽는고양이   2020년 10월 평점    경주 를 가본 적이 몇 번 있지만  제대로된 구경을 해보지 못 한 것 같네요  코로나로    , 알라딘서재  100자평  일상이 고고학  나 혼자  경주 여행  일상이 고고학  나 혼자  경주 여행    개정증보판   일상이 고고학 시리즈 2 황윤 지음   책읽는고양이   2020년 10월 평점    경주 를 가본 적이 몇 번 있지만  제대로된 구경을 해보지 못 한 것 같네요  코로나로    
경주 여행,201, 경주여행 은 원데이 택시투어 ,감사합니다 D 구매하러가기 https   smartstore naver com dptour products 5981873243  경주  핫플레이스 원데이택시투어   돌고래 여행 사 돌핀스토어  경주  핫플레이스 원데이택시투어 smartstore naver com, 경주여행 은 원데이 택시투어  감사합니다 D 구매하러가기 https   smartstore naver com dptour products 5981873243  경주  핫플레이스 원데이택시투어   돌고래 여행 사 돌핀스토어  경주  핫플레이스 원데이택시투어 smartstore naver com
경주 여행,202,  여행  울산  경주 여행  Part4   동궁과 월지  빛누리정원  성호리조트,장생포는 고래문화특구 라는 이름으로 고래를 주제로 한 다채로운 관광지를 형성해두었는데 사실 고래박물관이나 생태체 jinstistory tistory com 2023 08 16     여행  국내 여행       여행  울산  경주 여행  Part3    경주     ,  여행  울산  경주 여행  Part4   동궁과 월지  빛누리정원  성호리조트 장생포는 고래문화특구 라는 이름으로 고래를 주제로 한 다채로운 관광지를 형성해두었는데 사실 고래박물관이나 생태체 jinstistory tistory com 2023 08 16     여행  국내 여행       여행  울산  경주 여행  Part3    경주     
경주 여행,203,루비의 정원    설연휴  경주 여행   신 경주 역에서 시작하세요, 신청은 신 경주 역  여행  센터  광활한 부지에 자리잡은 신 경주 역은 역사 마당도 엄청나게 너른데    연휴  여행 을 계획하고 계신 분은 KTX를 이용한  경주 여행 은 어떠하신지       Copyright 2011  루비  All pictures    ,루비의 정원    설연휴  경주 여행   신 경주 역에서 시작하세요  신청은 신 경주 역  여행  센터  광활한 부지에 자리잡은 신 경주 역은 역사 마당도 엄청나게 너른데    연휴  여행 을 계획하고 계신 분은 KTX를 이용한  경주 여행 은 어떠하신지       Copyright 2011  루비  All pictures    
경주 여행,204, 경주 여행  출장  깨끗하고 조식이 제공되는 에이치에비뉴 호텔을 소    , 경주  불국사까지 도보로 단 15분 거리에 있어서   여행 의 피로함을 조금이나마 덜 수 있었습니다  아침 일찍 불국사를 방문해 한적하고 고요한 분위기 속에서 산책을 즐기기에 최적의 위치였습니다  꿀스테이    , 경주 여행  출장  깨끗하고 조식이 제공되는 에이치에비뉴 호텔을 소      경주  불국사까지 도보로 단 15분 거리에 있어서   여행 의 피로함을 조금이나마 덜 수 있었습니다  아침 일찍 불국사를 방문해 한적하고 고요한 분위기 속에서 산책을 즐기기에 최적의 위치였습니다  꿀스테이    
경주 여행,205,설레임 패밀리 일상,오늘의 목적지는  경주  회사 제휴로 숙소를 저렴하게 예약하고  경주 로 나선다   경주 에 도착하자마자 배가 고파서 우리가족이 좋아하는 국수집을 찾아본다  와이프가 검색해서 찾아간 곳은 갈비랑 국수랑    ,설레임 패밀리 일상 오늘의 목적지는  경주  회사 제휴로 숙소를 저렴하게 예약하고  경주 로 나선다   경주 에 도착하자마자 배가 고파서 우리가족이 좋아하는 국수집을 찾아본다  와이프가 검색해서 찾아간 곳은 갈비랑 국수랑    
경주 여행,206, 경주여행  야경이 이쁜 안압지 첨성대 16년3월31일 ,어울린다  경주 여행 에서 빠질수 없는 관광지 중 하나인 첨성대   첨성대는 신라시대에 별을 관측하기        최근  경주 를  여행 하는 이들이 꼭 빼놓지 않는  여행 코스가 있다  다름 아닌  경주 의 야경을 둘러보는 것     , 경주여행  야경이 이쁜 안압지 첨성대 16년3월31일  어울린다  경주 여행 에서 빠질수 없는 관광지 중 하나인 첨성대   첨성대는 신라시대에 별을 관측하기        최근  경주 를  여행 하는 이들이 꼭 빼놓지 않는  여행 코스가 있다  다름 아닌  경주 의 야경을 둘러보는 것     
경주 여행,207,경북  경주여행  불국사 단아함과 정숙함이 묻어나는 겹벚꽃 왕벚꽃     ,벚꽃이 다 지고나면 피는 겹벗꽃 봄  여행 을 즐기는 고수라면 서둘러  경주 행 티켓을 예약하자  또다시  경주 가 들썩이고 있다 다  경주 지역 벚꽃은 거의 떨어지고 불국사 쪽이 겹벚꽃으로 유명하다  불국사 입구에    ,경북  경주여행  불국사 단아함과 정숙함이 묻어나는 겹벚꽃 왕벚꽃      벚꽃이 다 지고나면 피는 겹벗꽃 봄  여행 을 즐기는 고수라면 서둘러  경주 행 티켓을 예약하자  또다시  경주 가 들썩이고 있다 다  경주 지역 벚꽃은 거의 떨어지고 불국사 쪽이 겹벚꽃으로 유명하다  불국사 입구에    
경주 여행,208,경북  경주여행  1일차 하얀 목련이 필때면    경주  대릉원 목련 낮풍경    ,최근  경주 를  여행 하는 이들이 꼭 빼놓지 않는  여행 코스가 있다  다름 아닌  경주 의 야경을 둘러보는 것     연인과 함께  경주 여행 을 떠나게 될 당신을 위한 야경 투어 코스를 소개한다   경주 여행 을 준비하고 있는    ,경북  경주여행  1일차 하얀 목련이 필때면    경주  대릉원 목련 낮풍경     최근  경주 를  여행 하는 이들이 꼭 빼놓지 않는  여행 코스가 있다  다름 아닌  경주 의 야경을 둘러보는 것     연인과 함께  경주 여행 을 떠나게 될 당신을 위한 야경 투어 코스를 소개한다   경주 여행 을 준비하고 있는    
경주 여행,209,경북  경주여행  왕의 다리   경주  월정교      18년7월21일 ,잠시 교촌마을에 도착하니 뜻하지 않은 행사에 잠시 쉬어간다 최근  경주 를  여행 하는 이들이 꼭 빼놓지    연인과 함께  경주 여행 을 떠나게 될 당신을 위한 야경 투어 코스를 소개한다   경주 여행 을 준비하고 있는    ,경북  경주여행  왕의 다리   경주  월정교      18년7월21일  잠시 교촌마을에 도착하니 뜻하지 않은 행사에 잠시 쉬어간다 최근  경주 를  여행 하는 이들이 꼭 빼놓지    연인과 함께  경주 여행 을 떠나게 될 당신을 위한 야경 투어 코스를 소개한다   경주 여행 을 준비하고 있는    
경주 여행,210, 경주여행  세계문화유산  경주  양동마을 봄나들이 18년3월29일 ,시간 여행 을 떠나고 싶다면 옛 조상들의 삶의 모습을 고스란히 간직한 채 수백 년의 숨결을 이어 온 양동마을이 제격이 아닐까  주소 경상북도  경주 시 강동면 양동마을길 138 18 지번 경상북도  경주 시 강동면    , 경주여행  세계문화유산  경주  양동마을 봄나들이 18년3월29일  시간 여행 을 떠나고 싶다면 옛 조상들의 삶의 모습을 고스란히 간직한 채 수백 년의 숨결을 이어 온 양동마을이 제격이 아닐까  주소 경상북도  경주 시 강동면 양동마을길 138 18 지번 경상북도  경주 시 강동면    
경주 여행,211, 경주여행  보문단지 벚꽃은 보문호반길 화사한 봄 선사하는 벗꽃 17    ,최적의  여행 지이다  차없는 도로 및 벗꽃길 이른 시각에 와야 제대로 힐링 되는 곳이다  만개해 아름다운 경관을 이루고 있다  경주 보문단지는  경주 시가지에서 동쪽으로 약 10여  정도 떨어진 명활산 옛성터에    , 경주여행  보문단지 벚꽃은 보문호반길 화사한 봄 선사하는 벗꽃 17     최적의  여행 지이다  차없는 도로 및 벗꽃길 이른 시각에 와야 제대로 힐링 되는 곳이다  만개해 아름다운 경관을 이루고 있다  경주 보문단지는  경주 시가지에서 동쪽으로 약 10여  정도 떨어진 명활산 옛성터에    
경주 여행,212, 경주 여행 에서 많은 사람들이 지나치는 곳,몇몇 지인들의 경험과 제 생각을 더해   경주 여행 에서 좀 더 주목하면 좋을 만한 장소들을 정리해    고즈넉한 산사  옥천사  경주 는 수학 여행 의 성지이자 역사 탐방의 중심지로 알려져 있지만  그 주변으로    , 경주 여행 에서 많은 사람들이 지나치는 곳 몇몇 지인들의 경험과 제 생각을 더해   경주 여행 에서 좀 더 주목하면 좋을 만한 장소들을 정리해    고즈넉한 산사  옥천사  경주 는 수학 여행 의 성지이자 역사 탐방의 중심지로 알려져 있지만  그 주변으로    
경주 여행,213,14개월 아기랑  경주여행  후기  정글의 법칙 미디어 파크  버드파크      ,그래도  여행  일정중에 비가온다면 다녀오기 딱 좋은 곳 같다   경주  버드파크 위치  경북  경주 시 보문로 74 14  북군동 185 1  전화  054 777 7200 운영시간  10 00   19 00 입장료   대인  20 000원  소인  15 000원    ,14개월 아기랑  경주여행  후기  정글의 법칙 미디어 파크  버드파크       그래도  여행  일정중에 비가온다면 다녀오기 딱 좋은 곳 같다   경주  버드파크 위치  경북  경주 시 보문로 74 14  북군동 185 1  전화  054 777 7200 운영시간  10 00   19 00 입장료   대인  20 000원  소인  15 000원    
경주 여행,214, 알라딘서재  100자평  일상이 고고학  나 혼자  경주 여행 ,일상이 고고학  나 혼자  경주 여행    개정증보판   일상이 고고학 시리즈 2 황윤 지음   책읽는고양이   2020년 10월 평점   역사를 사랑하고 덕질하는 사람의 눈으로 바라본  경주   아는 만큼 보이고  사랑하는    , 알라딘서재  100자평  일상이 고고학  나 혼자  경주 여행  일상이 고고학  나 혼자  경주 여행    개정증보판   일상이 고고학 시리즈 2 황윤 지음   책읽는고양이   2020년 10월 평점   역사를 사랑하고 덕질하는 사람의 눈으로 바라본  경주   아는 만큼 보이고  사랑하는    
경주 여행,215, 경주여행  20200727,08 02  경주여행  20200728  0  2020 08 02  경주여행  20200727  0  2020 08 02 1일 3평화  0  2020 07 13 강릉 여행  서나무  0  2020 07 08 강릉 여행   0  2020 07 08, 경주여행  20200727 08 02  경주여행  20200728  0  2020 08 02  경주여행  20200727  0  2020 08 02 1일 3평화  0  2020 07 13 강릉 여행  서나무  0  2020 07 08 강릉 여행   0  2020 07 08
경주 여행,216,  경주여행   한옥 숙소   소설재 첨성대점 비향 15만원 , 경주여행  한옥숙소 이름도 특이한  소설재  첨성대점  첨성대랑 진짜 가까워서 첨성대점인듯     낮에도 이쁘고  밤에는 더더 이쁜 한옥  소설재 너무너무너무 인기있는 곳이라서 주말에 묶으려면    ,  경주여행   한옥 숙소   소설재 첨성대점 비향 15만원   경주여행  한옥숙소 이름도 특이한  소설재  첨성대점  첨성대랑 진짜 가까워서 첨성대점인듯     낮에도 이쁘고  밤에는 더더 이쁜 한옥  소설재 너무너무너무 인기있는 곳이라서 주말에 묶으려면    
경주 여행,217, 경주여행 , 경주 까지 이동은 기차 여행   경주 내에서는 자전거 여행  도보 여행  버스투어 모두 가능하다  경주여행 코스   시내권    천마총   왕릉   첨성대   계림   포석정   안압지    , 경주여행   경주 까지 이동은 기차 여행   경주 내에서는 자전거 여행  도보 여행  버스투어 모두 가능하다  경주여행 코스   시내권    천마총   왕릉   첨성대   계림   포석정   안압지    
경주 여행,218, 알라딘서재 황금호두 열리면 무웅이와 함께 떠나는  경주여행 ,코스의  여행 인데도 매 번 새로운 느낌이 들어 자꾸만  경주 를 찾게 되는것 같다 매 번 새로운 느낌을 주는  경주여행 에 푹 빠져있는데 신라에서 온 아이와 함께하는  경주여행 은 더 새롭게 다가왔다 한참 티비에서    , 알라딘서재 황금호두 열리면 무웅이와 함께 떠나는  경주여행  코스의  여행 인데도 매 번 새로운 느낌이 들어 자꾸만  경주 를 찾게 되는것 같다 매 번 새로운 느낌을 주는  경주여행 에 푹 빠져있는데 신라에서 온 아이와 함께하는  경주여행 은 더 새롭게 다가왔다 한참 티비에서    
경주 여행,219, 경주여행  감포 여행  송대말등대빛체험전시관  여행 ,위치  경북  경주 시 척사길 18 94 2  운영시간   09 00   18 00 3  연중무휴 4  대표전화   054 744 3233 5  입장료   무료 송대말등대 빛 체험관은 아이와 함께  여행 가기에 좋고 점심시간 12 00   13 00 운영을 안하니    , 경주여행  감포 여행  송대말등대빛체험전시관  여행  위치  경북  경주 시 척사길 18 94 2  운영시간   09 00   18 00 3  연중무휴 4  대표전화   054 744 3233 5  입장료   무료 송대말등대 빛 체험관은 아이와 함께  여행 가기에 좋고 점심시간 12 00   13 00 운영을 안하니    
경주 여행,220, 알라딘서재  100자평  일상이 고고학  나 혼자  경주 여행 ,일상이 고고학  나 혼자  경주 여행    개정증보판   일상이 고고학 시리즈 2 황윤 지음   책읽는고양이    못한 지가 한참 되었는데 오랜만에 저자와 함께  경주 를 걸으며 역사  여행 을 하는 느낌을 주는 책이네요 , 알라딘서재  100자평  일상이 고고학  나 혼자  경주 여행  일상이 고고학  나 혼자  경주 여행    개정증보판   일상이 고고학 시리즈 2 황윤 지음   책읽는고양이    못한 지가 한참 되었는데 오랜만에 저자와 함께  경주 를 걸으며 역사  여행 을 하는 느낌을 주는 책이네요 
경주 여행,221, 여행 이좋다     교리김밥      경주 맛집     경주여행 하면서 들린 김밥    , 경주  남산 등산을 포함해서 당일치기로  경주여행 을 계획하고 다녀왔습니다  그 첫번째 코스로  경주 에선    여하튼 저처럼  여행  중에 한번 정도는 가볼만한 집이라는 생각이네요  특히나 남산같은 산에    , 여행 이좋다     교리김밥      경주 맛집     경주여행 하면서 들린 김밥      경주  남산 등산을 포함해서 당일치기로  경주여행 을 계획하고 다녀왔습니다  그 첫번째 코스로  경주 에선    여하튼 저처럼  여행  중에 한번 정도는 가볼만한 집이라는 생각이네요  특히나 남산같은 산에    
경주 여행,222,안녕 2014년  경주 여행 ,2014년을 그냥 보내기가 좀 아쉬워서 좋아하는  경주 로 기차타고 떠났다  몇일전엔 크리스마스  경주여행  오늘은 안녕 2014년  경주여행    이번  여행 은 럭셔리 컨셉으로 좋은 호텔에서    ,안녕 2014년  경주 여행  2014년을 그냥 보내기가 좀 아쉬워서 좋아하는  경주 로 기차타고 떠났다  몇일전엔 크리스마스  경주여행  오늘은 안녕 2014년  경주여행    이번  여행 은 럭셔리 컨셉으로 좋은 호텔에서    
경주 여행,223, 알라딘서재  경주 여행  이야기, 일상이 고고학  나 혼자  경주 여행  은  경주 를 무대로 한  여행  에세이풍의 글을 만날 수 있는 책으로   경주 에서 유명한 문화재에 대한 사전 지식을 줄줄 읊는 것 외에도 얼마든지 재미있고 의미 있는  여행 을 할    , 알라딘서재  경주 여행  이야기  일상이 고고학  나 혼자  경주 여행  은  경주 를 무대로 한  여행  에세이풍의 글을 만날 수 있는 책으로   경주 에서 유명한 문화재에 대한 사전 지식을 줄줄 읊는 것 외에도 얼마든지 재미있고 의미 있는  여행 을 할    
경주 여행,224,  경주여행  3일차 놀부보쌈  경주  황오점 배달후기, 경주여행  3번째 날 숙소로 황남관에 머물게 되었어요   여행  3일차 저녁이라 아이들도 지치고 저와    배민에 놀부보쌈 검색해보니  경주 황오점에서 배달이 가능하다고 나오네요  저희는 황남관에 머물었기 때문에    ,  경주여행  3일차 놀부보쌈  경주  황오점 배달후기  경주여행  3번째 날 숙소로 황남관에 머물게 되었어요   여행  3일차 저녁이라 아이들도 지치고 저와    배민에 놀부보쌈 검색해보니  경주 황오점에서 배달이 가능하다고 나오네요  저희는 황남관에 머물었기 때문에    
경주 여행,225, 경주여행 코스 읍천항 주상절리 파도소리길, 경주 에는 주상절리가 제주도만큼이나 이쁜 곳이 있다  게다가 조용한 읍천항을 끼고 있어 더 좋았던  경주여행 코스  읍천항옆에 자리한 주상절리 파도소리길은 넓은 주차장도 갖추고 있어 길을 따라 등대까지    , 경주여행 코스 읍천항 주상절리 파도소리길  경주 에는 주상절리가 제주도만큼이나 이쁜 곳이 있다  게다가 조용한 읍천항을 끼고 있어 더 좋았던  경주여행 코스  읍천항옆에 자리한 주상절리 파도소리길은 넓은 주차장도 갖추고 있어 길을 따라 등대까지    
경주 여행,226, 경주여행 에 꼭 필요한  경주 시외버스터미널 시간표 및 요금표, 경주여행 에 꼭 필요한  경주 시외버스터미널 시간표 및 요금표 신라의 고도  경주   경주여행 을 하는 분들에게 꼭 필요한 정보입니다  요즘 버스를 이용해  여행 을 많이 하다 보니 이런 정보의 필요성을 느껴서    , 경주여행 에 꼭 필요한  경주 시외버스터미널 시간표 및 요금표  경주여행 에 꼭 필요한  경주 시외버스터미널 시간표 및 요금표 신라의 고도  경주   경주여행 을 하는 분들에게 꼭 필요한 정보입니다  요즘 버스를 이용해  여행 을 많이 하다 보니 이런 정보의 필요성을 느껴서    
경주 여행,227,  경주여행    경주  겹벚꽃 명소   불국사  사람도 많고 벚꽃도 많고   ,주말에 시내에서 불국사 가는길   붕붕이 지옥     진짜  경주 에  여행 온 모든 사람이 불국사 가는 느낌  뭘 상상하든 그 이상을 느끼게 될듯    우리는 택시타고간기 신의 한수였음 골목길로 샛길로 마구마구    ,  경주여행    경주  겹벚꽃 명소   불국사  사람도 많고 벚꽃도 많고    주말에 시내에서 불국사 가는길   붕붕이 지옥     진짜  경주 에  여행 온 모든 사람이 불국사 가는 느낌  뭘 상상하든 그 이상을 느끼게 될듯    우리는 택시타고간기 신의 한수였음 골목길로 샛길로 마구마구    
경주 여행,228, 경주 여행  및 차량대절 가격 공유  , 정답은 바로 천년고도   경주   랍니다  이제 우렁찬 매미 소리는 멀어지고 귀뚜라미 소리가 가까워지는 풍요의 계절  가을이 왔습니다     가을  경주 를 감상하기 위해 많은 분들이 돌고래 여행 사  경주 여행     , 경주 여행  및 차량대절 가격 공유    정답은 바로 천년고도   경주   랍니다  이제 우렁찬 매미 소리는 멀어지고 귀뚜라미 소리가 가까워지는 풍요의 계절  가을이 왔습니다     가을  경주 를 감상하기 위해 많은 분들이 돌고래 여행 사  경주 여행     
경주 여행,229,  경주여행    동궁과 월지   안압지   경주  야경 명소 즐기기,야수리는  여행  중   경주여행  목적이  동궁과 월지  구 안압지 라고해도 과언이 아닐정도로      신기방기  경주 에서 일박을 어찌저찌 더하게된 나는 너무 돌아다녀서인지 치맥이 땡겼구   에어비엔비 바로 앞에    ,  경주여행    동궁과 월지   안압지   경주  야경 명소 즐기기 야수리는  여행  중   경주여행  목적이  동궁과 월지  구 안압지 라고해도 과언이 아닐정도로      신기방기  경주 에서 일박을 어찌저찌 더하게된 나는 너무 돌아다녀서인지 치맥이 땡겼구   에어비엔비 바로 앞에    
경주 여행,230, 알라딘서재  100자평  일상이 고고학  나 혼자  경주 여행 ,일상이 고고학  나 혼자  경주 여행    개정증보판  일상이 고고학 시리즈 2 황윤 지음   책읽는고양이   2020년 10월 평점   신라유적지에 대해서 전문가인 저저의 안목이 독보이는 책 같습니다  경주 를 100번도    , 알라딘서재  100자평  일상이 고고학  나 혼자  경주 여행  일상이 고고학  나 혼자  경주 여행    개정증보판  일상이 고고학 시리즈 2 황윤 지음   책읽는고양이   2020년 10월 평점   신라유적지에 대해서 전문가인 저저의 안목이 독보이는 책 같습니다  경주 를 100번도    
경주 여행,231,3월의  경주여행  ,첨가본 동궁원  예쁜 꽃들 만나고 좋아하는 커피열매도 보고 비맞으면서 노천온천 잘먹고 잘쉬고 행복한  경주 여행  ,3월의  경주여행   첨가본 동궁원  예쁜 꽃들 만나고 좋아하는 커피열매도 보고 비맞으면서 노천온천 잘먹고 잘쉬고 행복한  경주 여행  
경주 여행,232, 경주여행  황리단길 보문단지 왕릉탐방 데이트코스,https   youtu be  nZzijKooIk 밤의  황리단길 은 참 예쁘고 마음 한켠이 낭만으로 차오르는 경상도에서 흔치 않은 젊은거리 바로 옆은   경주 유적지 에 오래된 한옥  천년고도  경주 와는 사뭇 어울리면서도    , 경주여행  황리단길 보문단지 왕릉탐방 데이트코스 https   youtu be  nZzijKooIk 밤의  황리단길 은 참 예쁘고 마음 한켠이 낭만으로 차오르는 경상도에서 흔치 않은 젊은거리 바로 옆은   경주 유적지 에 오래된 한옥  천년고도  경주 와는 사뭇 어울리면서도    
경주 여행,233, 경주여행 밀면, 경주 에서 먹어본   경주여행 밀면  맛보기 가격도 착해 5000원 비빔밀면 물밀면도 5000원 더해먹는 떡갈비는 2000원 12 000원 밥상 그리고 뜨거운 육수까지 맛평가는 입맛따라 취향별로    나따루 너따루   , 경주여행 밀면  경주 에서 먹어본   경주여행 밀면  맛보기 가격도 착해 5000원 비빔밀면 물밀면도 5000원 더해먹는 떡갈비는 2000원 12 000원 밥상 그리고 뜨거운 육수까지 맛평가는 입맛따라 취향별로    나따루 너따루   
경주 여행,234,1박2일  경주여행   경주 엑스포대공원,2025  08  16  토   푸른애벌레의 꿈   경주여행  둘째날  보문호 주변길 걷기  10시에  경주 엑스포대공원 입장   경주 엑스포기념관  천마의궁전   경주 타워  솔거미술관  자연사박물관 ,1박2일  경주여행   경주 엑스포대공원 2025  08  16  토   푸른애벌레의 꿈   경주여행  둘째날  보문호 주변길 걷기  10시에  경주 엑스포대공원 입장   경주 엑스포기념관  천마의궁전   경주 타워  솔거미술관  자연사박물관 
경주 여행,235,2020년 6월  경주여행  동방역 능소화 서출지 경북산림연구원 ,2020년 6월25일 목   경주여행  동방역 능소화 서출지 경북산림연구원 ,2020년 6월  경주여행  동방역 능소화 서출지 경북산림연구원  2020년 6월25일 목   경주여행  동방역 능소화 서출지 경북산림연구원 
경주 여행,236,모녀와 함께  경주여행     바보곰 블로그,모녀와 함께한  경주여행  2019 10 15  첨성대 야생화단지  계림  월지 안압지    계림 월지 안압지 의 야경  경주 박물관 10 16  김유신장군 묘,모녀와 함께  경주여행     바보곰 블로그 모녀와 함께한  경주여행  2019 10 15  첨성대 야생화단지  계림  월지 안압지    계림 월지 안압지 의 야경  경주 박물관 10 16  김유신장군 묘
경주 여행,237, 경주여행  석굴암,2018 10 7, 경주여행  석굴암 2018 10 7
경주 여행,238, 알라딘서재 일상이 고고학 나 혼자  경주 여행 ,일상이 고고학  나 혼자  경주 여행    개정증보판  일상이 고고학 시리즈 2 황윤 지음   책읽는고양이   2020년 10월 평점   수학 여행 으로 갔던  경주 의 추억을 또 다시 한번  경주 는 역사도 그렇고 알면 알수록    , 알라딘서재 일상이 고고학 나 혼자  경주 여행  일상이 고고학  나 혼자  경주 여행    개정증보판  일상이 고고학 시리즈 2 황윤 지음   책읽는고양이   2020년 10월 평점   수학 여행 으로 갔던  경주 의 추억을 또 다시 한번  경주 는 역사도 그렇고 알면 알수록    
경주 여행,239, 알라딘서재  100자평  일상이 고고학  나 혼자  경주 여행 ,일상이 고고학  나 혼자  경주 여행    개정증보판  일상이 고고학 시리즈 2 황윤 지음   책읽는고양이   2020년 10월 평점   삼국 시대에 관한 거의 모든 자료를 섭렵한 소장 역사학자의 순수한 시각과 생생한    , 알라딘서재  100자평  일상이 고고학  나 혼자  경주 여행  일상이 고고학  나 혼자  경주 여행    개정증보판  일상이 고고학 시리즈 2 황윤 지음   책읽는고양이   2020년 10월 평점   삼국 시대에 관한 거의 모든 자료를 섭렵한 소장 역사학자의 순수한 시각과 생생한    
경주 여행,240, 경주여행 경비 2박3일  경주여행  혼자서 떠난  경주 , 2박3일  경주여행     이동수단   시외버스   경주  내 버스 택시  시티투어버스   2박3일    Total  13 140  기타 생필품    여행 용 샴푸   린스   바디워시   버블망    5 490 Total 경비  148 080, 경주여행 경비 2박3일  경주여행  혼자서 떠난  경주   2박3일  경주여행     이동수단   시외버스   경주  내 버스 택시  시티투어버스   2박3일    Total  13 140  기타 생필품    여행 용 샴푸   린스   바디워시   버블망    5 490 Total 경비  148 080
경주 여행,241, 경북  경주여행  현대호텔  경주 ,  경주여행   경주  현대호텔 현대호텔  경주  보문수상공연장  경주  보문관광단지 보문호반길  경주 신라컨트리클럽   경주여행  숙박 현대호텔  방문일자  2016년 9월 7일 수  현대호텔  경주  경북  경주 시 신평동    , 경북  경주여행  현대호텔  경주    경주여행   경주  현대호텔 현대호텔  경주  보문수상공연장  경주  보문관광단지 보문호반길  경주 신라컨트리클럽   경주여행  숙박 현대호텔  방문일자  2016년 9월 7일 수  현대호텔  경주  경북  경주 시 신평동    
경주 여행,242, 경주여행 3 석굴암 불국사 ,09 43  경주여행 3 석굴암 불국사     여행 일시   2011년4월22일 4월24일    여행 장소   세째날 4월24일    석굴암  불국사    여행 참여   우리가족 9명 송국영 안종순 송진주 김홍식 김연우 송연주 조광민    , 경주여행 3 석굴암 불국사  09 43  경주여행 3 석굴암 불국사     여행 일시   2011년4월22일 4월24일    여행 장소   세째날 4월24일    석굴암  불국사    여행 참여   우리가족 9명 송국영 안종순 송진주 김홍식 김연우 송연주 조광민    
경주 여행,243,  경주여행   대릉원  스탬프투어  그 다섯번째 이야기  대릉원천마    ,경북 여행     경주여행     경주 스탬프투어    경주 오릉 대릉원 천마총    경주 오릉 교촌마을 투어를 마치고 다음으로 찾아간 곳은 바로   경주 오릉  이다 교촌마을을 돌면서 조금 지치는 듯한 느낌이 있었는데 맛나는    ,  경주여행   대릉원  스탬프투어  그 다섯번째 이야기  대릉원천마     경북 여행     경주여행     경주 스탬프투어    경주 오릉 대릉원 천마총    경주 오릉 교촌마을 투어를 마치고 다음으로 찾아간 곳은 바로   경주 오릉  이다 교촌마을을 돌면서 조금 지치는 듯한 느낌이 있었는데 맛나는    
경주 여행,244,  경주여행  유적지 트레킹, 대상지    경주여행  유적지 트레킹   소재지   경북  경주 시  일 자   2023 10 1  코 스   동궁과월지 반월상 교촌 대릉원 쪽샘44호고분 분황사 황룡사역사문화원 동궁과월지주차장   약 9 0Km  반월성에서    ,  경주여행  유적지 트레킹  대상지    경주여행  유적지 트레킹   소재지   경북  경주 시  일 자   2023 10 1  코 스   동궁과월지 반월상 교촌 대릉원 쪽샘44호고분 분황사 황룡사역사문화원 동궁과월지주차장   약 9 0Km  반월성에서    
경주 여행,245, 경주여행 ,2020년 06월 13 14일 토 일요일  오전 비 오후 맑음   경주 에서  고향친구들과 함께 신라대종 장맛비가 시작되는 육월중순 고향친구들과 함께  경주 에서 즐거운  여행 을 하다    대릉원 돌담길 걸어주고    황리단길도    , 경주여행  2020년 06월 13 14일 토 일요일  오전 비 오후 맑음   경주 에서  고향친구들과 함께 신라대종 장맛비가 시작되는 육월중순 고향친구들과 함께  경주 에서 즐거운  여행 을 하다    대릉원 돌담길 걸어주고    황리단길도    
경주 여행,246,  경주 여행  이야기가 있는  경주여행 , 여행  계명대학교  경주 동산병원  천년의 신라고도  경주여행    여행 일자  2016년 9월 7일 목    여행 인원  친구와 함께  경주 시외버스터미널 경북  경주 시 노서동 160 2 전화  1666 5599  경주 시외버스터미널    ,  경주 여행  이야기가 있는  경주여행   여행  계명대학교  경주 동산병원  천년의 신라고도  경주여행    여행 일자  2016년 9월 7일 목    여행 인원  친구와 함께  경주 시외버스터미널 경북  경주 시 노서동 160 2 전화  1666 5599  경주 시외버스터미널    
경주 여행,247, 경주여행  동궁과 월지  안압지 야경보기 ,해외  여행  이야기  여행  후기  경주여행  동궁과 월지  안압지 야경보기  훌리아 2020  3  25  15 17 2019년 여름  경주  사진 보관 1 구독하기  해외  여행  이야기  여행  후기  Related Articles    , 경주여행  동궁과 월지  안압지 야경보기  해외  여행  이야기  여행  후기  경주여행  동궁과 월지  안압지 야경보기  훌리아 2020  3  25  15 17 2019년 여름  경주  사진 보관 1 구독하기  해외  여행  이야기  여행  후기  Related Articles    
경주 여행,248, 알라딘서재  100자평  일상이 고고학  나 혼자  경주 여행 ,일상이 고고학  나 혼자  경주 여행    개정증보판   일상이 고고학 시리즈 2 황윤 지음   책읽는고양이    재미있게  경주 를  여행 하는데 길잡이가 되어주는 책입니다   경주 를 더 풍부하게 이해할 수 있어    , 알라딘서재  100자평  일상이 고고학  나 혼자  경주 여행  일상이 고고학  나 혼자  경주 여행    개정증보판   일상이 고고학 시리즈 2 황윤 지음   책읽는고양이    재미있게  경주 를  여행 하는데 길잡이가 되어주는 책입니다   경주 를 더 풍부하게 이해할 수 있어    
경주 여행,249,  경주  가볼만한 곳   경주 여행  코스 뚜벅이로 불국사  석굴암 대중교    ,naver com loveartlove 223054447834 다시 서울로 올라갈 채비를 했다   경주    경주여행    경주 불국사  불국사  봄 여행   국보  다보탑  석가탑  석굴암입장료   경주 가볼만한곳,  경주  가볼만한 곳   경주 여행  코스 뚜벅이로 불국사  석굴암 대중교     naver com loveartlove 223054447834 다시 서울로 올라갈 채비를 했다   경주    경주여행    경주 불국사  불국사  봄 여행   국보  다보탑  석가탑  석굴암입장료   경주 가볼만한곳
경주 여행,250, 경주 여행 코스 베스트 추천 top 10, 경주 여행 코스 베스트 추천 top 10  경주 여행 코스 베스트 추천 top 10곳을 소개합니다  1  황리단길 상호명  황리단길 주소  경상북도  경주 시 황남동 280 전화번호  미입력 관련 키워드  키워드    , 경주 여행 코스 베스트 추천 top 10  경주 여행 코스 베스트 추천 top 10  경주 여행 코스 베스트 추천 top 10곳을 소개합니다  1  황리단길 상호명  황리단길 주소  경상북도  경주 시 황남동 280 전화번호  미입력 관련 키워드  키워드    
경주 여행,251,  경주여행   불국사  스탬프투어 그 세번째 이야기  불국사   석굴암,방쌤의  경주여행  경북 여행     경주여행     경주 스탬프투어   가을 여행  불국사   석굴암 동리목월문학관 구경을 마치고 다음으로 내가 찾을 장소는  경주여행 의 핵심   경주여행 의 메카  바로 불국사와 석굴암이다    ,  경주여행   불국사  스탬프투어 그 세번째 이야기  불국사   석굴암 방쌤의  경주여행  경북 여행     경주여행     경주 스탬프투어   가을 여행  불국사   석굴암 동리목월문학관 구경을 마치고 다음으로 내가 찾을 장소는  경주여행 의 핵심   경주여행 의 메카  바로 불국사와 석굴암이다    
경주 여행,252,  경주여행   황리단길 한옥카페추천  카페 아덴 2호점,카페 아덴 2호점 위치   경북  경주 시 사정로 57 운영시간   매일 10시     경주 와서 빵으로 배채울수 없어서 안먹었어요        옛    실시간 예보하고 너무 화가났던         경주 커피 7 0 아덴의 시그니처    ,  경주여행   황리단길 한옥카페추천  카페 아덴 2호점 카페 아덴 2호점 위치   경북  경주 시 사정로 57 운영시간   매일 10시     경주 와서 빵으로 배채울수 없어서 안먹었어요        옛    실시간 예보하고 너무 화가났던         경주 커피 7 0 아덴의 시그니처    
경주 여행,253, 알라딘서재  100자평  일상이 고고학  나 혼자  경주 여행 ,일상이 고고학  나 혼자  경주 여행    개정증보판   일상이 고고학 시리즈 2 황윤 지음   책읽는고양이   2020년 10월 평점    경주 에 대한 아름다움을 느낄 수 있을 거 같은 책이라 기대됩니다, 알라딘서재  100자평  일상이 고고학  나 혼자  경주 여행  일상이 고고학  나 혼자  경주 여행    개정증보판   일상이 고고학 시리즈 2 황윤 지음   책읽는고양이   2020년 10월 평점    경주 에 대한 아름다움을 느낄 수 있을 거 같은 책이라 기대됩니다
경주 여행,254, 알라딘서재  경주 여행  필수책,되어주는 책 필요한 지식과 설명  이해를 돕는 사진과 정보 가득한 책 서울편에 이어  경주 편 들고 역사의 땅  경주여행  꿈꾸기  한옥에서 독서모임 하다가 이 책보고 바로 주문하신분들과 또 역사  여행  갈 예정, 알라딘서재  경주 여행  필수책 되어주는 책 필요한 지식과 설명  이해를 돕는 사진과 정보 가득한 책 서울편에 이어  경주 편 들고 역사의 땅  경주여행  꿈꾸기  한옥에서 독서모임 하다가 이 책보고 바로 주문하신분들과 또 역사  여행  갈 예정
경주 여행,255, 경주여행 13  경주 역앞 성동시장 구경 가을 기차 여행  피날레 2018 11 9 ,  즐거웠다   경주  가을 기차 여행   단풍을 맘껏 누리고 돌아가는 길  발떼샷 한 컷  노란 은행낙엽 위에 올려놓고 찍어야 하는데 아숩다  언니들 수고했어염  숙소를 변경한 건 신의 한 수  지도자 언니 짝짝짝  , 경주여행 13  경주 역앞 성동시장 구경 가을 기차 여행  피날레 2018 11 9    즐거웠다   경주  가을 기차 여행   단풍을 맘껏 누리고 돌아가는 길  발떼샷 한 컷  노란 은행낙엽 위에 올려놓고 찍어야 하는데 아숩다  언니들 수고했어염  숙소를 변경한 건 신의 한 수  지도자 언니 짝짝짝  
경주 여행,256, 경주여행 2303       ,봄꽃 찾아   경주 로 갔습니다  벌써 3월 마지막 월요일  찾아간  경주 는 벚꽃과 상춘객으로 많이 붐볐습니다  집에서 점심을 먹고  집사람과 국도를 타고  천천히 올라가는 길 곳곳엔 벚꽃이 제자랑에 열중이라  참    , 경주여행 2303        봄꽃 찾아   경주 로 갔습니다  벌써 3월 마지막 월요일  찾아간  경주 는 벚꽃과 상춘객으로 많이 붐볐습니다  집에서 점심을 먹고  집사람과 국도를 타고  천천히 올라가는 길 곳곳엔 벚꽃이 제자랑에 열중이라  참    
경주 여행,257, 경주 여행   경주  황리단길 맛집  여도가주 영업종료,오늘은   경주 맛집  황리단길맛집  여주가주 이야기 함께해요  다만  현재 여도가주는 없어졌다는 게        저희  여행 의 기록이기도 해서 그냥 포스팅을 진행하니 이점 참고하세요  한옥의 외관이 눈길을 끌었던    , 경주 여행   경주  황리단길 맛집  여도가주 영업종료 오늘은   경주 맛집  황리단길맛집  여주가주 이야기 함께해요  다만  현재 여도가주는 없어졌다는 게        저희  여행 의 기록이기도 해서 그냥 포스팅을 진행하니 이점 참고하세요  한옥의 외관이 눈길을 끌었던    
경주 여행,258,  경주여행   황리단길 주전부리   황금십원빵  황남옥수수  청년분식, 경주  황리단길 주전부리  저녁먹기전에 출출해서 황리단길에 있는 주전부리 사서 우선 급한불 끄려 함  결론부터 말하자면 청년분식  십원빵  황남 옥수수 모두 아쉽     청년분식 비쥬얼이 우릴 유혹함 뭔가    ,  경주여행   황리단길 주전부리   황금십원빵  황남옥수수  청년분식  경주  황리단길 주전부리  저녁먹기전에 출출해서 황리단길에 있는 주전부리 사서 우선 급한불 끄려 함  결론부터 말하자면 청년분식  십원빵  황남 옥수수 모두 아쉽     청년분식 비쥬얼이 우릴 유혹함 뭔가    
경주 여행,259, 경주여행  첨성대 대릉원 주차,주차장 대릉원 주차장 여기도 매표를 해야 들어갈 수 있어서 그냥 혼자  여행 이고 하다보니 굳이 들어갈 필요성을 못 느꼈네요  편하게 드라이브삼아 둘러본  경주  그리고 그곳에서 만난 첨성대, 경주여행  첨성대 대릉원 주차 주차장 대릉원 주차장 여기도 매표를 해야 들어갈 수 있어서 그냥 혼자  여행 이고 하다보니 굳이 들어갈 필요성을 못 느꼈네요  편하게 드라이브삼아 둘러본  경주  그리고 그곳에서 만난 첨성대
경주 여행,260, 경주여행 3  경주 역에서 걸어서 대릉원까지 대릉원 담장길 걷기 2018 11    ,이번  여행 은 천천히 걸으며  경주 의 가을을 만끽하는 게 컨셉  마침 가을 분위기 한껏 고조시켜줄    벚나무가 길 좌우로 늘어서 있어  경주 여행  올 때마다 걸어보고 싶었던 길이다  차를 가지고 와서 늘 휙    , 경주여행 3  경주 역에서 걸어서 대릉원까지 대릉원 담장길 걷기 2018 11     이번  여행 은 천천히 걸으며  경주 의 가을을 만끽하는 게 컨셉  마침 가을 분위기 한껏 고조시켜줄    벚나무가 길 좌우로 늘어서 있어  경주 여행  올 때마다 걸어보고 싶었던 길이다  차를 가지고 와서 늘 휙    
경주 여행,261,Knowledge Box     경주 여행    슈만과 클라라, 경주 역 도착     제일 먼저 간 곳은 슈만과클라라 라는 cafe를 갔다  위치는 요기   여기를 버스를 타고 가려고 했는데 버스가 너무 안와서 택시를 타고 가기로 했다  그러나 다음 문제가 있었다  계속  여행 을    ,Knowledge Box     경주 여행    슈만과 클라라  경주 역 도착     제일 먼저 간 곳은 슈만과클라라 라는 cafe를 갔다  위치는 요기   여기를 버스를 타고 가려고 했는데 버스가 너무 안와서 택시를 타고 가기로 했다  그러나 다음 문제가 있었다  계속  여행 을    
경주 여행,262,안녕 2014년  경주여행  3,2014년 마지막 날  경주 에서 멋진 선물을 받은거 같다  눈발이 날리기 시작한다  그리고 금방 하얀 세상으로 변한다  눈길을 산책하고    불국사역에서 기차를 타고  여행 을 마무리 한다  다시 화창해진 하늘       ,안녕 2014년  경주여행  3 2014년 마지막 날  경주 에서 멋진 선물을 받은거 같다  눈발이 날리기 시작한다  그리고 금방 하얀 세상으로 변한다  눈길을 산책하고    불국사역에서 기차를 타고  여행 을 마무리 한다  다시 화창해진 하늘       
경주 여행,263,  경주여행   황남맷돌순두부   두부보쌈  제육  순두부찌개 그리고 호    , 경주  황남맷돌순두부 영업시간이 8시30분까지   경주  황리단길을 시작으로 어지간한  밥집 은 영업마감이      경주 는 진짜 고기가 맛있는듯   두부도 순두부찌개도 맛나고  호랑이막걸리도 완전 맛있어서    ,  경주여행   황남맷돌순두부   두부보쌈  제육  순두부찌개 그리고 호      경주  황남맷돌순두부 영업시간이 8시30분까지   경주  황리단길을 시작으로 어지간한  밥집 은 영업마감이      경주 는 진짜 고기가 맛있는듯   두부도 순두부찌개도 맛나고  호랑이막걸리도 완전 맛있어서    
경주 여행,264, 경주 여행  마치고 울주,새벽에 비가오다가 그친다  하늘이 늠 예쁘다   경주 월드앞 블루판다에서 점심  맛있고 친절하다  떡갈비도 맛나고 계란찜도 굿  산풍경도 좋고 꽃도 예쁘다  행복한  경주  울주  여행 이다 , 경주 여행  마치고 울주 새벽에 비가오다가 그친다  하늘이 늠 예쁘다   경주 월드앞 블루판다에서 점심  맛있고 친절하다  떡갈비도 맛나고 계란찜도 굿  산풍경도 좋고 꽃도 예쁘다  행복한  경주  울주  여행 이다 
경주 여행,265,  경주여행    경주 야경또다른매력  월정교,분위기 꼭 해지는 저녁에 월정교 방문하시길 추천드립니다 꺄 불켜진 월정교 신나서 사진찍는 중 월정교 야경을 마지막으로  경주 를 떠나갑니다 여기는 신라니까   신라 해장국    즐거웠던  경주여행 이었습니다,  경주여행    경주 야경또다른매력  월정교 분위기 꼭 해지는 저녁에 월정교 방문하시길 추천드립니다 꺄 불켜진 월정교 신나서 사진찍는 중 월정교 야경을 마지막으로  경주 를 떠나갑니다 여기는 신라니까   신라 해장국    즐거웠던  경주여행 이었습니다
경주 여행,266, 알라딘서재  100자평  우리 아이 첫  경주 여행  1,우리 아이 첫  경주 여행  1   세계 문화유산을 찾아서  개정판   답사 바로하기 역사 바로보기 2 박광일 전향이 글   여행 이야기 기획   삼성당   2011년 4월 평점   초등학교 학생들이  경주  수학 여행  가기 전에    , 알라딘서재  100자평  우리 아이 첫  경주 여행  1 우리 아이 첫  경주 여행  1   세계 문화유산을 찾아서  개정판   답사 바로하기 역사 바로보기 2 박광일 전향이 글   여행 이야기 기획   삼성당   2011년 4월 평점   초등학교 학생들이  경주  수학 여행  가기 전에    
경주 여행,267, 경주여행  서출지  23  7 28 ,더운날씨 촬영에 임했던 네분의 사진가들에게 도촬하게 된점 미안하게 생각하며 더운날씨  경주  여러곳 촬영에 대작 담으시고 무사히 귀가 하셨을것을 빌어마지 않습니다 , 경주여행  서출지  23  7 28  더운날씨 촬영에 임했던 네분의 사진가들에게 도촬하게 된점 미안하게 생각하며 더운날씨  경주  여러곳 촬영에 대작 담으시고 무사히 귀가 하셨을것을 빌어마지 않습니다 
경주 여행,268, 알라딘서재  100자평  일상이 고고학  나 혼자  경주 여행 ,일상이 고고학  나 혼자  경주 여행    개정증보판   일상이 고고학 시리즈 2 황윤 지음   책읽는고양이     경주 땅에 묻힌 타임캡슐을 타고 신라를  여행 해보는 특별한 시간이 될것 같네요 , 알라딘서재  100자평  일상이 고고학  나 혼자  경주 여행  일상이 고고학  나 혼자  경주 여행    개정증보판   일상이 고고학 시리즈 2 황윤 지음   책읽는고양이     경주 땅에 묻힌 타임캡슐을 타고 신라를  여행 해보는 특별한 시간이 될것 같네요 
경주 여행,269, 알라딘서재  100자평  우리 아이 첫  경주 여행  2,우리 아이 첫  경주 여행  2   땅 속에서 찾아 낸 신라의 꿈   답사 바로하기 역사 바로보기 13 박광일    2004년 7월 평점   구판절판  경주 여행  갈 때 들고간 책이다  아이들 눈높이에 맞춰진 책이다 , 알라딘서재  100자평  우리 아이 첫  경주 여행  2 우리 아이 첫  경주 여행  2   땅 속에서 찾아 낸 신라의 꿈   답사 바로하기 역사 바로보기 13 박광일    2004년 7월 평점   구판절판  경주 여행  갈 때 들고간 책이다  아이들 눈높이에 맞춰진 책이다 
경주 여행,270, 경주 여행 ,오늘은  경주여행 하는 날  날씨가 더우니 마을식당에서 맛난 양념게장점심먹고 힐튼 호텔에서 커피한잔  보문단지 푸른 나무감상하며 씨유 커피한잔과 스콘의 행복   경주 월드 새 관람차가 보인다  한번 타볼까    , 경주 여행  오늘은  경주여행 하는 날  날씨가 더우니 마을식당에서 맛난 양념게장점심먹고 힐튼 호텔에서 커피한잔  보문단지 푸른 나무감상하며 씨유 커피한잔과 스콘의 행복   경주 월드 새 관람차가 보인다  한번 타볼까    
경주 여행,271, 경주여행  안압지 야경투어,방문한날은 아마도 보름달이 뜨는날이었나보다  하늘엔 휘황청밝은 발이 연못에 빠져있어 야경과 함께 정말 멋진 야경을 보여줬다  이래서  경주여행 객을 밤이면 밤마다 이곳 안압지를 찾게하나보다 , 경주여행  안압지 야경투어 방문한날은 아마도 보름달이 뜨는날이었나보다  하늘엔 휘황청밝은 발이 연못에 빠져있어 야경과 함께 정말 멋진 야경을 보여줬다  이래서  경주여행 객을 밤이면 밤마다 이곳 안압지를 찾게하나보다 
경주 여행,272, 알라딘서재  100자평  일상이 고고학  나 혼자  경주 여행 ,일상이 고고학  나 혼자  경주 여행    개정증보판   일상이 고고학 시리즈 2 황윤 지음   책읽는고양이   2020년 10월 평점   유익한 책인 것 같아요, 알라딘서재  100자평  일상이 고고학  나 혼자  경주 여행  일상이 고고학  나 혼자  경주 여행    개정증보판   일상이 고고학 시리즈 2 황윤 지음   책읽는고양이   2020년 10월 평점   유익한 책인 것 같아요
경주 여행,273, 알라딘서재 역사 관심 갖기 시작해서 함께 읽었어요,갖길래  경주 여행 을 생각하고 있었는데   경주 를 그리는 마음을 접하게 됐어요   경주 에 좋은 기억을 가지고 있는데  아이도 신라를 배운 뒤라 그런지 책을 읽는 동안 배운 내용을 생각하며   경주 의 유적지들을    , 알라딘서재 역사 관심 갖기 시작해서 함께 읽었어요 갖길래  경주 여행 을 생각하고 있었는데   경주 를 그리는 마음을 접하게 됐어요   경주 에 좋은 기억을 가지고 있는데  아이도 신라를 배운 뒤라 그런지 책을 읽는 동안 배운 내용을 생각하며   경주 의 유적지들을    
경주 여행,274,3월의  경주여행 2 ,매화와 산수유 만발  보문단지 호수가 산책  행복한  경주여행  마무리 ,3월의  경주여행 2  매화와 산수유 만발  보문단지 호수가 산책  행복한  경주여행  마무리 
경주 여행,275, 알라딘서재  100자평  일상이 고고학  나 혼자  경주 여행 ,일상이 고고학  나 혼자  경주 여행    개정증보판   일상이 고고학 시리즈 2 황윤 지음   책읽는고양이   2020년 10월 평점   아름다운  경주 의 풍경에 고고학을 더하여 우리의  여행 에 지적 힐링을 안겨줘서    , 알라딘서재  100자평  일상이 고고학  나 혼자  경주 여행  일상이 고고학  나 혼자  경주 여행    개정증보판   일상이 고고학 시리즈 2 황윤 지음   책읽는고양이   2020년 10월 평점   아름다운  경주 의 풍경에 고고학을 더하여 우리의  여행 에 지적 힐링을 안겨줘서    
경주 여행,276, 알라딘서재  100자평  일상이 고고학  나 혼자  경주 여행 ,일상이 고고학  나 혼자  경주 여행  일상이 시리즈 3 황윤 지음   책읽는고양이   2020년 10월 평점    경주  마니아가 알려주는  경주  탐방기라 그런지  경주 에 대한 알찬 설명들이 좋습니다 , 알라딘서재  100자평  일상이 고고학  나 혼자  경주 여행  일상이 고고학  나 혼자  경주 여행  일상이 시리즈 3 황윤 지음   책읽는고양이   2020년 10월 평점    경주  마니아가 알려주는  경주  탐방기라 그런지  경주 에 대한 알찬 설명들이 좋습니다 
경주 여행,277,  경주여행   주상절리   경주  스탬프투어 그 첫번째 목적지  주상절    , 경주여행    스탬프투어   주상절리   해변둘레길  경주  주상절리 파도소리길 드디어 시작되는  경주여행   여행 에 대한 설램 때문이었을까  오랫만에 밤잠을 설치다가 깨서 시계를 보니 6시가 조금 되지 않은 시간    ,  경주여행   주상절리   경주  스탬프투어 그 첫번째 목적지  주상절      경주여행    스탬프투어   주상절리   해변둘레길  경주  주상절리 파도소리길 드디어 시작되는  경주여행   여행 에 대한 설램 때문이었을까  오랫만에 밤잠을 설치다가 깨서 시계를 보니 6시가 조금 되지 않은 시간    
경주 여행,278,2FeRed s Conundrum of Life      경주여행   불국사  황남빵  교리김밥  산내소    ,Theme 불국사  황남빵  교리김밥  산내소고기 울산  Comments 후배녀석과 같이 갔던 짧은 1박2일의  경주   울산 여행  불국사에서 승의군과 천마총에서 첨성대쪽으로 난 길을 내려오다가 있는 나무그늘 내부전경       ,2FeRed s Conundrum of Life      경주여행   불국사  황남빵  교리김밥  산내소     Theme 불국사  황남빵  교리김밥  산내소고기 울산  Comments 후배녀석과 같이 갔던 짧은 1박2일의  경주   울산 여행  불국사에서 승의군과 천마총에서 첨성대쪽으로 난 길을 내려오다가 있는 나무그늘 내부전경       
경주 여행,279, 알라딘서재  100자평  일상이 고고학  나 혼자  경주 여행 ,혼자  경주 여행    개정증보판   일상이 고고학 시리즈 2 황윤 지음   책읽는고양이   2020년 10월 평점    경주  이야기는 봐도봐도 들어도들어도 재미있는거 같습니다  작가님의 혼자  경주 여행 기 기대해봅니다 , 알라딘서재  100자평  일상이 고고학  나 혼자  경주 여행  혼자  경주 여행    개정증보판   일상이 고고학 시리즈 2 황윤 지음   책읽는고양이   2020년 10월 평점    경주  이야기는 봐도봐도 들어도들어도 재미있는거 같습니다  작가님의 혼자  경주 여행 기 기대해봅니다 
경주 여행,280, 알라딘서재  100자평  일상이 고고학  나 혼자  경주 여행 ,개정증보판   일상이 고고학 시리즈 2 황윤 지음   책읽는고양이   2020년 10월 평점   어려서 그냥 학교에서 갔던  경주 가 지금 커서 공부하고 가니 또 다른 느낌이었습니다  꼭 읽어보시고  경주여행  가보세요, 알라딘서재  100자평  일상이 고고학  나 혼자  경주 여행  개정증보판   일상이 고고학 시리즈 2 황윤 지음   책읽는고양이   2020년 10월 평점   어려서 그냥 학교에서 갔던  경주 가 지금 커서 공부하고 가니 또 다른 느낌이었습니다  꼭 읽어보시고  경주여행  가보세요
경주 여행,281, 경주 여행 ,매화꽃과 산수유 예쁜  경주 로 간다  날씨가 늠 따뜻하다  바람도 많이 불고 봄햇살은 따뜻  점심먹고 늘 궁금해 했었던 황룡원을 돌아봤다  동국재단에서 운영하는 연수원인데 넘 웅장하고 잘꾸며져있다     , 경주 여행  매화꽃과 산수유 예쁜  경주 로 간다  날씨가 늠 따뜻하다  바람도 많이 불고 봄햇살은 따뜻  점심먹고 늘 궁금해 했었던 황룡원을 돌아봤다  동국재단에서 운영하는 연수원인데 넘 웅장하고 잘꾸며져있다     
경주 여행,282,  경주 여행   맷돌순부두 옆집 정화 송이 순두부   맛집의 옆집, 여행 지 아니라도 가격은 비싸니까  기본 반찬 셋팅 생선구이가 나와서 후배가 맛있게 섬세하게 발라줬다  하얀 순두부가 있었다니  맑은 순두부는 처음본다  파전도 하나  주문   경주  새송이 생탁주도 주문  낮술    ,  경주 여행   맷돌순부두 옆집 정화 송이 순두부   맛집의 옆집  여행 지 아니라도 가격은 비싸니까  기본 반찬 셋팅 생선구이가 나와서 후배가 맛있게 섬세하게 발라줬다  하얀 순두부가 있었다니  맑은 순두부는 처음본다  파전도 하나  주문   경주  새송이 생탁주도 주문  낮술    
경주 여행,283,  경주여행   경주 남산 칠불암 가는길, 경주  톨케이트입니다  경주 에 진입하였읍니다 서라벌 휴게소입니다 나는 통일전 주차장에 주차 하지 아니하고 염불사지 삼층석탑옆에 주차하였다 여기는 일찍 도착하여야 주차할수있다 나는 아침 7시에    ,  경주여행   경주 남산 칠불암 가는길  경주  톨케이트입니다  경주 에 진입하였읍니다 서라벌 휴게소입니다 나는 통일전 주차장에 주차 하지 아니하고 염불사지 삼층석탑옆에 주차하였다 여기는 일찍 도착하여야 주차할수있다 나는 아침 7시에    
경주 여행,284, 경주 여행 ,국내 여행  사진 국내 테마 여행   경주 여행  Theodor 2017  4  18  08 11 벚꽃이 거의 떨어지고 새잎이 나는 시기라 아쉬움 속에  경주 에 가다  대능원 출입문과 대능원의 소나무 숲 천마총 안압지 분황사 모전석탑   원래    , 경주 여행  국내 여행  사진 국내 테마 여행   경주 여행  Theodor 2017  4  18  08 11 벚꽃이 거의 떨어지고 새잎이 나는 시기라 아쉬움 속에  경주 에 가다  대능원 출입문과 대능원의 소나무 숲 천마총 안압지 분황사 모전석탑   원래    
경주 여행,285, 알라딘서재  100자평  일상이 고고학  나 혼자  경주 여행 ,일상이 고고학  나 혼자  경주 여행    개정증보판   일상이 고고학 시리즈 2 황윤 지음   책읽는고양이   2020년 10월 평점   이런 책 너무 좋아함  더구나  경주 라서 너무 마음에 듦  중학교 수학 여행 으로 왔던    , 알라딘서재  100자평  일상이 고고학  나 혼자  경주 여행  일상이 고고학  나 혼자  경주 여행    개정증보판   일상이 고고학 시리즈 2 황윤 지음   책읽는고양이   2020년 10월 평점   이런 책 너무 좋아함  더구나  경주 라서 너무 마음에 듦  중학교 수학 여행 으로 왔던    
경주 여행,286, 경주여행  배롱나무가 핀 첨성대 야경 16년8월18일 , 경주 를 수학 여행  때 다녀오고 단 한번도 가지 않은 사람  심지어 자녀의 역사유적 답사에 동행해서    이런 곳은 아무리 생각해봐도 국내에선  경주  밖에 없다   경주여행 의 특징 중 하나는 평온한 자연    , 경주여행  배롱나무가 핀 첨성대 야경 16년8월18일   경주 를 수학 여행  때 다녀오고 단 한번도 가지 않은 사람  심지어 자녀의 역사유적 답사에 동행해서    이런 곳은 아무리 생각해봐도 국내에선  경주  밖에 없다   경주여행 의 특징 중 하나는 평온한 자연    
경주 여행,287,  경주여행   힐튼호텔,한국에는 서울과  경주 에 호텔 체인이 있다  이상 두산백과  참고로  미국의 저명한 모델이자    철저히 손님을 배려한 호텔  그래서 2박 3일  경주여행 은 더 즐거울 수밖에 없었다 ,  경주여행   힐튼호텔 한국에는 서울과  경주 에 호텔 체인이 있다  이상 두산백과  참고로  미국의 저명한 모델이자    철저히 손님을 배려한 호텔  그래서 2박 3일  경주여행 은 더 즐거울 수밖에 없었다 
경주 여행,288, 경주여행  토함산 단풍터널   자연이 그려 낸 수채화     17년11월17일    , 경주 로 떠나는 단풍 여행 은 그윽한 숲길 두 곳을 느긋이 걷는 일이었다  불국사와 석굴암을 잇는 토함산 숲길과 함월산 수렛제를 넘는 고갯길은 굳이 신라 역사를 몰라도 걷기에 좋은 길이다   경주  시내를    , 경주여행  토함산 단풍터널   자연이 그려 낸 수채화     17년11월17일      경주 로 떠나는 단풍 여행 은 그윽한 숲길 두 곳을 느긋이 걷는 일이었다  불국사와 석굴암을 잇는 토함산 숲길과 함월산 수렛제를 넘는 고갯길은 굳이 신라 역사를 몰라도 걷기에 좋은 길이다   경주  시내를    
경주 여행,289,경북 여행   경주여행   경주 가볼만한곳 국밥맛집   수백당  경주 보문단    ,com 633 경북 여행   경주여행   경주 가볼만한곳  경주 교촌마을   교촌홍보관  아이와가볼만한곳 가족과가볼 2024년8월31일 가족과 함께한  여행  기록오늘은 가족 모임이 있어서 경북  경주 에 가게 되었어요3시에    ,경북 여행   경주여행   경주 가볼만한곳 국밥맛집   수백당  경주 보문단     com 633 경북 여행   경주여행   경주 가볼만한곳  경주 교촌마을   교촌홍보관  아이와가볼만한곳 가족과가볼 2024년8월31일 가족과 함께한  여행  기록오늘은 가족 모임이 있어서 경북  경주 에 가게 되었어요3시에    
경주 여행,290, 경주 황리단길카페   경주여행  카페능,카페능은 황리단길 메인거리내에 위치해 있어서 거리를 둘러보며 뚜벅이  여행 중에 쉬기 좋은 곳입니다  인테리어도 예쁘게 되어 있어서 더욱 눈길이 가는 카페입니다   경주 황리단길카페   경주여행  카페능 날씨    , 경주 황리단길카페   경주여행  카페능 카페능은 황리단길 메인거리내에 위치해 있어서 거리를 둘러보며 뚜벅이  여행 중에 쉬기 좋은 곳입니다  인테리어도 예쁘게 되어 있어서 더욱 눈길이 가는 카페입니다   경주 황리단길카페   경주여행  카페능 날씨    
경주 여행,291,  경주 여행   불국사역   경주 역에서 동대구까지 기차 무궁화호  시간    , 경주 역은 시외 고속 버스터미널과 신 경주 역이 모두 거리가 있어서  어디로  여행 할 지에 따라 대중 교통 종류가 달라지는데  서울이나 대전    경주  까지 2시간 이상 걸리는 먼 코스라고    ,  경주 여행   불국사역   경주 역에서 동대구까지 기차 무궁화호  시간      경주 역은 시외 고속 버스터미널과 신 경주 역이 모두 거리가 있어서  어디로  여행 할 지에 따라 대중 교통 종류가 달라지는데  서울이나 대전    경주  까지 2시간 이상 걸리는 먼 코스라고    
경주 여행,292, 알라딘서재  100자평  일상이 고고학  나 혼자  경주 여행 ,일상이 고고학  나 혼자  경주 여행    개정증보판  일상이 고고학 시리즈 2 황윤 지음   책읽는고양이   2020년 10월 평점   수학 여행  때는 역사의 의미를 모르고 지나쳤지만 이제는 작은 풍경 하나하나에서    , 알라딘서재  100자평  일상이 고고학  나 혼자  경주 여행  일상이 고고학  나 혼자  경주 여행    개정증보판  일상이 고고학 시리즈 2 황윤 지음   책읽는고양이   2020년 10월 평점   수학 여행  때는 역사의 의미를 모르고 지나쳤지만 이제는 작은 풍경 하나하나에서    
경주 여행,293, 알라딘서재  100자평  일상이 고고학  나 혼자  경주 여행 ,앞서  출간된 일상이 고고학  나혼자 백제  여행  에 이어 이번엔  경주 여행 입니다  전작인 백제  여행 이 만족 스러웠던 분들이라면 이번  경주 여행 에도 무조건 탑승 하시길 바랍니다 , 알라딘서재  100자평  일상이 고고학  나 혼자  경주 여행  앞서  출간된 일상이 고고학  나혼자 백제  여행  에 이어 이번엔  경주 여행 입니다  전작인 백제  여행 이 만족 스러웠던 분들이라면 이번  경주 여행 에도 무조건 탑승 하시길 바랍니다 
경주 여행,294, 알라딘서재  100자평  일상이 고고학  나 혼자  경주 여행 ,지음   책읽는고양이   2020년 10월 평점    경주  정말 좋아하는 도시입니다  시간 여행 하는 기분이 들어서 행복하거든요  코로나때문에  경주여행 도 꿈이 되어버렸네요  이 책으로 나 혼자  경주여행  해보고 싶네요 , 알라딘서재  100자평  일상이 고고학  나 혼자  경주 여행  지음   책읽는고양이   2020년 10월 평점    경주  정말 좋아하는 도시입니다  시간 여행 하는 기분이 들어서 행복하거든요  코로나때문에  경주여행 도 꿈이 되어버렸네요  이 책으로 나 혼자  경주여행  해보고 싶네요 
경주 여행,295,  경주여행 1   경주  나정맛집  나정에가면  라면맛집   경주 에도 바다가    ,나정에가면  경주여행  스토리 올려드릴께요   경주 에도 바다가 있다는 사실 아시나요   여행 지를 정하면서 저는 바다가 가고 싶었고  남편은 역사를 좋아해서 유적지가 있는  경주 에 가고 싶어했어요  그러던    ,  경주여행 1   경주  나정맛집  나정에가면  라면맛집   경주 에도 바다가     나정에가면  경주여행  스토리 올려드릴께요   경주 에도 바다가 있다는 사실 아시나요   여행 지를 정하면서 저는 바다가 가고 싶었고  남편은 역사를 좋아해서 유적지가 있는  경주 에 가고 싶어했어요  그러던    
경주 여행,296, 경주 여행  ,파란 하늘 흰구름 동동 맑고 아름다운 날 신나게 고속도로를 달려  경주 로 간다  오늘은 힐링  여행   산송이 한우구이  언양불고기와 더덕구이로 자알 먹고 빵이랑 라떼한잔하고 노천온천으로 간다  파란하늘 보며    , 경주 여행   파란 하늘 흰구름 동동 맑고 아름다운 날 신나게 고속도로를 달려  경주 로 간다  오늘은 힐링  여행   산송이 한우구이  언양불고기와 더덕구이로 자알 먹고 빵이랑 라떼한잔하고 노천온천으로 간다  파란하늘 보며    
경주 여행,297, 알라딘서재  100자평  일상이 고고학  나 혼자  경주 여행 ,2020년 10월 평점   매년 봄 가을이면  경주여행 을 꿈꾸지만 아직도 실천 못하고 있는 사람입니다     이 책 읽고  경주 여행 가면 좀 더 알차게  경주 를 느낄 수 있을 것 같아 기대되요  열심히 읽어보겠습니다 , 알라딘서재  100자평  일상이 고고학  나 혼자  경주 여행  2020년 10월 평점   매년 봄 가을이면  경주여행 을 꿈꾸지만 아직도 실천 못하고 있는 사람입니다     이 책 읽고  경주 여행 가면 좀 더 알차게  경주 를 느낄 수 있을 것 같아 기대되요  열심히 읽어보겠습니다 
경주 여행,298, 알라딘서재  100자평  일상이 고고학  나 혼자  경주 여행 ,일상이 고고학  나 혼자  경주 여행    개정증보판   일상이 고고학 시리즈 2 황윤 지음   책읽는고양이   2020년 10월 평점   수학 여행  이후로 가보지 못했던  경주여행 에 대해 다시 생각해보게 되네요   경주 와    , 알라딘서재  100자평  일상이 고고학  나 혼자  경주 여행  일상이 고고학  나 혼자  경주 여행    개정증보판   일상이 고고학 시리즈 2 황윤 지음   책읽는고양이   2020년 10월 평점   수학 여행  이후로 가보지 못했던  경주여행 에 대해 다시 생각해보게 되네요   경주 와    
경주 여행,299,가을  경주 여행  , 경주  도착  오늘은 작년 여름  경주여행 코스였던 서출지와 통일전 그리고 산림 연구원 둘러보고 핑크뮬리 예쁜 첨성대주변  황리단길 구경하고 헉헉  점심먹고 커피한잔 하면서 숨돌린다  조금씩 가을이 찾아오는    ,가을  경주 여행    경주  도착  오늘은 작년 여름  경주여행 코스였던 서출지와 통일전 그리고 산림 연구원 둘러보고 핑크뮬리 예쁜 첨성대주변  황리단길 구경하고 헉헉  점심먹고 커피한잔 하면서 숨돌린다  조금씩 가을이 찾아오는    
경주 여행,300, 알라딘서재  100자평  일상이 고고학  나 혼자  경주 여행 ,일상이 고고학  나 혼자  경주 여행    개정증보판   일상이 고고학 시리즈 2 황윤 지음   책읽는고양이   2020년 10월 평점    경주 를 가본 적이 몇 번 있지만  제대로된 구경을 해보지 못 한 것 같네요  코로나로    , 알라딘서재  100자평  일상이 고고학  나 혼자  경주 여행  일상이 고고학  나 혼자  경주 여행    개정증보판   일상이 고고학 시리즈 2 황윤 지음   책읽는고양이   2020년 10월 평점    경주 를 가본 적이 몇 번 있지만  제대로된 구경을 해보지 못 한 것 같네요  코로나로    
경주 여행,301,경북  경주여행  불국사 단아함과 정숙함이 묻어나는 겹벚꽃 왕벚꽃     ,벚꽃이 다 지고나면 피는 겹벗꽃 봄  여행 을 즐기는 고수라면 서둘러  경주 행 티켓을 예약하자  또다시  경주 가 들썩이고 있다 다  경주 지역 벚꽃은 거의 떨어지고 불국사 쪽이 겹벚꽃으로 유명하다  불국사 입구에    ,경북  경주여행  불국사 단아함과 정숙함이 묻어나는 겹벚꽃 왕벚꽃      벚꽃이 다 지고나면 피는 겹벗꽃 봄  여행 을 즐기는 고수라면 서둘러  경주 행 티켓을 예약하자  또다시  경주 가 들썩이고 있다 다  경주 지역 벚꽃은 거의 떨어지고 불국사 쪽이 겹벚꽃으로 유명하다  불국사 입구에    
경주 여행,302,경북  경주여행  1일차 하얀 목련이 필때면    경주  대릉원 목련 낮풍경    ,최근  경주 를  여행 하는 이들이 꼭 빼놓지 않는  여행 코스가 있다  다름 아닌  경주 의 야경을 둘러보는 것     연인과 함께  경주 여행 을 떠나게 될 당신을 위한 야경 투어 코스를 소개한다   경주 여행 을 준비하고 있는    ,경북  경주여행  1일차 하얀 목련이 필때면    경주  대릉원 목련 낮풍경     최근  경주 를  여행 하는 이들이 꼭 빼놓지 않는  여행 코스가 있다  다름 아닌  경주 의 야경을 둘러보는 것     연인과 함께  경주 여행 을 떠나게 될 당신을 위한 야경 투어 코스를 소개한다   경주 여행 을 준비하고 있는    
경주 여행,303, 경주여행  보문단지 벚꽃은 보문호반길 화사한 봄 선사하는 벗꽃 17    ,최적의  여행 지이다  차없는 도로 및 벗꽃길 이른 시각에 와야 제대로 힐링 되는 곳이다  만개해 아름다운 경관을 이루고 있다  경주 보문단지는  경주 시가지에서 동쪽으로 약 10여  정도 떨어진 명활산 옛성터에    , 경주여행  보문단지 벚꽃은 보문호반길 화사한 봄 선사하는 벗꽃 17     최적의  여행 지이다  차없는 도로 및 벗꽃길 이른 시각에 와야 제대로 힐링 되는 곳이다  만개해 아름다운 경관을 이루고 있다  경주 보문단지는  경주 시가지에서 동쪽으로 약 10여  정도 떨어진 명활산 옛성터에    
경주 여행,304,설레임 패밀리 일상,오늘의 목적지는  경주  회사 제휴로 숙소를 저렴하게 예약하고  경주 로 나선다   경주 에 도착하자마자 배가 고파서 우리가족이 좋아하는 국수집을 찾아본다  와이프가 검색해서 찾아간 곳은 갈비랑 국수랑    ,설레임 패밀리 일상 오늘의 목적지는  경주  회사 제휴로 숙소를 저렴하게 예약하고  경주 로 나선다   경주 에 도착하자마자 배가 고파서 우리가족이 좋아하는 국수집을 찾아본다  와이프가 검색해서 찾아간 곳은 갈비랑 국수랑    
경주 여행,305,경북  경주여행  왕의 다리   경주  월정교      18년7월21일 ,잠시 교촌마을에 도착하니 뜻하지 않은 행사에 잠시 쉬어간다 최근  경주 를  여행 하는 이들이 꼭 빼놓지    연인과 함께  경주 여행 을 떠나게 될 당신을 위한 야경 투어 코스를 소개한다   경주 여행 을 준비하고 있는    ,경북  경주여행  왕의 다리   경주  월정교      18년7월21일  잠시 교촌마을에 도착하니 뜻하지 않은 행사에 잠시 쉬어간다 최근  경주 를  여행 하는 이들이 꼭 빼놓지    연인과 함께  경주 여행 을 떠나게 될 당신을 위한 야경 투어 코스를 소개한다   경주 여행 을 준비하고 있는    
경주 여행,306, 경주여행  세계문화유산  경주  양동마을 봄나들이 18년3월29일 ,시간 여행 을 떠나고 싶다면 옛 조상들의 삶의 모습을 고스란히 간직한 채 수백 년의 숨결을 이어 온 양동마을이 제격이 아닐까  주소 경상북도  경주 시 강동면 양동마을길 138 18 지번 경상북도  경주 시 강동면    , 경주여행  세계문화유산  경주  양동마을 봄나들이 18년3월29일  시간 여행 을 떠나고 싶다면 옛 조상들의 삶의 모습을 고스란히 간직한 채 수백 년의 숨결을 이어 온 양동마을이 제격이 아닐까  주소 경상북도  경주 시 강동면 양동마을길 138 18 지번 경상북도  경주 시 강동면    
경주 여행,307,14개월 아기랑  경주여행  후기  정글의 법칙 미디어 파크  버드파크      ,그래도  여행  일정중에 비가온다면 다녀오기 딱 좋은 곳 같다   경주  버드파크 위치  경북  경주 시 보문로 74 14  북군동 185 1  전화  054 777 7200 운영시간  10 00   19 00 입장료   대인  20 000원  소인  15 000원    ,14개월 아기랑  경주여행  후기  정글의 법칙 미디어 파크  버드파크       그래도  여행  일정중에 비가온다면 다녀오기 딱 좋은 곳 같다   경주  버드파크 위치  경북  경주 시 보문로 74 14  북군동 185 1  전화  054 777 7200 운영시간  10 00   19 00 입장료   대인  20 000원  소인  15 000원    
경주 여행,308, 경주 여행 에서 많은 사람들이 지나치는 곳,몇몇 지인들의 경험과 제 생각을 더해   경주 여행 에서 좀 더 주목하면 좋을 만한 장소들을 정리해    고즈넉한 산사  옥천사  경주 는 수학 여행 의 성지이자 역사 탐방의 중심지로 알려져 있지만  그 주변으로    , 경주 여행 에서 많은 사람들이 지나치는 곳 몇몇 지인들의 경험과 제 생각을 더해   경주 여행 에서 좀 더 주목하면 좋을 만한 장소들을 정리해    고즈넉한 산사  옥천사  경주 는 수학 여행 의 성지이자 역사 탐방의 중심지로 알려져 있지만  그 주변으로    
경주 여행,309, 경주여행  야경이 이쁜 안압지 첨성대 16년3월31일 ,어울린다  경주 여행 에서 빠질수 없는 관광지 중 하나인 첨성대   첨성대는 신라시대에 별을 관측하기        최근  경주 를  여행 하는 이들이 꼭 빼놓지 않는  여행 코스가 있다  다름 아닌  경주 의 야경을 둘러보는 것     , 경주여행  야경이 이쁜 안압지 첨성대 16년3월31일  어울린다  경주 여행 에서 빠질수 없는 관광지 중 하나인 첨성대   첨성대는 신라시대에 별을 관측하기        최근  경주 를  여행 하는 이들이 꼭 빼놓지 않는  여행 코스가 있다  다름 아닌  경주 의 야경을 둘러보는 것     
경주 여행,310,루비의 정원    설연휴  경주 여행   신 경주 역에서 시작하세요, 신청은 신 경주 역  여행  센터  광활한 부지에 자리잡은 신 경주 역은 역사 마당도 엄청나게 너른데    연휴  여행 을 계획하고 계신 분은 KTX를 이용한  경주 여행 은 어떠하신지       Copyright 2011  루비  All pictures    ,루비의 정원    설연휴  경주 여행   신 경주 역에서 시작하세요  신청은 신 경주 역  여행  센터  광활한 부지에 자리잡은 신 경주 역은 역사 마당도 엄청나게 너른데    연휴  여행 을 계획하고 계신 분은 KTX를 이용한  경주 여행 은 어떠하신지       Copyright 2011  루비  All pictures    
경주 여행,311,  여행  울산  경주 여행  Part4   동궁과 월지  빛누리정원  성호리조트,장생포는 고래문화특구 라는 이름으로 고래를 주제로 한 다채로운 관광지를 형성해두었는데 사실 고래박물관이나 생태체 jinstistory tistory com 2023 08 16     여행  국내 여행       여행  울산  경주 여행  Part3    경주     ,  여행  울산  경주 여행  Part4   동궁과 월지  빛누리정원  성호리조트 장생포는 고래문화특구 라는 이름으로 고래를 주제로 한 다채로운 관광지를 형성해두었는데 사실 고래박물관이나 생태체 jinstistory tistory com 2023 08 16     여행  국내 여행       여행  울산  경주 여행  Part3    경주     
경주 여행,312, 경주 여행  출장  깨끗하고 조식이 제공되는 에이치에비뉴 호텔을 소    , 경주  불국사까지 도보로 단 15분 거리에 있어서   여행 의 피로함을 조금이나마 덜 수 있었습니다  아침 일찍 불국사를 방문해 한적하고 고요한 분위기 속에서 산책을 즐기기에 최적의 위치였습니다  꿀스테이    , 경주 여행  출장  깨끗하고 조식이 제공되는 에이치에비뉴 호텔을 소      경주  불국사까지 도보로 단 15분 거리에 있어서   여행 의 피로함을 조금이나마 덜 수 있었습니다  아침 일찍 불국사를 방문해 한적하고 고요한 분위기 속에서 산책을 즐기기에 최적의 위치였습니다  꿀스테이    
경주 여행,313, 알라딘서재  100자평  일상이 고고학  나 혼자  경주 여행 ,일상이 고고학  나 혼자  경주 여행    개정증보판   일상이 고고학 시리즈 2 황윤 지음   책읽는고양이   2020년 10월 평점   역사를 사랑하고 덕질하는 사람의 눈으로 바라본  경주   아는 만큼 보이고  사랑하는    , 알라딘서재  100자평  일상이 고고학  나 혼자  경주 여행  일상이 고고학  나 혼자  경주 여행    개정증보판   일상이 고고학 시리즈 2 황윤 지음   책읽는고양이   2020년 10월 평점   역사를 사랑하고 덕질하는 사람의 눈으로 바라본  경주   아는 만큼 보이고  사랑하는    
경주 여행,314, 경주여행  20200727,08 02  경주여행  20200728  0  2020 08 02  경주여행  20200727  0  2020 08 02 1일 3평화  0  2020 07 13 강릉 여행  서나무  0  2020 07 08 강릉 여행   0  2020 07 08, 경주여행  20200727 08 02  경주여행  20200728  0  2020 08 02  경주여행  20200727  0  2020 08 02 1일 3평화  0  2020 07 13 강릉 여행  서나무  0  2020 07 08 강릉 여행   0  2020 07 08
경주 여행,315,  경주여행   한옥 숙소   소설재 첨성대점 비향 15만원 , 경주여행  한옥숙소 이름도 특이한  소설재  첨성대점  첨성대랑 진짜 가까워서 첨성대점인듯     낮에도 이쁘고  밤에는 더더 이쁜 한옥  소설재 너무너무너무 인기있는 곳이라서 주말에 묶으려면    ,  경주여행   한옥 숙소   소설재 첨성대점 비향 15만원   경주여행  한옥숙소 이름도 특이한  소설재  첨성대점  첨성대랑 진짜 가까워서 첨성대점인듯     낮에도 이쁘고  밤에는 더더 이쁜 한옥  소설재 너무너무너무 인기있는 곳이라서 주말에 묶으려면    
경주 여행,316, 알라딘서재 황금호두 열리면 무웅이와 함께 떠나는  경주여행 ,코스의  여행 인데도 매 번 새로운 느낌이 들어 자꾸만  경주 를 찾게 되는것 같다 매 번 새로운 느낌을 주는  경주여행 에 푹 빠져있는데 신라에서 온 아이와 함께하는  경주여행 은 더 새롭게 다가왔다 한참 티비에서    , 알라딘서재 황금호두 열리면 무웅이와 함께 떠나는  경주여행  코스의  여행 인데도 매 번 새로운 느낌이 들어 자꾸만  경주 를 찾게 되는것 같다 매 번 새로운 느낌을 주는  경주여행 에 푹 빠져있는데 신라에서 온 아이와 함께하는  경주여행 은 더 새롭게 다가왔다 한참 티비에서    
경주 여행,317, 경주여행 , 경주 까지 이동은 기차 여행   경주 내에서는 자전거 여행  도보 여행  버스투어 모두 가능하다  경주여행 코스   시내권    천마총   왕릉   첨성대   계림   포석정   안압지    , 경주여행   경주 까지 이동은 기차 여행   경주 내에서는 자전거 여행  도보 여행  버스투어 모두 가능하다  경주여행 코스   시내권    천마총   왕릉   첨성대   계림   포석정   안압지    
경주 여행,318, 알라딘서재  100자평  일상이 고고학  나 혼자  경주 여행 ,일상이 고고학  나 혼자  경주 여행    개정증보판   일상이 고고학 시리즈 2 황윤 지음   책읽는고양이    못한 지가 한참 되었는데 오랜만에 저자와 함께  경주 를 걸으며 역사  여행 을 하는 느낌을 주는 책이네요 , 알라딘서재  100자평  일상이 고고학  나 혼자  경주 여행  일상이 고고학  나 혼자  경주 여행    개정증보판   일상이 고고학 시리즈 2 황윤 지음   책읽는고양이    못한 지가 한참 되었는데 오랜만에 저자와 함께  경주 를 걸으며 역사  여행 을 하는 느낌을 주는 책이네요 
경주 여행,319, 경주여행  감포 여행  송대말등대빛체험전시관  여행 ,위치  경북  경주 시 척사길 18 94 2  운영시간   09 00   18 00 3  연중무휴 4  대표전화   054 744 3233 5  입장료   무료 송대말등대 빛 체험관은 아이와 함께  여행 가기에 좋고 점심시간 12 00   13 00 운영을 안하니    , 경주여행  감포 여행  송대말등대빛체험전시관  여행  위치  경북  경주 시 척사길 18 94 2  운영시간   09 00   18 00 3  연중무휴 4  대표전화   054 744 3233 5  입장료   무료 송대말등대 빛 체험관은 아이와 함께  여행 가기에 좋고 점심시간 12 00   13 00 운영을 안하니    
경주 여행,320, 경주여행 코스 읍천항 주상절리 파도소리길, 경주 에는 주상절리가 제주도만큼이나 이쁜 곳이 있다  게다가 조용한 읍천항을 끼고 있어 더 좋았던  경주여행 코스  읍천항옆에 자리한 주상절리 파도소리길은 넓은 주차장도 갖추고 있어 길을 따라 등대까지    , 경주여행 코스 읍천항 주상절리 파도소리길  경주 에는 주상절리가 제주도만큼이나 이쁜 곳이 있다  게다가 조용한 읍천항을 끼고 있어 더 좋았던  경주여행 코스  읍천항옆에 자리한 주상절리 파도소리길은 넓은 주차장도 갖추고 있어 길을 따라 등대까지    
경주 여행,321, 여행 이좋다     교리김밥      경주 맛집     경주여행 하면서 들린 김밥    , 경주  남산 등산을 포함해서 당일치기로  경주여행 을 계획하고 다녀왔습니다  그 첫번째 코스로  경주 에선    여하튼 저처럼  여행  중에 한번 정도는 가볼만한 집이라는 생각이네요  특히나 남산같은 산에    , 여행 이좋다     교리김밥      경주 맛집     경주여행 하면서 들린 김밥      경주  남산 등산을 포함해서 당일치기로  경주여행 을 계획하고 다녀왔습니다  그 첫번째 코스로  경주 에선    여하튼 저처럼  여행  중에 한번 정도는 가볼만한 집이라는 생각이네요  특히나 남산같은 산에    
경주 여행,322,안녕 2014년  경주 여행 ,2014년을 그냥 보내기가 좀 아쉬워서 좋아하는  경주 로 기차타고 떠났다  몇일전엔 크리스마스  경주여행  오늘은 안녕 2014년  경주여행    이번  여행 은 럭셔리 컨셉으로 좋은 호텔에서    ,안녕 2014년  경주 여행  2014년을 그냥 보내기가 좀 아쉬워서 좋아하는  경주 로 기차타고 떠났다  몇일전엔 크리스마스  경주여행  오늘은 안녕 2014년  경주여행    이번  여행 은 럭셔리 컨셉으로 좋은 호텔에서    
경주 여행,323,  경주여행  3일차 놀부보쌈  경주  황오점 배달후기, 경주여행  3번째 날 숙소로 황남관에 머물게 되었어요   여행  3일차 저녁이라 아이들도 지치고 저와    배민에 놀부보쌈 검색해보니  경주 황오점에서 배달이 가능하다고 나오네요  저희는 황남관에 머물었기 때문에    ,  경주여행  3일차 놀부보쌈  경주  황오점 배달후기  경주여행  3번째 날 숙소로 황남관에 머물게 되었어요   여행  3일차 저녁이라 아이들도 지치고 저와    배민에 놀부보쌈 검색해보니  경주 황오점에서 배달이 가능하다고 나오네요  저희는 황남관에 머물었기 때문에    
경주 여행,324, 알라딘서재  경주 여행  이야기, 일상이 고고학  나 혼자  경주 여행  은  경주 를 무대로 한  여행  에세이풍의 글을 만날 수 있는 책으로   경주 에서 유명한 문화재에 대한 사전 지식을 줄줄 읊는 것 외에도 얼마든지 재미있고 의미 있는  여행 을 할    , 알라딘서재  경주 여행  이야기  일상이 고고학  나 혼자  경주 여행  은  경주 를 무대로 한  여행  에세이풍의 글을 만날 수 있는 책으로   경주 에서 유명한 문화재에 대한 사전 지식을 줄줄 읊는 것 외에도 얼마든지 재미있고 의미 있는  여행 을 할    
경주 여행,325, 알라딘서재  100자평  일상이 고고학  나 혼자  경주 여행 , 일상이 고고학  나 혼자  경주 여행  을 읽고  경주 의 모든 것이 박물관이 되는 즐거운 경험을 하고 싶습니다  어떤 가이드보다도 든든한  경주 여행  길잡이가 되어주겠네요 , 알라딘서재  100자평  일상이 고고학  나 혼자  경주 여행   일상이 고고학  나 혼자  경주 여행  을 읽고  경주 의 모든 것이 박물관이 되는 즐거운 경험을 하고 싶습니다  어떤 가이드보다도 든든한  경주 여행  길잡이가 되어주겠네요 
경주 여행,326,  경주여행    경주  돼지갈비찜 맛집추천  진가네 대구갈비,진가네 대구갈비 위치   경북  경주 시 북정로 5 운영시간   매일 00 00   24 00 명절 연휴 휴무  경주여행 을 계획하면서 맛있어보여서 기대했던 곳이에요  오래되어 보이는 냄비가 오래된 맛집일것 같은 느낌적인    ,  경주여행    경주  돼지갈비찜 맛집추천  진가네 대구갈비 진가네 대구갈비 위치   경북  경주 시 북정로 5 운영시간   매일 00 00   24 00 명절 연휴 휴무  경주여행 을 계획하면서 맛있어보여서 기대했던 곳이에요  오래되어 보이는 냄비가 오래된 맛집일것 같은 느낌적인    
경주 여행,327, 알라딘서재  100자평  일상이 고고학  나 혼자  경주 여행 ,일상이 고고학  나 혼자  경주 여행    개정증보판  일상이 시리즈 3 황윤 지음   책읽는고양이   2020년 10월 평점    경주 는 학교다닐때 수학 여행 때 갔었는데 추억의 장소라 꼭 다시 가보고 싶은 곳이거든요     , 알라딘서재  100자평  일상이 고고학  나 혼자  경주 여행  일상이 고고학  나 혼자  경주 여행    개정증보판  일상이 시리즈 3 황윤 지음   책읽는고양이   2020년 10월 평점    경주 는 학교다닐때 수학 여행 때 갔었는데 추억의 장소라 꼭 다시 가보고 싶은 곳이거든요     
경주 여행,328, 알라딘서재  100자평  일상이 고고학  나 혼자  경주 여행 ,일상이 고고학  나 혼자  경주 여행    개정증보판   일상이 고고학 시리즈 2 황윤 지음   책읽는고양이    대한 깊이있는 이야기와 호기심에 답해줍니다   경주 를 100번도 넘게 가봤다니 정말 대단한것 같습니다 , 알라딘서재  100자평  일상이 고고학  나 혼자  경주 여행  일상이 고고학  나 혼자  경주 여행    개정증보판   일상이 고고학 시리즈 2 황윤 지음   책읽는고양이    대한 깊이있는 이야기와 호기심에 답해줍니다   경주 를 100번도 넘게 가봤다니 정말 대단한것 같습니다 
경주 여행,329, 알라딘서재  100자평  일상이 고고학  나 혼자  경주 여행 ,일상이 고고학  나 혼자  경주 여행    개정증보판  일상이 고고학 시리즈 2 황윤 지음   책읽는고양이   2020년 10월 평점   신라 경주  마니아로부터 듣는  경주여행 기라 관심이 가요  고고학적인 관점으로는    , 알라딘서재  100자평  일상이 고고학  나 혼자  경주 여행  일상이 고고학  나 혼자  경주 여행    개정증보판  일상이 고고학 시리즈 2 황윤 지음   책읽는고양이   2020년 10월 평점   신라 경주  마니아로부터 듣는  경주여행 기라 관심이 가요  고고학적인 관점으로는    
경주 여행,330, 여행 이좋다     경주 석빙고    색다른  경주여행  볼거리    근처에 안압    , 경주여행  색다른 볼거리  경주 석빙고 이번  경주여행 에서 다녀온  경주 석빙고입니다   경주  석빙고는 영조때에 만들어진 일종의 얼음창고로  근처에 첨성대를 비롯한 많은  여행 지들이 몰려있어서  함께 묶어    , 여행 이좋다     경주 석빙고    색다른  경주여행  볼거리    근처에 안압      경주여행  색다른 볼거리  경주 석빙고 이번  경주여행 에서 다녀온  경주 석빙고입니다   경주  석빙고는 영조때에 만들어진 일종의 얼음창고로  근처에 첨성대를 비롯한 많은  여행 지들이 몰려있어서  함께 묶어    
경주 여행,331,3월의  경주여행  ,첨가본 동궁원  예쁜 꽃들 만나고 좋아하는 커피열매도 보고 비맞으면서 노천온천 잘먹고 잘쉬고 행복한  경주 여행  ,3월의  경주여행   첨가본 동궁원  예쁜 꽃들 만나고 좋아하는 커피열매도 보고 비맞으면서 노천온천 잘먹고 잘쉬고 행복한  경주 여행  
경주 여행,332, 경주여행  황리단길 보문단지 왕릉탐방 데이트코스,https   youtu be  nZzijKooIk 밤의  황리단길 은 참 예쁘고 마음 한켠이 낭만으로 차오르는 경상도에서 흔치 않은 젊은거리 바로 옆은   경주 유적지 에 오래된 한옥  천년고도  경주 와는 사뭇 어울리면서도    , 경주여행  황리단길 보문단지 왕릉탐방 데이트코스 https   youtu be  nZzijKooIk 밤의  황리단길 은 참 예쁘고 마음 한켠이 낭만으로 차오르는 경상도에서 흔치 않은 젊은거리 바로 옆은   경주 유적지 에 오래된 한옥  천년고도  경주 와는 사뭇 어울리면서도    
경주 여행,333, 경주여행 밀면, 경주 에서 먹어본   경주여행 밀면  맛보기 가격도 착해 5000원 비빔밀면 물밀면도 5000원 더해먹는 떡갈비는 2000원 12 000원 밥상 그리고 뜨거운 육수까지 맛평가는 입맛따라 취향별로    나따루 너따루   , 경주여행 밀면  경주 에서 먹어본   경주여행 밀면  맛보기 가격도 착해 5000원 비빔밀면 물밀면도 5000원 더해먹는 떡갈비는 2000원 12 000원 밥상 그리고 뜨거운 육수까지 맛평가는 입맛따라 취향별로    나따루 너따루   
경주 여행,334,1박2일  경주여행   경주 엑스포대공원,2025  08  16  토   푸른애벌레의 꿈   경주여행  둘째날  보문호 주변길 걷기  10시에  경주 엑스포대공원 입장   경주 엑스포기념관  천마의궁전   경주 타워  솔거미술관  자연사박물관 ,1박2일  경주여행   경주 엑스포대공원 2025  08  16  토   푸른애벌레의 꿈   경주여행  둘째날  보문호 주변길 걷기  10시에  경주 엑스포대공원 입장   경주 엑스포기념관  천마의궁전   경주 타워  솔거미술관  자연사박물관 
경주 여행,335,2020년 6월  경주여행  동방역 능소화 서출지 경북산림연구원 ,2020년 6월25일 목   경주여행  동방역 능소화 서출지 경북산림연구원 ,2020년 6월  경주여행  동방역 능소화 서출지 경북산림연구원  2020년 6월25일 목   경주여행  동방역 능소화 서출지 경북산림연구원 
경주 여행,336,모녀와 함께  경주여행     바보곰 블로그,모녀와 함께한  경주여행  2019 10 15  첨성대 야생화단지  계림  월지 안압지    계림 월지 안압지 의 야경  경주 박물관 10 16  김유신장군 묘,모녀와 함께  경주여행     바보곰 블로그 모녀와 함께한  경주여행  2019 10 15  첨성대 야생화단지  계림  월지 안압지    계림 월지 안압지 의 야경  경주 박물관 10 16  김유신장군 묘
경주 여행,337, 경주여행  석굴암,2018 10 7, 경주여행  석굴암 2018 10 7
경주 여행,338, 알라딘서재  100자평  일상이 고고학  나 혼자  경주 여행 ,일상이 고고학  나 혼자  경주 여행    개정증보판  일상이 고고학 시리즈 2 황윤 지음   책읽는고양이   2020년 10월 평점   삼국 시대에 관한 거의 모든 자료를 섭렵한 소장 역사학자의 순수한 시각과 생생한    , 알라딘서재  100자평  일상이 고고학  나 혼자  경주 여행  일상이 고고학  나 혼자  경주 여행    개정증보판  일상이 고고학 시리즈 2 황윤 지음   책읽는고양이   2020년 10월 평점   삼국 시대에 관한 거의 모든 자료를 섭렵한 소장 역사학자의 순수한 시각과 생생한    
경주 여행,339, 알라딘서재 일상이 고고학 나 혼자  경주 여행 ,일상이 고고학  나 혼자  경주 여행    개정증보판  일상이 고고학 시리즈 2 황윤 지음   책읽는고양이   2020년 10월 평점   수학 여행 으로 갔던  경주 의 추억을 또 다시 한번  경주 는 역사도 그렇고 알면 알수록    , 알라딘서재 일상이 고고학 나 혼자  경주 여행  일상이 고고학  나 혼자  경주 여행    개정증보판  일상이 고고학 시리즈 2 황윤 지음   책읽는고양이   2020년 10월 평점   수학 여행 으로 갔던  경주 의 추억을 또 다시 한번  경주 는 역사도 그렇고 알면 알수록    
경주 여행,340, 경주여행 경비 2박3일  경주여행  혼자서 떠난  경주 , 2박3일  경주여행     이동수단   시외버스   경주  내 버스 택시  시티투어버스   2박3일    Total  13 140  기타 생필품    여행 용 샴푸   린스   바디워시   버블망    5 490 Total 경비  148 080, 경주여행 경비 2박3일  경주여행  혼자서 떠난  경주   2박3일  경주여행     이동수단   시외버스   경주  내 버스 택시  시티투어버스   2박3일    Total  13 140  기타 생필품    여행 용 샴푸   린스   바디워시   버블망    5 490 Total 경비  148 080
경주 여행,341, 경북  경주여행  현대호텔  경주 ,  경주여행   경주  현대호텔 현대호텔  경주  보문수상공연장  경주  보문관광단지 보문호반길  경주 신라컨트리클럽   경주여행  숙박 현대호텔  방문일자  2016년 9월 7일 수  현대호텔  경주  경북  경주 시 신평동    , 경북  경주여행  현대호텔  경주    경주여행   경주  현대호텔 현대호텔  경주  보문수상공연장  경주  보문관광단지 보문호반길  경주 신라컨트리클럽   경주여행  숙박 현대호텔  방문일자  2016년 9월 7일 수  현대호텔  경주  경북  경주 시 신평동    
경주 여행,342, 경주여행 3 석굴암 불국사 ,09 43  경주여행 3 석굴암 불국사     여행 일시   2011년4월22일 4월24일    여행 장소   세째날 4월24일    석굴암  불국사    여행 참여   우리가족 9명 송국영 안종순 송진주 김홍식 김연우 송연주 조광민    , 경주여행 3 석굴암 불국사  09 43  경주여행 3 석굴암 불국사     여행 일시   2011년4월22일 4월24일    여행 장소   세째날 4월24일    석굴암  불국사    여행 참여   우리가족 9명 송국영 안종순 송진주 김홍식 김연우 송연주 조광민    
경주 여행,343,  경주여행   대릉원  스탬프투어  그 다섯번째 이야기  대릉원천마    ,경북 여행     경주여행     경주 스탬프투어    경주 오릉 대릉원 천마총    경주 오릉 교촌마을 투어를 마치고 다음으로 찾아간 곳은 바로   경주 오릉  이다 교촌마을을 돌면서 조금 지치는 듯한 느낌이 있었는데 맛나는    ,  경주여행   대릉원  스탬프투어  그 다섯번째 이야기  대릉원천마     경북 여행     경주여행     경주 스탬프투어    경주 오릉 대릉원 천마총    경주 오릉 교촌마을 투어를 마치고 다음으로 찾아간 곳은 바로   경주 오릉  이다 교촌마을을 돌면서 조금 지치는 듯한 느낌이 있었는데 맛나는    
경주 여행,344,  경주여행  유적지 트레킹, 대상지    경주여행  유적지 트레킹   소재지   경북  경주 시  일 자   2023 10 1  코 스   동궁과월지 반월상 교촌 대릉원 쪽샘44호고분 분황사 황룡사역사문화원 동궁과월지주차장   약 9 0Km  반월성에서    ,  경주여행  유적지 트레킹  대상지    경주여행  유적지 트레킹   소재지   경북  경주 시  일 자   2023 10 1  코 스   동궁과월지 반월상 교촌 대릉원 쪽샘44호고분 분황사 황룡사역사문화원 동궁과월지주차장   약 9 0Km  반월성에서    
경주 여행,345, 경주여행  동궁과 월지  안압지 야경보기 ,해외  여행  이야기  여행  후기  경주여행  동궁과 월지  안압지 야경보기  훌리아 2020  3  25  15 17 2019년 여름  경주  사진 보관 1 구독하기  해외  여행  이야기  여행  후기  Related Articles    , 경주여행  동궁과 월지  안압지 야경보기  해외  여행  이야기  여행  후기  경주여행  동궁과 월지  안압지 야경보기  훌리아 2020  3  25  15 17 2019년 여름  경주  사진 보관 1 구독하기  해외  여행  이야기  여행  후기  Related Articles    
경주 여행,346, 경주여행 ,2020년 06월 13 14일 토 일요일  오전 비 오후 맑음   경주 에서  고향친구들과 함께 신라대종 장맛비가 시작되는 육월중순 고향친구들과 함께  경주 에서 즐거운  여행 을 하다    대릉원 돌담길 걸어주고    황리단길도    , 경주여행  2020년 06월 13 14일 토 일요일  오전 비 오후 맑음   경주 에서  고향친구들과 함께 신라대종 장맛비가 시작되는 육월중순 고향친구들과 함께  경주 에서 즐거운  여행 을 하다    대릉원 돌담길 걸어주고    황리단길도    
경주 여행,347,  경주 여행  이야기가 있는  경주여행 , 여행  계명대학교  경주 동산병원  천년의 신라고도  경주여행    여행 일자  2016년 9월 7일 목    여행 인원  친구와 함께  경주 시외버스터미널 경북  경주 시 노서동 160 2 전화  1666 5599  경주 시외버스터미널    ,  경주 여행  이야기가 있는  경주여행   여행  계명대학교  경주 동산병원  천년의 신라고도  경주여행    여행 일자  2016년 9월 7일 목    여행 인원  친구와 함께  경주 시외버스터미널 경북  경주 시 노서동 160 2 전화  1666 5599  경주 시외버스터미널    
경주 여행,348, 알라딘서재  100자평  일상이 고고학  나 혼자  경주 여행 ,일상이 고고학  나 혼자  경주 여행    개정증보판   일상이 고고학 시리즈 2 황윤 지음   책읽는고양이    재미있게  경주 를  여행 하는데 길잡이가 되어주는 책입니다   경주 를 더 풍부하게 이해할 수 있어    , 알라딘서재  100자평  일상이 고고학  나 혼자  경주 여행  일상이 고고학  나 혼자  경주 여행    개정증보판   일상이 고고학 시리즈 2 황윤 지음   책읽는고양이    재미있게  경주 를  여행 하는데 길잡이가 되어주는 책입니다   경주 를 더 풍부하게 이해할 수 있어    
경주 여행,349, 경주 여행 코스 베스트 추천 top 10, 경주 여행 코스 베스트 추천 top 10  경주 여행 코스 베스트 추천 top 10곳을 소개합니다  1  황리단길 상호명  황리단길 주소  경상북도  경주 시 황남동 280 전화번호  미입력 관련 키워드  키워드    , 경주 여행 코스 베스트 추천 top 10  경주 여행 코스 베스트 추천 top 10  경주 여행 코스 베스트 추천 top 10곳을 소개합니다  1  황리단길 상호명  황리단길 주소  경상북도  경주 시 황남동 280 전화번호  미입력 관련 키워드  키워드    
경주 여행,350,  경주  가볼만한 곳   경주 여행  코스 뚜벅이로 불국사  석굴암 대중교    ,naver com loveartlove 223054447834 다시 서울로 올라갈 채비를 했다   경주    경주여행    경주 불국사  불국사  봄 여행   국보  다보탑  석가탑  석굴암입장료   경주 가볼만한곳,  경주  가볼만한 곳   경주 여행  코스 뚜벅이로 불국사  석굴암 대중교     naver com loveartlove 223054447834 다시 서울로 올라갈 채비를 했다   경주    경주여행    경주 불국사  불국사  봄 여행   국보  다보탑  석가탑  석굴암입장료   경주 가볼만한곳
경주 여행,351,  경주여행   불국사  스탬프투어 그 세번째 이야기  불국사   석굴암,방쌤의  경주여행  경북 여행     경주여행     경주 스탬프투어   가을 여행  불국사   석굴암 동리목월문학관 구경을 마치고 다음으로 내가 찾을 장소는  경주여행 의 핵심   경주여행 의 메카  바로 불국사와 석굴암이다    ,  경주여행   불국사  스탬프투어 그 세번째 이야기  불국사   석굴암 방쌤의  경주여행  경북 여행     경주여행     경주 스탬프투어   가을 여행  불국사   석굴암 동리목월문학관 구경을 마치고 다음으로 내가 찾을 장소는  경주여행 의 핵심   경주여행 의 메카  바로 불국사와 석굴암이다    
경주 여행,352,  경주여행   황리단길 한옥카페추천  카페 아덴 2호점,카페 아덴 2호점 위치   경북  경주 시 사정로 57 운영시간   매일 10시     경주 와서 빵으로 배채울수 없어서 안먹었어요        옛    실시간 예보하고 너무 화가났던         경주 커피 7 0 아덴의 시그니처    ,  경주여행   황리단길 한옥카페추천  카페 아덴 2호점 카페 아덴 2호점 위치   경북  경주 시 사정로 57 운영시간   매일 10시     경주 와서 빵으로 배채울수 없어서 안먹었어요        옛    실시간 예보하고 너무 화가났던         경주 커피 7 0 아덴의 시그니처    
경주 여행,353, 알라딘서재  100자평  일상이 고고학  나 혼자  경주 여행 ,일상이 고고학  나 혼자  경주 여행    개정증보판   일상이 고고학 시리즈 2 황윤 지음   책읽는고양이   2020년 10월 평점    경주 에 대한 아름다움을 느낄 수 있을 거 같은 책이라 기대됩니다, 알라딘서재  100자평  일상이 고고학  나 혼자  경주 여행  일상이 고고학  나 혼자  경주 여행    개정증보판   일상이 고고학 시리즈 2 황윤 지음   책읽는고양이   2020년 10월 평점    경주 에 대한 아름다움을 느낄 수 있을 거 같은 책이라 기대됩니다
경주 여행,354, 알라딘서재  경주 여행  필수책,되어주는 책 필요한 지식과 설명  이해를 돕는 사진과 정보 가득한 책 서울편에 이어  경주 편 들고 역사의 땅  경주여행  꿈꾸기  한옥에서 독서모임 하다가 이 책보고 바로 주문하신분들과 또 역사  여행  갈 예정, 알라딘서재  경주 여행  필수책 되어주는 책 필요한 지식과 설명  이해를 돕는 사진과 정보 가득한 책 서울편에 이어  경주 편 들고 역사의 땅  경주여행  꿈꾸기  한옥에서 독서모임 하다가 이 책보고 바로 주문하신분들과 또 역사  여행  갈 예정
경주 여행,355, 경주여행 3  경주 역에서 걸어서 대릉원까지 대릉원 담장길 걷기 2018 11    ,이번  여행 은 천천히 걸으며  경주 의 가을을 만끽하는 게 컨셉  마침 가을 분위기 한껏 고조시켜줄    벚나무가 길 좌우로 늘어서 있어  경주 여행  올 때마다 걸어보고 싶었던 길이다  차를 가지고 와서 늘 휙    , 경주여행 3  경주 역에서 걸어서 대릉원까지 대릉원 담장길 걷기 2018 11     이번  여행 은 천천히 걸으며  경주 의 가을을 만끽하는 게 컨셉  마침 가을 분위기 한껏 고조시켜줄    벚나무가 길 좌우로 늘어서 있어  경주 여행  올 때마다 걸어보고 싶었던 길이다  차를 가지고 와서 늘 휙    
경주 여행,356,Knowledge Box     경주 여행    슈만과 클라라, 경주 역 도착     제일 먼저 간 곳은 슈만과클라라 라는 cafe를 갔다  위치는 요기   여기를 버스를 타고 가려고 했는데 버스가 너무 안와서 택시를 타고 가기로 했다  그러나 다음 문제가 있었다  계속  여행 을    ,Knowledge Box     경주 여행    슈만과 클라라  경주 역 도착     제일 먼저 간 곳은 슈만과클라라 라는 cafe를 갔다  위치는 요기   여기를 버스를 타고 가려고 했는데 버스가 너무 안와서 택시를 타고 가기로 했다  그러나 다음 문제가 있었다  계속  여행 을    
경주 여행,357, 경주여행 2303       ,봄꽃 찾아   경주 로 갔습니다  벌써 3월 마지막 월요일  찾아간  경주 는 벚꽃과 상춘객으로 많이 붐볐습니다  집에서 점심을 먹고  집사람과 국도를 타고  천천히 올라가는 길 곳곳엔 벚꽃이 제자랑에 열중이라  참    , 경주여행 2303        봄꽃 찾아   경주 로 갔습니다  벌써 3월 마지막 월요일  찾아간  경주 는 벚꽃과 상춘객으로 많이 붐볐습니다  집에서 점심을 먹고  집사람과 국도를 타고  천천히 올라가는 길 곳곳엔 벚꽃이 제자랑에 열중이라  참    
경주 여행,358, 경주 여행   경주  황리단길 맛집  여도가주 영업종료,오늘은   경주 맛집  황리단길맛집  여주가주 이야기 함께해요  다만  현재 여도가주는 없어졌다는 게        저희  여행 의 기록이기도 해서 그냥 포스팅을 진행하니 이점 참고하세요  한옥의 외관이 눈길을 끌었던    , 경주 여행   경주  황리단길 맛집  여도가주 영업종료 오늘은   경주 맛집  황리단길맛집  여주가주 이야기 함께해요  다만  현재 여도가주는 없어졌다는 게        저희  여행 의 기록이기도 해서 그냥 포스팅을 진행하니 이점 참고하세요  한옥의 외관이 눈길을 끌었던    
경주 여행,359, 경주여행 13  경주 역앞 성동시장 구경 가을 기차 여행  피날레 2018 11 9 ,  즐거웠다   경주  가을 기차 여행   단풍을 맘껏 누리고 돌아가는 길  발떼샷 한 컷  노란 은행낙엽 위에 올려놓고 찍어야 하는데 아숩다  언니들 수고했어염  숙소를 변경한 건 신의 한 수  지도자 언니 짝짝짝  , 경주여행 13  경주 역앞 성동시장 구경 가을 기차 여행  피날레 2018 11 9    즐거웠다   경주  가을 기차 여행   단풍을 맘껏 누리고 돌아가는 길  발떼샷 한 컷  노란 은행낙엽 위에 올려놓고 찍어야 하는데 아숩다  언니들 수고했어염  숙소를 변경한 건 신의 한 수  지도자 언니 짝짝짝  
경주 여행,360, 경주여행  첨성대 대릉원 주차,주차장 대릉원 주차장 여기도 매표를 해야 들어갈 수 있어서 그냥 혼자  여행 이고 하다보니 굳이 들어갈 필요성을 못 느꼈네요  편하게 드라이브삼아 둘러본  경주  그리고 그곳에서 만난 첨성대, 경주여행  첨성대 대릉원 주차 주차장 대릉원 주차장 여기도 매표를 해야 들어갈 수 있어서 그냥 혼자  여행 이고 하다보니 굳이 들어갈 필요성을 못 느꼈네요  편하게 드라이브삼아 둘러본  경주  그리고 그곳에서 만난 첨성대
경주 여행,361,  경주여행   황리단길 주전부리   황금십원빵  황남옥수수  청년분식, 경주  황리단길 주전부리  저녁먹기전에 출출해서 황리단길에 있는 주전부리 사서 우선 급한불 끄려 함  결론부터 말하자면 청년분식  십원빵  황남 옥수수 모두 아쉽     청년분식 비쥬얼이 우릴 유혹함 뭔가    ,  경주여행   황리단길 주전부리   황금십원빵  황남옥수수  청년분식  경주  황리단길 주전부리  저녁먹기전에 출출해서 황리단길에 있는 주전부리 사서 우선 급한불 끄려 함  결론부터 말하자면 청년분식  십원빵  황남 옥수수 모두 아쉽     청년분식 비쥬얼이 우릴 유혹함 뭔가    
경주 여행,362,안녕 2014년  경주여행  3,2014년 마지막 날  경주 에서 멋진 선물을 받은거 같다  눈발이 날리기 시작한다  그리고 금방 하얀 세상으로 변한다  눈길을 산책하고    불국사역에서 기차를 타고  여행 을 마무리 한다  다시 화창해진 하늘       ,안녕 2014년  경주여행  3 2014년 마지막 날  경주 에서 멋진 선물을 받은거 같다  눈발이 날리기 시작한다  그리고 금방 하얀 세상으로 변한다  눈길을 산책하고    불국사역에서 기차를 타고  여행 을 마무리 한다  다시 화창해진 하늘       
경주 여행,363,  경주여행    경주 야경또다른매력  월정교,분위기 꼭 해지는 저녁에 월정교 방문하시길 추천드립니다 꺄 불켜진 월정교 신나서 사진찍는 중 월정교 야경을 마지막으로  경주 를 떠나갑니다 여기는 신라니까   신라 해장국    즐거웠던  경주여행 이었습니다,  경주여행    경주 야경또다른매력  월정교 분위기 꼭 해지는 저녁에 월정교 방문하시길 추천드립니다 꺄 불켜진 월정교 신나서 사진찍는 중 월정교 야경을 마지막으로  경주 를 떠나갑니다 여기는 신라니까   신라 해장국    즐거웠던  경주여행 이었습니다
경주 여행,364,  경주여행   황남맷돌순두부   두부보쌈  제육  순두부찌개 그리고 호    , 경주  황남맷돌순두부 영업시간이 8시30분까지   경주  황리단길을 시작으로 어지간한  밥집 은 영업마감이      경주 는 진짜 고기가 맛있는듯   두부도 순두부찌개도 맛나고  호랑이막걸리도 완전 맛있어서    ,  경주여행   황남맷돌순두부   두부보쌈  제육  순두부찌개 그리고 호      경주  황남맷돌순두부 영업시간이 8시30분까지   경주  황리단길을 시작으로 어지간한  밥집 은 영업마감이      경주 는 진짜 고기가 맛있는듯   두부도 순두부찌개도 맛나고  호랑이막걸리도 완전 맛있어서    
경주 여행,365, 경주 여행  마치고 울주,새벽에 비가오다가 그친다  하늘이 늠 예쁘다   경주 월드앞 블루판다에서 점심  맛있고 친절하다  떡갈비도 맛나고 계란찜도 굿  산풍경도 좋고 꽃도 예쁘다  행복한  경주  울주  여행 이다 , 경주 여행  마치고 울주 새벽에 비가오다가 그친다  하늘이 늠 예쁘다   경주 월드앞 블루판다에서 점심  맛있고 친절하다  떡갈비도 맛나고 계란찜도 굿  산풍경도 좋고 꽃도 예쁘다  행복한  경주  울주  여행 이다 
경주 여행,366, 경주여행  서출지  23  7 28 ,더운날씨 촬영에 임했던 네분의 사진가들에게 도촬하게 된점 미안하게 생각하며 더운날씨  경주  여러곳 촬영에 대작 담으시고 무사히 귀가 하셨을것을 빌어마지 않습니다 , 경주여행  서출지  23  7 28  더운날씨 촬영에 임했던 네분의 사진가들에게 도촬하게 된점 미안하게 생각하며 더운날씨  경주  여러곳 촬영에 대작 담으시고 무사히 귀가 하셨을것을 빌어마지 않습니다 
경주 여행,367, 알라딘서재  100자평  우리 아이 첫  경주 여행  1,우리 아이 첫  경주 여행  1   세계 문화유산을 찾아서  개정판   답사 바로하기 역사 바로보기 2 박광일 전향이 글   여행 이야기 기획   삼성당   2011년 4월 평점   초등학교 학생들이  경주  수학 여행  가기 전에    , 알라딘서재  100자평  우리 아이 첫  경주 여행  1 우리 아이 첫  경주 여행  1   세계 문화유산을 찾아서  개정판   답사 바로하기 역사 바로보기 2 박광일 전향이 글   여행 이야기 기획   삼성당   2011년 4월 평점   초등학교 학생들이  경주  수학 여행  가기 전에    
경주 여행,368, 알라딘서재  100자평  일상이 고고학  나 혼자  경주 여행 ,일상이 고고학  나 혼자  경주 여행    개정증보판   일상이 고고학 시리즈 2 황윤 지음   책읽는고양이     경주 땅에 묻힌 타임캡슐을 타고 신라를  여행 해보는 특별한 시간이 될것 같네요 , 알라딘서재  100자평  일상이 고고학  나 혼자  경주 여행  일상이 고고학  나 혼자  경주 여행    개정증보판   일상이 고고학 시리즈 2 황윤 지음   책읽는고양이     경주 땅에 묻힌 타임캡슐을 타고 신라를  여행 해보는 특별한 시간이 될것 같네요 
경주 여행,369, 경주 여행 ,오늘은  경주여행 하는 날  날씨가 더우니 마을식당에서 맛난 양념게장점심먹고 힐튼 호텔에서 커피한잔  보문단지 푸른 나무감상하며 씨유 커피한잔과 스콘의 행복   경주 월드 새 관람차가 보인다  한번 타볼까    , 경주 여행  오늘은  경주여행 하는 날  날씨가 더우니 마을식당에서 맛난 양념게장점심먹고 힐튼 호텔에서 커피한잔  보문단지 푸른 나무감상하며 씨유 커피한잔과 스콘의 행복   경주 월드 새 관람차가 보인다  한번 타볼까    
경주 여행,370, 경주여행  안압지 야경투어,방문한날은 아마도 보름달이 뜨는날이었나보다  하늘엔 휘황청밝은 발이 연못에 빠져있어 야경과 함께 정말 멋진 야경을 보여줬다  이래서  경주여행 객을 밤이면 밤마다 이곳 안압지를 찾게하나보다 , 경주여행  안압지 야경투어 방문한날은 아마도 보름달이 뜨는날이었나보다  하늘엔 휘황청밝은 발이 연못에 빠져있어 야경과 함께 정말 멋진 야경을 보여줬다  이래서  경주여행 객을 밤이면 밤마다 이곳 안압지를 찾게하나보다 
경주 여행,371, 알라딘서재  100자평  우리 아이 첫  경주 여행  2,우리 아이 첫  경주 여행  2   땅 속에서 찾아 낸 신라의 꿈   답사 바로하기 역사 바로보기 13 박광일    2004년 7월 평점   구판절판  경주 여행  갈 때 들고간 책이다  아이들 눈높이에 맞춰진 책이다 , 알라딘서재  100자평  우리 아이 첫  경주 여행  2 우리 아이 첫  경주 여행  2   땅 속에서 찾아 낸 신라의 꿈   답사 바로하기 역사 바로보기 13 박광일    2004년 7월 평점   구판절판  경주 여행  갈 때 들고간 책이다  아이들 눈높이에 맞춰진 책이다 
경주 여행,372, 알라딘서재  100자평  일상이 고고학  나 혼자  경주 여행 ,일상이 고고학  나 혼자  경주 여행    개정증보판   일상이 고고학 시리즈 2 황윤 지음   책읽는고양이   2020년 10월 평점   유익한 책인 것 같아요, 알라딘서재  100자평  일상이 고고학  나 혼자  경주 여행  일상이 고고학  나 혼자  경주 여행    개정증보판   일상이 고고학 시리즈 2 황윤 지음   책읽는고양이   2020년 10월 평점   유익한 책인 것 같아요
경주 여행,373, 알라딘서재 역사 관심 갖기 시작해서 함께 읽었어요,갖길래  경주 여행 을 생각하고 있었는데   경주 를 그리는 마음을 접하게 됐어요   경주 에 좋은 기억을 가지고 있는데  아이도 신라를 배운 뒤라 그런지 책을 읽는 동안 배운 내용을 생각하며   경주 의 유적지들을    , 알라딘서재 역사 관심 갖기 시작해서 함께 읽었어요 갖길래  경주 여행 을 생각하고 있었는데   경주 를 그리는 마음을 접하게 됐어요   경주 에 좋은 기억을 가지고 있는데  아이도 신라를 배운 뒤라 그런지 책을 읽는 동안 배운 내용을 생각하며   경주 의 유적지들을    
경주 여행,374,3월의  경주여행 2 ,매화와 산수유 만발  보문단지 호수가 산책  행복한  경주여행  마무리 ,3월의  경주여행 2  매화와 산수유 만발  보문단지 호수가 산책  행복한  경주여행  마무리 
경주 여행,375, 알라딘서재  100자평  일상이 고고학  나 혼자  경주 여행 ,일상이 고고학  나 혼자  경주 여행  일상이 시리즈 3 황윤 지음   책읽는고양이   2020년 10월 평점    경주  마니아가 알려주는  경주  탐방기라 그런지  경주 에 대한 알찬 설명들이 좋습니다 , 알라딘서재  100자평  일상이 고고학  나 혼자  경주 여행  일상이 고고학  나 혼자  경주 여행  일상이 시리즈 3 황윤 지음   책읽는고양이   2020년 10월 평점    경주  마니아가 알려주는  경주  탐방기라 그런지  경주 에 대한 알찬 설명들이 좋습니다 
경주 여행,376, 알라딘서재  100자평  일상이 고고학  나 혼자  경주 여행 ,일상이 고고학  나 혼자  경주 여행    개정증보판   일상이 고고학 시리즈 2 황윤 지음   책읽는고양이   2020년 10월 평점   아름다운  경주 의 풍경에 고고학을 더하여 우리의  여행 에 지적 힐링을 안겨줘서    , 알라딘서재  100자평  일상이 고고학  나 혼자  경주 여행  일상이 고고학  나 혼자  경주 여행    개정증보판   일상이 고고학 시리즈 2 황윤 지음   책읽는고양이   2020년 10월 평점   아름다운  경주 의 풍경에 고고학을 더하여 우리의  여행 에 지적 힐링을 안겨줘서    
경주 여행,377,  경주여행   주상절리   경주  스탬프투어 그 첫번째 목적지  주상절    , 경주여행    스탬프투어   주상절리   해변둘레길  경주  주상절리 파도소리길 드디어 시작되는  경주여행   여행 에 대한 설램 때문이었을까  오랫만에 밤잠을 설치다가 깨서 시계를 보니 6시가 조금 되지 않은 시간    ,  경주여행   주상절리   경주  스탬프투어 그 첫번째 목적지  주상절      경주여행    스탬프투어   주상절리   해변둘레길  경주  주상절리 파도소리길 드디어 시작되는  경주여행   여행 에 대한 설램 때문이었을까  오랫만에 밤잠을 설치다가 깨서 시계를 보니 6시가 조금 되지 않은 시간    
경주 여행,378,2FeRed s Conundrum of Life      경주여행   불국사  황남빵  교리김밥  산내소    ,Theme 불국사  황남빵  교리김밥  산내소고기 울산  Comments 후배녀석과 같이 갔던 짧은 1박2일의  경주   울산 여행  불국사에서 승의군과 천마총에서 첨성대쪽으로 난 길을 내려오다가 있는 나무그늘 내부전경       ,2FeRed s Conundrum of Life      경주여행   불국사  황남빵  교리김밥  산내소     Theme 불국사  황남빵  교리김밥  산내소고기 울산  Comments 후배녀석과 같이 갔던 짧은 1박2일의  경주   울산 여행  불국사에서 승의군과 천마총에서 첨성대쪽으로 난 길을 내려오다가 있는 나무그늘 내부전경       
경주 여행,379, 알라딘서재  100자평  일상이 고고학  나 혼자  경주 여행 ,개정증보판   일상이 고고학 시리즈 2 황윤 지음   책읽는고양이   2020년 10월 평점   어려서 그냥 학교에서 갔던  경주 가 지금 커서 공부하고 가니 또 다른 느낌이었습니다  꼭 읽어보시고  경주여행  가보세요, 알라딘서재  100자평  일상이 고고학  나 혼자  경주 여행  개정증보판   일상이 고고학 시리즈 2 황윤 지음   책읽는고양이   2020년 10월 평점   어려서 그냥 학교에서 갔던  경주 가 지금 커서 공부하고 가니 또 다른 느낌이었습니다  꼭 읽어보시고  경주여행  가보세요
경주 여행,380, 알라딘서재  100자평  일상이 고고학  나 혼자  경주 여행 ,혼자  경주 여행    개정증보판   일상이 고고학 시리즈 2 황윤 지음   책읽는고양이   2020년 10월 평점    경주  이야기는 봐도봐도 들어도들어도 재미있는거 같습니다  작가님의 혼자  경주 여행 기 기대해봅니다 , 알라딘서재  100자평  일상이 고고학  나 혼자  경주 여행  혼자  경주 여행    개정증보판   일상이 고고학 시리즈 2 황윤 지음   책읽는고양이   2020년 10월 평점    경주  이야기는 봐도봐도 들어도들어도 재미있는거 같습니다  작가님의 혼자  경주 여행 기 기대해봅니다 
경주 여행,381, 경주 여행 ,매화꽃과 산수유 예쁜  경주 로 간다  날씨가 늠 따뜻하다  바람도 많이 불고 봄햇살은 따뜻  점심먹고 늘 궁금해 했었던 황룡원을 돌아봤다  동국재단에서 운영하는 연수원인데 넘 웅장하고 잘꾸며져있다     , 경주 여행  매화꽃과 산수유 예쁜  경주 로 간다  날씨가 늠 따뜻하다  바람도 많이 불고 봄햇살은 따뜻  점심먹고 늘 궁금해 했었던 황룡원을 돌아봤다  동국재단에서 운영하는 연수원인데 넘 웅장하고 잘꾸며져있다     
경주 여행,382,  경주 여행   맷돌순부두 옆집 정화 송이 순두부   맛집의 옆집, 여행 지 아니라도 가격은 비싸니까  기본 반찬 셋팅 생선구이가 나와서 후배가 맛있게 섬세하게 발라줬다  하얀 순두부가 있었다니  맑은 순두부는 처음본다  파전도 하나  주문   경주  새송이 생탁주도 주문  낮술    ,  경주 여행   맷돌순부두 옆집 정화 송이 순두부   맛집의 옆집  여행 지 아니라도 가격은 비싸니까  기본 반찬 셋팅 생선구이가 나와서 후배가 맛있게 섬세하게 발라줬다  하얀 순두부가 있었다니  맑은 순두부는 처음본다  파전도 하나  주문   경주  새송이 생탁주도 주문  낮술    
경주 여행,383,  경주여행   경주 남산 칠불암 가는길, 경주  톨케이트입니다  경주 에 진입하였읍니다 서라벌 휴게소입니다 나는 통일전 주차장에 주차 하지 아니하고 염불사지 삼층석탑옆에 주차하였다 여기는 일찍 도착하여야 주차할수있다 나는 아침 7시에    ,  경주여행   경주 남산 칠불암 가는길  경주  톨케이트입니다  경주 에 진입하였읍니다 서라벌 휴게소입니다 나는 통일전 주차장에 주차 하지 아니하고 염불사지 삼층석탑옆에 주차하였다 여기는 일찍 도착하여야 주차할수있다 나는 아침 7시에    
경주 여행,384, 경주 여행 ,국내 여행  사진 국내 테마 여행   경주 여행  Theodor 2017  4  18  08 11 벚꽃이 거의 떨어지고 새잎이 나는 시기라 아쉬움 속에  경주 에 가다  대능원 출입문과 대능원의 소나무 숲 천마총 안압지 분황사 모전석탑   원래    , 경주 여행  국내 여행  사진 국내 테마 여행   경주 여행  Theodor 2017  4  18  08 11 벚꽃이 거의 떨어지고 새잎이 나는 시기라 아쉬움 속에  경주 에 가다  대능원 출입문과 대능원의 소나무 숲 천마총 안압지 분황사 모전석탑   원래    
경주 여행,385, 알라딘서재  100자평  일상이 고고학  나 혼자  경주 여행 ,일상이 고고학  나 혼자  경주 여행    개정증보판   일상이 고고학 시리즈 2 황윤 지음   책읽는고양이   2020년 10월 평점   이런 책 너무 좋아함  더구나  경주 라서 너무 마음에 듦  중학교 수학 여행 으로 왔던    , 알라딘서재  100자평  일상이 고고학  나 혼자  경주 여행  일상이 고고학  나 혼자  경주 여행    개정증보판   일상이 고고학 시리즈 2 황윤 지음   책읽는고양이   2020년 10월 평점   이런 책 너무 좋아함  더구나  경주 라서 너무 마음에 듦  중학교 수학 여행 으로 왔던    
경주 여행,386,  경주여행   힐튼호텔,한국에는 서울과  경주 에 호텔 체인이 있다  이상 두산백과  참고로  미국의 저명한 모델이자    철저히 손님을 배려한 호텔  그래서 2박 3일  경주여행 은 더 즐거울 수밖에 없었다 ,  경주여행   힐튼호텔 한국에는 서울과  경주 에 호텔 체인이 있다  이상 두산백과  참고로  미국의 저명한 모델이자    철저히 손님을 배려한 호텔  그래서 2박 3일  경주여행 은 더 즐거울 수밖에 없었다 
경주 여행,387, 경주여행  토함산 단풍터널   자연이 그려 낸 수채화     17년11월17일    , 경주 로 떠나는 단풍 여행 은 그윽한 숲길 두 곳을 느긋이 걷는 일이었다  불국사와 석굴암을 잇는 토함산 숲길과 함월산 수렛제를 넘는 고갯길은 굳이 신라 역사를 몰라도 걷기에 좋은 길이다   경주  시내를    , 경주여행  토함산 단풍터널   자연이 그려 낸 수채화     17년11월17일      경주 로 떠나는 단풍 여행 은 그윽한 숲길 두 곳을 느긋이 걷는 일이었다  불국사와 석굴암을 잇는 토함산 숲길과 함월산 수렛제를 넘는 고갯길은 굳이 신라 역사를 몰라도 걷기에 좋은 길이다   경주  시내를    
경주 여행,388, 경주여행  배롱나무가 핀 첨성대 야경 16년8월18일 , 경주 를 수학 여행  때 다녀오고 단 한번도 가지 않은 사람  심지어 자녀의 역사유적 답사에 동행해서    이런 곳은 아무리 생각해봐도 국내에선  경주  밖에 없다   경주여행 의 특징 중 하나는 평온한 자연    , 경주여행  배롱나무가 핀 첨성대 야경 16년8월18일   경주 를 수학 여행  때 다녀오고 단 한번도 가지 않은 사람  심지어 자녀의 역사유적 답사에 동행해서    이런 곳은 아무리 생각해봐도 국내에선  경주  밖에 없다   경주여행 의 특징 중 하나는 평온한 자연    
경주 여행,389, 경주 황리단길카페   경주여행  카페능,카페능은 황리단길 메인거리내에 위치해 있어서 거리를 둘러보며 뚜벅이  여행 중에 쉬기 좋은 곳입니다  인테리어도 예쁘게 되어 있어서 더욱 눈길이 가는 카페입니다   경주 황리단길카페   경주여행  카페능 날씨    , 경주 황리단길카페   경주여행  카페능 카페능은 황리단길 메인거리내에 위치해 있어서 거리를 둘러보며 뚜벅이  여행 중에 쉬기 좋은 곳입니다  인테리어도 예쁘게 되어 있어서 더욱 눈길이 가는 카페입니다   경주 황리단길카페   경주여행  카페능 날씨    
경주 여행,390,경북 여행   경주여행   경주 가볼만한곳 국밥맛집   수백당  경주 보문단    ,com 633 경북 여행   경주여행   경주 가볼만한곳  경주 교촌마을   교촌홍보관  아이와가볼만한곳 가족과가볼 2024년8월31일 가족과 함께한  여행  기록오늘은 가족 모임이 있어서 경북  경주 에 가게 되었어요3시에    ,경북 여행   경주여행   경주 가볼만한곳 국밥맛집   수백당  경주 보문단     com 633 경북 여행   경주여행   경주 가볼만한곳  경주 교촌마을   교촌홍보관  아이와가볼만한곳 가족과가볼 2024년8월31일 가족과 함께한  여행  기록오늘은 가족 모임이 있어서 경북  경주 에 가게 되었어요3시에    
경주 여행,391,  경주 여행   불국사역   경주 역에서 동대구까지 기차 무궁화호  시간    , 경주 역은 시외 고속 버스터미널과 신 경주 역이 모두 거리가 있어서  어디로  여행 할 지에 따라 대중 교통 종류가 달라지는데  서울이나 대전    경주  까지 2시간 이상 걸리는 먼 코스라고    ,  경주 여행   불국사역   경주 역에서 동대구까지 기차 무궁화호  시간      경주 역은 시외 고속 버스터미널과 신 경주 역이 모두 거리가 있어서  어디로  여행 할 지에 따라 대중 교통 종류가 달라지는데  서울이나 대전    경주  까지 2시간 이상 걸리는 먼 코스라고    
경주 여행,392, 경주 여행  ,파란 하늘 흰구름 동동 맑고 아름다운 날 신나게 고속도로를 달려  경주 로 간다  오늘은 힐링  여행   산송이 한우구이  언양불고기와 더덕구이로 자알 먹고 빵이랑 라떼한잔하고 노천온천으로 간다  파란하늘 보며    , 경주 여행   파란 하늘 흰구름 동동 맑고 아름다운 날 신나게 고속도로를 달려  경주 로 간다  오늘은 힐링  여행   산송이 한우구이  언양불고기와 더덕구이로 자알 먹고 빵이랑 라떼한잔하고 노천온천으로 간다  파란하늘 보며    
경주 여행,393, 알라딘서재  100자평  일상이 고고학  나 혼자  경주 여행 ,2020년 10월 평점   매년 봄 가을이면  경주여행 을 꿈꾸지만 아직도 실천 못하고 있는 사람입니다     이 책 읽고  경주 여행 가면 좀 더 알차게  경주 를 느낄 수 있을 것 같아 기대되요  열심히 읽어보겠습니다 , 알라딘서재  100자평  일상이 고고학  나 혼자  경주 여행  2020년 10월 평점   매년 봄 가을이면  경주여행 을 꿈꾸지만 아직도 실천 못하고 있는 사람입니다     이 책 읽고  경주 여행 가면 좀 더 알차게  경주 를 느낄 수 있을 것 같아 기대되요  열심히 읽어보겠습니다 
경주 여행,394,  경주여행 1   경주  나정맛집  나정에가면  라면맛집   경주 에도 바다가    ,나정에가면  경주여행  스토리 올려드릴께요   경주 에도 바다가 있다는 사실 아시나요   여행 지를 정하면서 저는 바다가 가고 싶었고  남편은 역사를 좋아해서 유적지가 있는  경주 에 가고 싶어했어요  그러던    ,  경주여행 1   경주  나정맛집  나정에가면  라면맛집   경주 에도 바다가     나정에가면  경주여행  스토리 올려드릴께요   경주 에도 바다가 있다는 사실 아시나요   여행 지를 정하면서 저는 바다가 가고 싶었고  남편은 역사를 좋아해서 유적지가 있는  경주 에 가고 싶어했어요  그러던    
경주 여행,395, 알라딘서재  100자평  일상이 고고학  나 혼자  경주 여행 ,지음   책읽는고양이   2020년 10월 평점    경주  정말 좋아하는 도시입니다  시간 여행 하는 기분이 들어서 행복하거든요  코로나때문에  경주여행 도 꿈이 되어버렸네요  이 책으로 나 혼자  경주여행  해보고 싶네요 , 알라딘서재  100자평  일상이 고고학  나 혼자  경주 여행  지음   책읽는고양이   2020년 10월 평점    경주  정말 좋아하는 도시입니다  시간 여행 하는 기분이 들어서 행복하거든요  코로나때문에  경주여행 도 꿈이 되어버렸네요  이 책으로 나 혼자  경주여행  해보고 싶네요 
경주 여행,396,가을  경주 여행  , 경주  도착  오늘은 작년 여름  경주여행 코스였던 서출지와 통일전 그리고 산림 연구원 둘러보고 핑크뮬리 예쁜 첨성대주변  황리단길 구경하고 헉헉  점심먹고 커피한잔 하면서 숨돌린다  조금씩 가을이 찾아오는    ,가을  경주 여행    경주  도착  오늘은 작년 여름  경주여행 코스였던 서출지와 통일전 그리고 산림 연구원 둘러보고 핑크뮬리 예쁜 첨성대주변  황리단길 구경하고 헉헉  점심먹고 커피한잔 하면서 숨돌린다  조금씩 가을이 찾아오는    
경주 여행,397, 알라딘서재  100자평  일상이 고고학  나 혼자  경주 여행 ,일상이 고고학  나 혼자  경주 여행    개정증보판   일상이 고고학 시리즈 2 황윤 지음   책읽는고양이   2020년 10월 평점   수학 여행  이후로 가보지 못했던  경주여행 에 대해 다시 생각해보게 되네요   경주 와    , 알라딘서재  100자평  일상이 고고학  나 혼자  경주 여행  일상이 고고학  나 혼자  경주 여행    개정증보판   일상이 고고학 시리즈 2 황윤 지음   책읽는고양이   2020년 10월 평점   수학 여행  이후로 가보지 못했던  경주여행 에 대해 다시 생각해보게 되네요   경주 와    
경주 여행,398, 알라딘서재  100자평  일상이 고고학  나 혼자  경주 여행 ,일상이 고고학  나 혼자  경주 여행    개정증보판   일상이 고고학 시리즈 2 황윤 지음   책읽는고양이   2020년 10월 평점    경주 를 가본 적이 몇 번 있지만  제대로된 구경을 해보지 못 한 것 같네요  코로나로    , 알라딘서재  100자평  일상이 고고학  나 혼자  경주 여행  일상이 고고학  나 혼자  경주 여행    개정증보판   일상이 고고학 시리즈 2 황윤 지음   책읽는고양이   2020년 10월 평점    경주 를 가본 적이 몇 번 있지만  제대로된 구경을 해보지 못 한 것 같네요  코로나로    
경주 여행,399, 알라딘서재  100자평  일상이 고고학  나 혼자  경주 여행 ,일상이 고고학  나 혼자  경주 여행    개정증보판  일상이 고고학 시리즈 2 황윤 지음   책읽는고양이   2020년 10월 평점   수학 여행  때는 역사의 의미를 모르고 지나쳤지만 이제는 작은 풍경 하나하나에서    , 알라딘서재  100자평  일상이 고고학  나 혼자  경주 여행  일상이 고고학  나 혼자  경주 여행    개정증보판  일상이 고고학 시리즈 2 황윤 지음   책읽는고양이   2020년 10월 평점   수학 여행  때는 역사의 의미를 모르고 지나쳤지만 이제는 작은 풍경 하나하나에서    
경주 여행,400, 알라딘서재  100자평  일상이 고고학  나 혼자  경주 여행 ,앞서  출간된 일상이 고고학  나혼자 백제  여행  에 이어 이번엔  경주 여행 입니다  전작인 백제  여행 이 만족 스러웠던 분들이라면 이번  경주 여행 에도 무조건 탑승 하시길 바랍니다 , 알라딘서재  100자평  일상이 고고학  나 혼자  경주 여행  앞서  출간된 일상이 고고학  나혼자 백제  여행  에 이어 이번엔  경주 여행 입니다  전작인 백제  여행 이 만족 스러웠던 분들이라면 이번  경주 여행 에도 무조건 탑승 하시길 바랍니다 
경주 여행,401, 경주 여행  출장  깨끗하고 조식이 제공되는 에이치에비뉴 호텔을 소    , 경주  불국사까지 도보로 단 15분 거리에 있어서   여행 의 피로함을 조금이나마 덜 수 있었습니다  아침 일찍 불국사를 방문해 한적하고 고요한 분위기 속에서 산책을 즐기기에 최적의 위치였습니다  꿀스테이    , 경주 여행  출장  깨끗하고 조식이 제공되는 에이치에비뉴 호텔을 소      경주  불국사까지 도보로 단 15분 거리에 있어서   여행 의 피로함을 조금이나마 덜 수 있었습니다  아침 일찍 불국사를 방문해 한적하고 고요한 분위기 속에서 산책을 즐기기에 최적의 위치였습니다  꿀스테이    
경주 여행,402,루비의 정원    설연휴  경주 여행   신 경주 역에서 시작하세요, 신청은 신 경주 역  여행  센터  광활한 부지에 자리잡은 신 경주 역은 역사 마당도 엄청나게 너른데    연휴  여행 을 계획하고 계신 분은 KTX를 이용한  경주 여행 은 어떠하신지       Copyright 2011  루비  All pictures    ,루비의 정원    설연휴  경주 여행   신 경주 역에서 시작하세요  신청은 신 경주 역  여행  센터  광활한 부지에 자리잡은 신 경주 역은 역사 마당도 엄청나게 너른데    연휴  여행 을 계획하고 계신 분은 KTX를 이용한  경주 여행 은 어떠하신지       Copyright 2011  루비  All pictures    
경주 여행,403, 경주여행  야경이 이쁜 안압지 첨성대 16년3월31일 ,어울린다  경주 여행 에서 빠질수 없는 관광지 중 하나인 첨성대   첨성대는 신라시대에 별을 관측하기        최근  경주 를  여행 하는 이들이 꼭 빼놓지 않는  여행 코스가 있다  다름 아닌  경주 의 야경을 둘러보는 것     , 경주여행  야경이 이쁜 안압지 첨성대 16년3월31일  어울린다  경주 여행 에서 빠질수 없는 관광지 중 하나인 첨성대   첨성대는 신라시대에 별을 관측하기        최근  경주 를  여행 하는 이들이 꼭 빼놓지 않는  여행 코스가 있다  다름 아닌  경주 의 야경을 둘러보는 것     
경주 여행,404,경북  경주여행  불국사 단아함과 정숙함이 묻어나는 겹벚꽃 왕벚꽃     ,벚꽃이 다 지고나면 피는 겹벗꽃 봄  여행 을 즐기는 고수라면 서둘러  경주 행 티켓을 예약하자  또다시  경주 가 들썩이고 있다 다  경주 지역 벚꽃은 거의 떨어지고 불국사 쪽이 겹벚꽃으로 유명하다  불국사 입구에    ,경북  경주여행  불국사 단아함과 정숙함이 묻어나는 겹벚꽃 왕벚꽃      벚꽃이 다 지고나면 피는 겹벗꽃 봄  여행 을 즐기는 고수라면 서둘러  경주 행 티켓을 예약하자  또다시  경주 가 들썩이고 있다 다  경주 지역 벚꽃은 거의 떨어지고 불국사 쪽이 겹벚꽃으로 유명하다  불국사 입구에    
경주 여행,405,경북  경주여행  1일차 하얀 목련이 필때면    경주  대릉원 목련 낮풍경    ,최근  경주 를  여행 하는 이들이 꼭 빼놓지 않는  여행 코스가 있다  다름 아닌  경주 의 야경을 둘러보는 것     연인과 함께  경주 여행 을 떠나게 될 당신을 위한 야경 투어 코스를 소개한다   경주 여행 을 준비하고 있는    ,경북  경주여행  1일차 하얀 목련이 필때면    경주  대릉원 목련 낮풍경     최근  경주 를  여행 하는 이들이 꼭 빼놓지 않는  여행 코스가 있다  다름 아닌  경주 의 야경을 둘러보는 것     연인과 함께  경주 여행 을 떠나게 될 당신을 위한 야경 투어 코스를 소개한다   경주 여행 을 준비하고 있는    
경주 여행,406, 경주 여행 에서 많은 사람들이 지나치는 곳,몇몇 지인들의 경험과 제 생각을 더해   경주 여행 에서 좀 더 주목하면 좋을 만한 장소들을 정리해    고즈넉한 산사  옥천사  경주 는 수학 여행 의 성지이자 역사 탐방의 중심지로 알려져 있지만  그 주변으로    , 경주 여행 에서 많은 사람들이 지나치는 곳 몇몇 지인들의 경험과 제 생각을 더해   경주 여행 에서 좀 더 주목하면 좋을 만한 장소들을 정리해    고즈넉한 산사  옥천사  경주 는 수학 여행 의 성지이자 역사 탐방의 중심지로 알려져 있지만  그 주변으로    
경주 여행,407,경북  경주여행  왕의 다리   경주  월정교      18년7월21일 ,잠시 교촌마을에 도착하니 뜻하지 않은 행사에 잠시 쉬어간다 최근  경주 를  여행 하는 이들이 꼭 빼놓지    연인과 함께  경주 여행 을 떠나게 될 당신을 위한 야경 투어 코스를 소개한다   경주 여행 을 준비하고 있는    ,경북  경주여행  왕의 다리   경주  월정교      18년7월21일  잠시 교촌마을에 도착하니 뜻하지 않은 행사에 잠시 쉬어간다 최근  경주 를  여행 하는 이들이 꼭 빼놓지    연인과 함께  경주 여행 을 떠나게 될 당신을 위한 야경 투어 코스를 소개한다   경주 여행 을 준비하고 있는    
경주 여행,408, 경주여행  보문단지 벚꽃은 보문호반길 화사한 봄 선사하는 벗꽃 17    ,최적의  여행 지이다  차없는 도로 및 벗꽃길 이른 시각에 와야 제대로 힐링 되는 곳이다  만개해 아름다운 경관을 이루고 있다  경주 보문단지는  경주 시가지에서 동쪽으로 약 10여  정도 떨어진 명활산 옛성터에    , 경주여행  보문단지 벚꽃은 보문호반길 화사한 봄 선사하는 벗꽃 17     최적의  여행 지이다  차없는 도로 및 벗꽃길 이른 시각에 와야 제대로 힐링 되는 곳이다  만개해 아름다운 경관을 이루고 있다  경주 보문단지는  경주 시가지에서 동쪽으로 약 10여  정도 떨어진 명활산 옛성터에    
경주 여행,409,설레임 패밀리 일상,오늘의 목적지는  경주  회사 제휴로 숙소를 저렴하게 예약하고  경주 로 나선다   경주 에 도착하자마자 배가 고파서 우리가족이 좋아하는 국수집을 찾아본다  와이프가 검색해서 찾아간 곳은 갈비랑 국수랑    ,설레임 패밀리 일상 오늘의 목적지는  경주  회사 제휴로 숙소를 저렴하게 예약하고  경주 로 나선다   경주 에 도착하자마자 배가 고파서 우리가족이 좋아하는 국수집을 찾아본다  와이프가 검색해서 찾아간 곳은 갈비랑 국수랑    
경주 여행,410,14개월 아기랑  경주여행  후기  정글의 법칙 미디어 파크  버드파크      ,그래도  여행  일정중에 비가온다면 다녀오기 딱 좋은 곳 같다   경주  버드파크 위치  경북  경주 시 보문로 74 14  북군동 185 1  전화  054 777 7200 운영시간  10 00   19 00 입장료   대인  20 000원  소인  15 000원    ,14개월 아기랑  경주여행  후기  정글의 법칙 미디어 파크  버드파크       그래도  여행  일정중에 비가온다면 다녀오기 딱 좋은 곳 같다   경주  버드파크 위치  경북  경주 시 보문로 74 14  북군동 185 1  전화  054 777 7200 운영시간  10 00   19 00 입장료   대인  20 000원  소인  15 000원    
경주 여행,411, 경주여행  세계문화유산  경주  양동마을 봄나들이 18년3월29일 ,시간 여행 을 떠나고 싶다면 옛 조상들의 삶의 모습을 고스란히 간직한 채 수백 년의 숨결을 이어 온 양동마을이 제격이 아닐까  주소 경상북도  경주 시 강동면 양동마을길 138 18 지번 경상북도  경주 시 강동면    , 경주여행  세계문화유산  경주  양동마을 봄나들이 18년3월29일  시간 여행 을 떠나고 싶다면 옛 조상들의 삶의 모습을 고스란히 간직한 채 수백 년의 숨결을 이어 온 양동마을이 제격이 아닐까  주소 경상북도  경주 시 강동면 양동마을길 138 18 지번 경상북도  경주 시 강동면    
경주 여행,412, 알라딘서재  100자평  일상이 고고학  나 혼자  경주 여행 ,일상이 고고학  나 혼자  경주 여행    개정증보판   일상이 고고학 시리즈 2 황윤 지음   책읽는고양이   2020년 10월 평점   역사를 사랑하고 덕질하는 사람의 눈으로 바라본  경주   아는 만큼 보이고  사랑하는    , 알라딘서재  100자평  일상이 고고학  나 혼자  경주 여행  일상이 고고학  나 혼자  경주 여행    개정증보판   일상이 고고학 시리즈 2 황윤 지음   책읽는고양이   2020년 10월 평점   역사를 사랑하고 덕질하는 사람의 눈으로 바라본  경주   아는 만큼 보이고  사랑하는    
경주 여행,413, 경주여행  20200727,08 02  경주여행  20200728  0  2020 08 02  경주여행  20200727  0  2020 08 02 1일 3평화  0  2020 07 13 강릉 여행  서나무  0  2020 07 08 강릉 여행   0  2020 07 08, 경주여행  20200727 08 02  경주여행  20200728  0  2020 08 02  경주여행  20200727  0  2020 08 02 1일 3평화  0  2020 07 13 강릉 여행  서나무  0  2020 07 08 강릉 여행   0  2020 07 08
경주 여행,414,  경주여행   한옥 숙소   소설재 첨성대점 비향 15만원 , 경주여행  한옥숙소 이름도 특이한  소설재  첨성대점  첨성대랑 진짜 가까워서 첨성대점인듯     낮에도 이쁘고  밤에는 더더 이쁜 한옥  소설재 너무너무너무 인기있는 곳이라서 주말에 묶으려면    ,  경주여행   한옥 숙소   소설재 첨성대점 비향 15만원   경주여행  한옥숙소 이름도 특이한  소설재  첨성대점  첨성대랑 진짜 가까워서 첨성대점인듯     낮에도 이쁘고  밤에는 더더 이쁜 한옥  소설재 너무너무너무 인기있는 곳이라서 주말에 묶으려면    
경주 여행,415, 경주여행 , 경주 까지 이동은 기차 여행   경주 내에서는 자전거 여행  도보 여행  버스투어 모두 가능하다  경주여행 코스   시내권    천마총   왕릉   첨성대   계림   포석정   안압지    , 경주여행   경주 까지 이동은 기차 여행   경주 내에서는 자전거 여행  도보 여행  버스투어 모두 가능하다  경주여행 코스   시내권    천마총   왕릉   첨성대   계림   포석정   안압지    
경주 여행,416, 알라딘서재 황금호두 열리면 무웅이와 함께 떠나는  경주여행 ,코스의  여행 인데도 매 번 새로운 느낌이 들어 자꾸만  경주 를 찾게 되는것 같다 매 번 새로운 느낌을 주는  경주여행 에 푹 빠져있는데 신라에서 온 아이와 함께하는  경주여행 은 더 새롭게 다가왔다 한참 티비에서    , 알라딘서재 황금호두 열리면 무웅이와 함께 떠나는  경주여행  코스의  여행 인데도 매 번 새로운 느낌이 들어 자꾸만  경주 를 찾게 되는것 같다 매 번 새로운 느낌을 주는  경주여행 에 푹 빠져있는데 신라에서 온 아이와 함께하는  경주여행 은 더 새롭게 다가왔다 한참 티비에서    
경주 여행,417, 경주여행  감포 여행  송대말등대빛체험전시관  여행 ,위치  경북  경주 시 척사길 18 94 2  운영시간   09 00   18 00 3  연중무휴 4  대표전화   054 744 3233 5  입장료   무료 송대말등대 빛 체험관은 아이와 함께  여행 가기에 좋고 점심시간 12 00   13 00 운영을 안하니    , 경주여행  감포 여행  송대말등대빛체험전시관  여행  위치  경북  경주 시 척사길 18 94 2  운영시간   09 00   18 00 3  연중무휴 4  대표전화   054 744 3233 5  입장료   무료 송대말등대 빛 체험관은 아이와 함께  여행 가기에 좋고 점심시간 12 00   13 00 운영을 안하니    
경주 여행,418, 알라딘서재  100자평  일상이 고고학  나 혼자  경주 여행 ,일상이 고고학  나 혼자  경주 여행    개정증보판   일상이 고고학 시리즈 2 황윤 지음   책읽는고양이    못한 지가 한참 되었는데 오랜만에 저자와 함께  경주 를 걸으며 역사  여행 을 하는 느낌을 주는 책이네요 , 알라딘서재  100자평  일상이 고고학  나 혼자  경주 여행  일상이 고고학  나 혼자  경주 여행    개정증보판   일상이 고고학 시리즈 2 황윤 지음   책읽는고양이    못한 지가 한참 되었는데 오랜만에 저자와 함께  경주 를 걸으며 역사  여행 을 하는 느낌을 주는 책이네요 
경주 여행,419, 여행 이좋다     교리김밥      경주 맛집     경주여행 하면서 들린 김밥    , 경주  남산 등산을 포함해서 당일치기로  경주여행 을 계획하고 다녀왔습니다  그 첫번째 코스로  경주 에선    여하튼 저처럼  여행  중에 한번 정도는 가볼만한 집이라는 생각이네요  특히나 남산같은 산에    , 여행 이좋다     교리김밥      경주 맛집     경주여행 하면서 들린 김밥      경주  남산 등산을 포함해서 당일치기로  경주여행 을 계획하고 다녀왔습니다  그 첫번째 코스로  경주 에선    여하튼 저처럼  여행  중에 한번 정도는 가볼만한 집이라는 생각이네요  특히나 남산같은 산에    
경주 여행,420,안녕 2014년  경주 여행 ,2014년을 그냥 보내기가 좀 아쉬워서 좋아하는  경주 로 기차타고 떠났다  몇일전엔 크리스마스  경주여행  오늘은 안녕 2014년  경주여행    이번  여행 은 럭셔리 컨셉으로 좋은 호텔에서    ,안녕 2014년  경주 여행  2014년을 그냥 보내기가 좀 아쉬워서 좋아하는  경주 로 기차타고 떠났다  몇일전엔 크리스마스  경주여행  오늘은 안녕 2014년  경주여행    이번  여행 은 럭셔리 컨셉으로 좋은 호텔에서    
경주 여행,421, 알라딘서재  경주 여행  이야기, 일상이 고고학  나 혼자  경주 여행  은  경주 를 무대로 한  여행  에세이풍의 글을 만날 수 있는 책으로   경주 에서 유명한 문화재에 대한 사전 지식을 줄줄 읊는 것 외에도 얼마든지 재미있고 의미 있는  여행 을 할    , 알라딘서재  경주 여행  이야기  일상이 고고학  나 혼자  경주 여행  은  경주 를 무대로 한  여행  에세이풍의 글을 만날 수 있는 책으로   경주 에서 유명한 문화재에 대한 사전 지식을 줄줄 읊는 것 외에도 얼마든지 재미있고 의미 있는  여행 을 할    
경주 여행,422,  경주여행  3일차 놀부보쌈  경주  황오점 배달후기, 경주여행  3번째 날 숙소로 황남관에 머물게 되었어요   여행  3일차 저녁이라 아이들도 지치고 저와    배민에 놀부보쌈 검색해보니  경주 황오점에서 배달이 가능하다고 나오네요  저희는 황남관에 머물었기 때문에    ,  경주여행  3일차 놀부보쌈  경주  황오점 배달후기  경주여행  3번째 날 숙소로 황남관에 머물게 되었어요   여행  3일차 저녁이라 아이들도 지치고 저와    배민에 놀부보쌈 검색해보니  경주 황오점에서 배달이 가능하다고 나오네요  저희는 황남관에 머물었기 때문에    
경주 여행,423, 경주여행 코스 읍천항 주상절리 파도소리길, 경주 에는 주상절리가 제주도만큼이나 이쁜 곳이 있다  게다가 조용한 읍천항을 끼고 있어 더 좋았던  경주여행 코스  읍천항옆에 자리한 주상절리 파도소리길은 넓은 주차장도 갖추고 있어 길을 따라 등대까지    , 경주여행 코스 읍천항 주상절리 파도소리길  경주 에는 주상절리가 제주도만큼이나 이쁜 곳이 있다  게다가 조용한 읍천항을 끼고 있어 더 좋았던  경주여행 코스  읍천항옆에 자리한 주상절리 파도소리길은 넓은 주차장도 갖추고 있어 길을 따라 등대까지    
경주 여행,424, 경주여행  스타벅스 아침 풍경, 경주  스타벅스 아침 풍경  경주여행  스타벅스 아침 풍경 월요일은 아침에 카페가서 커피 한잔 책 읽기 루틴 오늘은  경주  스타벅스에서 월요일이라 손님이 별로 없을 것 같았는데 시간이 지날수록    , 경주여행  스타벅스 아침 풍경  경주  스타벅스 아침 풍경  경주여행  스타벅스 아침 풍경 월요일은 아침에 카페가서 커피 한잔 책 읽기 루틴 오늘은  경주  스타벅스에서 월요일이라 손님이 별로 없을 것 같았는데 시간이 지날수록    
경주 여행,425, 경주여행 2  경주 역앞 맛집 해오름 한정식  경주 시니어클럽 행복가게 2    ,우리의 든든한 지도자 언니가  여행  전에 검색해 놓은 식당으로 갔다   경주  시니어클럽 행복가게 2호점인 해오름 한정식   경주 역 광장에서 나와 왼쪽 인도로 잠시 걸으면 바로 나온다  역에서 무지 가깝다   연잎    , 경주여행 2  경주 역앞 맛집 해오름 한정식  경주 시니어클럽 행복가게 2     우리의 든든한 지도자 언니가  여행  전에 검색해 놓은 식당으로 갔다   경주  시니어클럽 행복가게 2호점인 해오름 한정식   경주 역 광장에서 나와 왼쪽 인도로 잠시 걸으면 바로 나온다  역에서 무지 가깝다   연잎    
경주 여행,426,  경주여행    경주  겹벚꽃 명소   불국사  사람도 많고 벚꽃도 많고   ,주말에 시내에서 불국사 가는길   붕붕이 지옥     진짜  경주 에  여행 온 모든 사람이 불국사 가는 느낌  뭘 상상하든 그 이상을 느끼게 될듯    우리는 택시타고간기 신의 한수였음 골목길로 샛길로 마구마구    ,  경주여행    경주  겹벚꽃 명소   불국사  사람도 많고 벚꽃도 많고    주말에 시내에서 불국사 가는길   붕붕이 지옥     진짜  경주 에  여행 온 모든 사람이 불국사 가는 느낌  뭘 상상하든 그 이상을 느끼게 될듯    우리는 택시타고간기 신의 한수였음 골목길로 샛길로 마구마구    
경주 여행,427, 경주 여행  및 차량대절 가격 공유  , 정답은 바로 천년고도   경주   랍니다  이제 우렁찬 매미 소리는 멀어지고 귀뚜라미 소리가 가까워지는 풍요의 계절  가을이 왔습니다     가을  경주 를 감상하기 위해 많은 분들이 돌고래 여행 사  경주 여행     , 경주 여행  및 차량대절 가격 공유    정답은 바로 천년고도   경주   랍니다  이제 우렁찬 매미 소리는 멀어지고 귀뚜라미 소리가 가까워지는 풍요의 계절  가을이 왔습니다     가을  경주 를 감상하기 위해 많은 분들이 돌고래 여행 사  경주 여행     
경주 여행,428, 경주여행 에 꼭 필요한  경주 시외버스터미널 시간표 및 요금표, 경주여행 에 꼭 필요한  경주 시외버스터미널 시간표 및 요금표 신라의 고도  경주   경주여행 을 하는 분들에게 꼭 필요한 정보입니다  요즘 버스를 이용해  여행 을 많이 하다 보니 이런 정보의 필요성을 느껴서    , 경주여행 에 꼭 필요한  경주 시외버스터미널 시간표 및 요금표  경주여행 에 꼭 필요한  경주 시외버스터미널 시간표 및 요금표 신라의 고도  경주   경주여행 을 하는 분들에게 꼭 필요한 정보입니다  요즘 버스를 이용해  여행 을 많이 하다 보니 이런 정보의 필요성을 느껴서    
경주 여행,429,  경주여행    동궁과 월지   안압지   경주  야경 명소 즐기기,야수리는  여행  중   경주여행  목적이  동궁과 월지  구 안압지 라고해도 과언이 아닐정도로      신기방기  경주 에서 일박을 어찌저찌 더하게된 나는 너무 돌아다녀서인지 치맥이 땡겼구   에어비엔비 바로 앞에    ,  경주여행    동궁과 월지   안압지   경주  야경 명소 즐기기 야수리는  여행  중   경주여행  목적이  동궁과 월지  구 안압지 라고해도 과언이 아닐정도로      신기방기  경주 에서 일박을 어찌저찌 더하게된 나는 너무 돌아다녀서인지 치맥이 땡겼구   에어비엔비 바로 앞에    
경주 여행,430, 알라딘서재  100자평  일상이 고고학  나 혼자  경주 여행 ,일상이 고고학  나 혼자  경주 여행    개정증보판  일상이 고고학 시리즈 2 황윤 지음   책읽는고양이   2020년 10월 평점   신라유적지에 대해서 전문가인 저저의 안목이 독보이는 책 같습니다  경주 를 100번도    , 알라딘서재  100자평  일상이 고고학  나 혼자  경주 여행  일상이 고고학  나 혼자  경주 여행    개정증보판  일상이 고고학 시리즈 2 황윤 지음   책읽는고양이   2020년 10월 평점   신라유적지에 대해서 전문가인 저저의 안목이 독보이는 책 같습니다  경주 를 100번도    
경주 여행,431,3월의  경주여행  ,첨가본 동궁원  예쁜 꽃들 만나고 좋아하는 커피열매도 보고 비맞으면서 노천온천 잘먹고 잘쉬고 행복한  경주 여행  ,3월의  경주여행   첨가본 동궁원  예쁜 꽃들 만나고 좋아하는 커피열매도 보고 비맞으면서 노천온천 잘먹고 잘쉬고 행복한  경주 여행  
경주 여행,432, 경주여행  황리단길 보문단지 왕릉탐방 데이트코스,https   youtu be  nZzijKooIk 밤의  황리단길 은 참 예쁘고 마음 한켠이 낭만으로 차오르는 경상도에서 흔치 않은 젊은거리 바로 옆은   경주 유적지 에 오래된 한옥  천년고도  경주 와는 사뭇 어울리면서도    , 경주여행  황리단길 보문단지 왕릉탐방 데이트코스 https   youtu be  nZzijKooIk 밤의  황리단길 은 참 예쁘고 마음 한켠이 낭만으로 차오르는 경상도에서 흔치 않은 젊은거리 바로 옆은   경주 유적지 에 오래된 한옥  천년고도  경주 와는 사뭇 어울리면서도    
경주 여행,433, 경주여행 밀면, 경주 에서 먹어본   경주여행 밀면  맛보기 가격도 착해 5000원 비빔밀면 물밀면도 5000원 더해먹는 떡갈비는 2000원 12 000원 밥상 그리고 뜨거운 육수까지 맛평가는 입맛따라 취향별로    나따루 너따루   , 경주여행 밀면  경주 에서 먹어본   경주여행 밀면  맛보기 가격도 착해 5000원 비빔밀면 물밀면도 5000원 더해먹는 떡갈비는 2000원 12 000원 밥상 그리고 뜨거운 육수까지 맛평가는 입맛따라 취향별로    나따루 너따루   
경주 여행,434,1박2일  경주여행   경주 엑스포대공원,2025  08  16  토   푸른애벌레의 꿈   경주여행  둘째날  보문호 주변길 걷기  10시에  경주 엑스포대공원 입장   경주 엑스포기념관  천마의궁전   경주 타워  솔거미술관  자연사박물관 ,1박2일  경주여행   경주 엑스포대공원 2025  08  16  토   푸른애벌레의 꿈   경주여행  둘째날  보문호 주변길 걷기  10시에  경주 엑스포대공원 입장   경주 엑스포기념관  천마의궁전   경주 타워  솔거미술관  자연사박물관 
경주 여행,435,2020년 6월  경주여행  동방역 능소화 서출지 경북산림연구원 ,2020년 6월25일 목   경주여행  동방역 능소화 서출지 경북산림연구원 ,2020년 6월  경주여행  동방역 능소화 서출지 경북산림연구원  2020년 6월25일 목   경주여행  동방역 능소화 서출지 경북산림연구원 
경주 여행,436,모녀와 함께  경주여행     바보곰 블로그,모녀와 함께한  경주여행  2019 10 15  첨성대 야생화단지  계림  월지 안압지    계림 월지 안압지 의 야경  경주 박물관 10 16  김유신장군 묘,모녀와 함께  경주여행     바보곰 블로그 모녀와 함께한  경주여행  2019 10 15  첨성대 야생화단지  계림  월지 안압지    계림 월지 안압지 의 야경  경주 박물관 10 16  김유신장군 묘
경주 여행,437, 경주여행  석굴암,2018 10 7, 경주여행  석굴암 2018 10 7
경주 여행,438, 알라딘서재 일상이 고고학 나 혼자  경주 여행 ,일상이 고고학  나 혼자  경주 여행    개정증보판  일상이 고고학 시리즈 2 황윤 지음   책읽는고양이   2020년 10월 평점   수학 여행 으로 갔던  경주 의 추억을 또 다시 한번  경주 는 역사도 그렇고 알면 알수록    , 알라딘서재 일상이 고고학 나 혼자  경주 여행  일상이 고고학  나 혼자  경주 여행    개정증보판  일상이 고고학 시리즈 2 황윤 지음   책읽는고양이   2020년 10월 평점   수학 여행 으로 갔던  경주 의 추억을 또 다시 한번  경주 는 역사도 그렇고 알면 알수록    
경주 여행,439, 알라딘서재  100자평  일상이 고고학  나 혼자  경주 여행 ,일상이 고고학  나 혼자  경주 여행    개정증보판  일상이 고고학 시리즈 2 황윤 지음   책읽는고양이   2020년 10월 평점   삼국 시대에 관한 거의 모든 자료를 섭렵한 소장 역사학자의 순수한 시각과 생생한    , 알라딘서재  100자평  일상이 고고학  나 혼자  경주 여행  일상이 고고학  나 혼자  경주 여행    개정증보판  일상이 고고학 시리즈 2 황윤 지음   책읽는고양이   2020년 10월 평점   삼국 시대에 관한 거의 모든 자료를 섭렵한 소장 역사학자의 순수한 시각과 생생한    
경주 여행,440, 경주여행 경비 2박3일  경주여행  혼자서 떠난  경주 , 2박3일  경주여행     이동수단   시외버스   경주  내 버스 택시  시티투어버스   2박3일    Total  13 140  기타 생필품    여행 용 샴푸   린스   바디워시   버블망    5 490 Total 경비  148 080, 경주여행 경비 2박3일  경주여행  혼자서 떠난  경주   2박3일  경주여행     이동수단   시외버스   경주  내 버스 택시  시티투어버스   2박3일    Total  13 140  기타 생필품    여행 용 샴푸   린스   바디워시   버블망    5 490 Total 경비  148 080
경주 여행,441, 경북  경주여행  현대호텔  경주 ,  경주여행   경주  현대호텔 현대호텔  경주  보문수상공연장  경주  보문관광단지 보문호반길  경주 신라컨트리클럽   경주여행  숙박 현대호텔  방문일자  2016년 9월 7일 수  현대호텔  경주  경북  경주 시 신평동    , 경북  경주여행  현대호텔  경주    경주여행   경주  현대호텔 현대호텔  경주  보문수상공연장  경주  보문관광단지 보문호반길  경주 신라컨트리클럽   경주여행  숙박 현대호텔  방문일자  2016년 9월 7일 수  현대호텔  경주  경북  경주 시 신평동    
경주 여행,442, 경주여행 3 석굴암 불국사 ,09 43  경주여행 3 석굴암 불국사     여행 일시   2011년4월22일 4월24일    여행 장소   세째날 4월24일    석굴암  불국사    여행 참여   우리가족 9명 송국영 안종순 송진주 김홍식 김연우 송연주 조광민    , 경주여행 3 석굴암 불국사  09 43  경주여행 3 석굴암 불국사     여행 일시   2011년4월22일 4월24일    여행 장소   세째날 4월24일    석굴암  불국사    여행 참여   우리가족 9명 송국영 안종순 송진주 김홍식 김연우 송연주 조광민    
경주 여행,443,  경주여행   대릉원  스탬프투어  그 다섯번째 이야기  대릉원천마    ,경북 여행     경주여행     경주 스탬프투어    경주 오릉 대릉원 천마총    경주 오릉 교촌마을 투어를 마치고 다음으로 찾아간 곳은 바로   경주 오릉  이다 교촌마을을 돌면서 조금 지치는 듯한 느낌이 있었는데 맛나는    ,  경주여행   대릉원  스탬프투어  그 다섯번째 이야기  대릉원천마     경북 여행     경주여행     경주 스탬프투어    경주 오릉 대릉원 천마총    경주 오릉 교촌마을 투어를 마치고 다음으로 찾아간 곳은 바로   경주 오릉  이다 교촌마을을 돌면서 조금 지치는 듯한 느낌이 있었는데 맛나는    
경주 여행,444,  경주여행  유적지 트레킹, 대상지    경주여행  유적지 트레킹   소재지   경북  경주 시  일 자   2023 10 1  코 스   동궁과월지 반월상 교촌 대릉원 쪽샘44호고분 분황사 황룡사역사문화원 동궁과월지주차장   약 9 0Km  반월성에서    ,  경주여행  유적지 트레킹  대상지    경주여행  유적지 트레킹   소재지   경북  경주 시  일 자   2023 10 1  코 스   동궁과월지 반월상 교촌 대릉원 쪽샘44호고분 분황사 황룡사역사문화원 동궁과월지주차장   약 9 0Km  반월성에서    
경주 여행,445,  경주 여행  이야기가 있는  경주여행 , 여행  계명대학교  경주 동산병원  천년의 신라고도  경주여행    여행 일자  2016년 9월 7일 목    여행 인원  친구와 함께  경주 시외버스터미널 경북  경주 시 노서동 160 2 전화  1666 5599  경주 시외버스터미널    ,  경주 여행  이야기가 있는  경주여행   여행  계명대학교  경주 동산병원  천년의 신라고도  경주여행    여행 일자  2016년 9월 7일 목    여행 인원  친구와 함께  경주 시외버스터미널 경북  경주 시 노서동 160 2 전화  1666 5599  경주 시외버스터미널    
경주 여행,446, 경주여행 ,2020년 06월 13 14일 토 일요일  오전 비 오후 맑음   경주 에서  고향친구들과 함께 신라대종 장맛비가 시작되는 육월중순 고향친구들과 함께  경주 에서 즐거운  여행 을 하다    대릉원 돌담길 걸어주고    황리단길도    , 경주여행  2020년 06월 13 14일 토 일요일  오전 비 오후 맑음   경주 에서  고향친구들과 함께 신라대종 장맛비가 시작되는 육월중순 고향친구들과 함께  경주 에서 즐거운  여행 을 하다    대릉원 돌담길 걸어주고    황리단길도    
경주 여행,447, 경주여행  동궁과 월지  안압지 야경보기 ,해외  여행  이야기  여행  후기  경주여행  동궁과 월지  안압지 야경보기  훌리아 2020  3  25  15 17 2019년 여름  경주  사진 보관 1 구독하기  해외  여행  이야기  여행  후기  Related Articles    , 경주여행  동궁과 월지  안압지 야경보기  해외  여행  이야기  여행  후기  경주여행  동궁과 월지  안압지 야경보기  훌리아 2020  3  25  15 17 2019년 여름  경주  사진 보관 1 구독하기  해외  여행  이야기  여행  후기  Related Articles    
경주 여행,448, 알라딘서재  100자평  일상이 고고학  나 혼자  경주 여행 ,일상이 고고학  나 혼자  경주 여행    개정증보판   일상이 고고학 시리즈 2 황윤 지음   책읽는고양이    재미있게  경주 를  여행 하는데 길잡이가 되어주는 책입니다   경주 를 더 풍부하게 이해할 수 있어    , 알라딘서재  100자평  일상이 고고학  나 혼자  경주 여행  일상이 고고학  나 혼자  경주 여행    개정증보판   일상이 고고학 시리즈 2 황윤 지음   책읽는고양이    재미있게  경주 를  여행 하는데 길잡이가 되어주는 책입니다   경주 를 더 풍부하게 이해할 수 있어    
경주 여행,449,  경주  가볼만한 곳   경주 여행  코스 뚜벅이로 불국사  석굴암 대중교    ,naver com loveartlove 223054447834 다시 서울로 올라갈 채비를 했다   경주    경주여행    경주 불국사  불국사  봄 여행   국보  다보탑  석가탑  석굴암입장료   경주 가볼만한곳,  경주  가볼만한 곳   경주 여행  코스 뚜벅이로 불국사  석굴암 대중교     naver com loveartlove 223054447834 다시 서울로 올라갈 채비를 했다   경주    경주여행    경주 불국사  불국사  봄 여행   국보  다보탑  석가탑  석굴암입장료   경주 가볼만한곳
경주 여행,450, 경주 여행 코스 베스트 추천 top 10, 경주 여행 코스 베스트 추천 top 10  경주 여행 코스 베스트 추천 top 10곳을 소개합니다  1  황리단길 상호명  황리단길 주소  경상북도  경주 시 황남동 280 전화번호  미입력 관련 키워드  키워드    , 경주 여행 코스 베스트 추천 top 10  경주 여행 코스 베스트 추천 top 10  경주 여행 코스 베스트 추천 top 10곳을 소개합니다  1  황리단길 상호명  황리단길 주소  경상북도  경주 시 황남동 280 전화번호  미입력 관련 키워드  키워드    
경주 여행,451,  경주여행   불국사  스탬프투어 그 세번째 이야기  불국사   석굴암,방쌤의  경주여행  경북 여행     경주여행     경주 스탬프투어   가을 여행  불국사   석굴암 동리목월문학관 구경을 마치고 다음으로 내가 찾을 장소는  경주여행 의 핵심   경주여행 의 메카  바로 불국사와 석굴암이다    ,  경주여행   불국사  스탬프투어 그 세번째 이야기  불국사   석굴암 방쌤의  경주여행  경북 여행     경주여행     경주 스탬프투어   가을 여행  불국사   석굴암 동리목월문학관 구경을 마치고 다음으로 내가 찾을 장소는  경주여행 의 핵심   경주여행 의 메카  바로 불국사와 석굴암이다    
경주 여행,452,  경주여행   황리단길 한옥카페추천  카페 아덴 2호점,카페 아덴 2호점 위치   경북  경주 시 사정로 57 운영시간   매일 10시     경주 와서 빵으로 배채울수 없어서 안먹었어요        옛    실시간 예보하고 너무 화가났던         경주 커피 7 0 아덴의 시그니처    ,  경주여행   황리단길 한옥카페추천  카페 아덴 2호점 카페 아덴 2호점 위치   경북  경주 시 사정로 57 운영시간   매일 10시     경주 와서 빵으로 배채울수 없어서 안먹었어요        옛    실시간 예보하고 너무 화가났던         경주 커피 7 0 아덴의 시그니처    
경주 여행,453, 알라딘서재  100자평  일상이 고고학  나 혼자  경주 여행 ,일상이 고고학  나 혼자  경주 여행    개정증보판   일상이 고고학 시리즈 2 황윤 지음   책읽는고양이   2020년 10월 평점    경주 에 대한 아름다움을 느낄 수 있을 거 같은 책이라 기대됩니다, 알라딘서재  100자평  일상이 고고학  나 혼자  경주 여행  일상이 고고학  나 혼자  경주 여행    개정증보판   일상이 고고학 시리즈 2 황윤 지음   책읽는고양이   2020년 10월 평점    경주 에 대한 아름다움을 느낄 수 있을 거 같은 책이라 기대됩니다
경주 여행,454, 알라딘서재  경주 여행  필수책,되어주는 책 필요한 지식과 설명  이해를 돕는 사진과 정보 가득한 책 서울편에 이어  경주 편 들고 역사의 땅  경주여행  꿈꾸기  한옥에서 독서모임 하다가 이 책보고 바로 주문하신분들과 또 역사  여행  갈 예정, 알라딘서재  경주 여행  필수책 되어주는 책 필요한 지식과 설명  이해를 돕는 사진과 정보 가득한 책 서울편에 이어  경주 편 들고 역사의 땅  경주여행  꿈꾸기  한옥에서 독서모임 하다가 이 책보고 바로 주문하신분들과 또 역사  여행  갈 예정
경주 여행,455, 경주 여행   경주  황리단길 맛집  여도가주 영업종료,오늘은   경주 맛집  황리단길맛집  여주가주 이야기 함께해요  다만  현재 여도가주는 없어졌다는 게        저희  여행 의 기록이기도 해서 그냥 포스팅을 진행하니 이점 참고하세요  한옥의 외관이 눈길을 끌었던    , 경주 여행   경주  황리단길 맛집  여도가주 영업종료 오늘은   경주 맛집  황리단길맛집  여주가주 이야기 함께해요  다만  현재 여도가주는 없어졌다는 게        저희  여행 의 기록이기도 해서 그냥 포스팅을 진행하니 이점 참고하세요  한옥의 외관이 눈길을 끌었던    
경주 여행,456, 경주여행 13  경주 역앞 성동시장 구경 가을 기차 여행  피날레 2018 11 9 ,  즐거웠다   경주  가을 기차 여행   단풍을 맘껏 누리고 돌아가는 길  발떼샷 한 컷  노란 은행낙엽 위에 올려놓고 찍어야 하는데 아숩다  언니들 수고했어염  숙소를 변경한 건 신의 한 수  지도자 언니 짝짝짝  , 경주여행 13  경주 역앞 성동시장 구경 가을 기차 여행  피날레 2018 11 9    즐거웠다   경주  가을 기차 여행   단풍을 맘껏 누리고 돌아가는 길  발떼샷 한 컷  노란 은행낙엽 위에 올려놓고 찍어야 하는데 아숩다  언니들 수고했어염  숙소를 변경한 건 신의 한 수  지도자 언니 짝짝짝  
경주 여행,457,  경주여행   황리단길 주전부리   황금십원빵  황남옥수수  청년분식, 경주  황리단길 주전부리  저녁먹기전에 출출해서 황리단길에 있는 주전부리 사서 우선 급한불 끄려 함  결론부터 말하자면 청년분식  십원빵  황남 옥수수 모두 아쉽     청년분식 비쥬얼이 우릴 유혹함 뭔가    ,  경주여행   황리단길 주전부리   황금십원빵  황남옥수수  청년분식  경주  황리단길 주전부리  저녁먹기전에 출출해서 황리단길에 있는 주전부리 사서 우선 급한불 끄려 함  결론부터 말하자면 청년분식  십원빵  황남 옥수수 모두 아쉽     청년분식 비쥬얼이 우릴 유혹함 뭔가    
경주 여행,458, 경주여행 2303       ,봄꽃 찾아   경주 로 갔습니다  벌써 3월 마지막 월요일  찾아간  경주 는 벚꽃과 상춘객으로 많이 붐볐습니다  집에서 점심을 먹고  집사람과 국도를 타고  천천히 올라가는 길 곳곳엔 벚꽃이 제자랑에 열중이라  참    , 경주여행 2303        봄꽃 찾아   경주 로 갔습니다  벌써 3월 마지막 월요일  찾아간  경주 는 벚꽃과 상춘객으로 많이 붐볐습니다  집에서 점심을 먹고  집사람과 국도를 타고  천천히 올라가는 길 곳곳엔 벚꽃이 제자랑에 열중이라  참    
경주 여행,459, 경주여행  첨성대 대릉원 주차,주차장 대릉원 주차장 여기도 매표를 해야 들어갈 수 있어서 그냥 혼자  여행 이고 하다보니 굳이 들어갈 필요성을 못 느꼈네요  편하게 드라이브삼아 둘러본  경주  그리고 그곳에서 만난 첨성대, 경주여행  첨성대 대릉원 주차 주차장 대릉원 주차장 여기도 매표를 해야 들어갈 수 있어서 그냥 혼자  여행 이고 하다보니 굳이 들어갈 필요성을 못 느꼈네요  편하게 드라이브삼아 둘러본  경주  그리고 그곳에서 만난 첨성대
경주 여행,460,Knowledge Box     경주 여행    슈만과 클라라, 경주 역 도착     제일 먼저 간 곳은 슈만과클라라 라는 cafe를 갔다  위치는 요기   여기를 버스를 타고 가려고 했는데 버스가 너무 안와서 택시를 타고 가기로 했다  그러나 다음 문제가 있었다  계속  여행 을    ,Knowledge Box     경주 여행    슈만과 클라라  경주 역 도착     제일 먼저 간 곳은 슈만과클라라 라는 cafe를 갔다  위치는 요기   여기를 버스를 타고 가려고 했는데 버스가 너무 안와서 택시를 타고 가기로 했다  그러나 다음 문제가 있었다  계속  여행 을    
경주 여행,461, 경주여행 3  경주 역에서 걸어서 대릉원까지 대릉원 담장길 걷기 2018 11    ,이번  여행 은 천천히 걸으며  경주 의 가을을 만끽하는 게 컨셉  마침 가을 분위기 한껏 고조시켜줄    벚나무가 길 좌우로 늘어서 있어  경주 여행  올 때마다 걸어보고 싶었던 길이다  차를 가지고 와서 늘 휙    , 경주여행 3  경주 역에서 걸어서 대릉원까지 대릉원 담장길 걷기 2018 11     이번  여행 은 천천히 걸으며  경주 의 가을을 만끽하는 게 컨셉  마침 가을 분위기 한껏 고조시켜줄    벚나무가 길 좌우로 늘어서 있어  경주 여행  올 때마다 걸어보고 싶었던 길이다  차를 가지고 와서 늘 휙    
경주 여행,462,안녕 2014년  경주여행  3,2014년 마지막 날  경주 에서 멋진 선물을 받은거 같다  눈발이 날리기 시작한다  그리고 금방 하얀 세상으로 변한다  눈길을 산책하고    불국사역에서 기차를 타고  여행 을 마무리 한다  다시 화창해진 하늘       ,안녕 2014년  경주여행  3 2014년 마지막 날  경주 에서 멋진 선물을 받은거 같다  눈발이 날리기 시작한다  그리고 금방 하얀 세상으로 변한다  눈길을 산책하고    불국사역에서 기차를 타고  여행 을 마무리 한다  다시 화창해진 하늘       
경주 여행,463,  경주여행   황남맷돌순두부   두부보쌈  제육  순두부찌개 그리고 호    , 경주  황남맷돌순두부 영업시간이 8시30분까지   경주  황리단길을 시작으로 어지간한  밥집 은 영업마감이      경주 는 진짜 고기가 맛있는듯   두부도 순두부찌개도 맛나고  호랑이막걸리도 완전 맛있어서    ,  경주여행   황남맷돌순두부   두부보쌈  제육  순두부찌개 그리고 호      경주  황남맷돌순두부 영업시간이 8시30분까지   경주  황리단길을 시작으로 어지간한  밥집 은 영업마감이      경주 는 진짜 고기가 맛있는듯   두부도 순두부찌개도 맛나고  호랑이막걸리도 완전 맛있어서    
경주 여행,464, 경주 여행  마치고 울주,새벽에 비가오다가 그친다  하늘이 늠 예쁘다   경주 월드앞 블루판다에서 점심  맛있고 친절하다  떡갈비도 맛나고 계란찜도 굿  산풍경도 좋고 꽃도 예쁘다  행복한  경주  울주  여행 이다 , 경주 여행  마치고 울주 새벽에 비가오다가 그친다  하늘이 늠 예쁘다   경주 월드앞 블루판다에서 점심  맛있고 친절하다  떡갈비도 맛나고 계란찜도 굿  산풍경도 좋고 꽃도 예쁘다  행복한  경주  울주  여행 이다 
경주 여행,465,  경주여행    경주 야경또다른매력  월정교,분위기 꼭 해지는 저녁에 월정교 방문하시길 추천드립니다 꺄 불켜진 월정교 신나서 사진찍는 중 월정교 야경을 마지막으로  경주 를 떠나갑니다 여기는 신라니까   신라 해장국    즐거웠던  경주여행 이었습니다,  경주여행    경주 야경또다른매력  월정교 분위기 꼭 해지는 저녁에 월정교 방문하시길 추천드립니다 꺄 불켜진 월정교 신나서 사진찍는 중 월정교 야경을 마지막으로  경주 를 떠나갑니다 여기는 신라니까   신라 해장국    즐거웠던  경주여행 이었습니다
경주 여행,466, 알라딘서재  100자평  우리 아이 첫  경주 여행  1,우리 아이 첫  경주 여행  1   세계 문화유산을 찾아서  개정판   답사 바로하기 역사 바로보기 2 박광일 전향이 글   여행 이야기 기획   삼성당   2011년 4월 평점   초등학교 학생들이  경주  수학 여행  가기 전에    , 알라딘서재  100자평  우리 아이 첫  경주 여행  1 우리 아이 첫  경주 여행  1   세계 문화유산을 찾아서  개정판   답사 바로하기 역사 바로보기 2 박광일 전향이 글   여행 이야기 기획   삼성당   2011년 4월 평점   초등학교 학생들이  경주  수학 여행  가기 전에    
경주 여행,467, 경주여행  서출지  23  7 28 ,더운날씨 촬영에 임했던 네분의 사진가들에게 도촬하게 된점 미안하게 생각하며 더운날씨  경주  여러곳 촬영에 대작 담으시고 무사히 귀가 하셨을것을 빌어마지 않습니다 , 경주여행  서출지  23  7 28  더운날씨 촬영에 임했던 네분의 사진가들에게 도촬하게 된점 미안하게 생각하며 더운날씨  경주  여러곳 촬영에 대작 담으시고 무사히 귀가 하셨을것을 빌어마지 않습니다 
경주 여행,468, 알라딘서재  100자평  일상이 고고학  나 혼자  경주 여행 ,일상이 고고학  나 혼자  경주 여행    개정증보판   일상이 고고학 시리즈 2 황윤 지음   책읽는고양이     경주 땅에 묻힌 타임캡슐을 타고 신라를  여행 해보는 특별한 시간이 될것 같네요 , 알라딘서재  100자평  일상이 고고학  나 혼자  경주 여행  일상이 고고학  나 혼자  경주 여행    개정증보판   일상이 고고학 시리즈 2 황윤 지음   책읽는고양이     경주 땅에 묻힌 타임캡슐을 타고 신라를  여행 해보는 특별한 시간이 될것 같네요 
경주 여행,469, 알라딘서재  100자평  우리 아이 첫  경주 여행  2,우리 아이 첫  경주 여행  2   땅 속에서 찾아 낸 신라의 꿈   답사 바로하기 역사 바로보기 13 박광일    2004년 7월 평점   구판절판  경주 여행  갈 때 들고간 책이다  아이들 눈높이에 맞춰진 책이다 , 알라딘서재  100자평  우리 아이 첫  경주 여행  2 우리 아이 첫  경주 여행  2   땅 속에서 찾아 낸 신라의 꿈   답사 바로하기 역사 바로보기 13 박광일    2004년 7월 평점   구판절판  경주 여행  갈 때 들고간 책이다  아이들 눈높이에 맞춰진 책이다 
경주 여행,470, 경주 여행 ,오늘은  경주여행 하는 날  날씨가 더우니 마을식당에서 맛난 양념게장점심먹고 힐튼 호텔에서 커피한잔  보문단지 푸른 나무감상하며 씨유 커피한잔과 스콘의 행복   경주 월드 새 관람차가 보인다  한번 타볼까    , 경주 여행  오늘은  경주여행 하는 날  날씨가 더우니 마을식당에서 맛난 양념게장점심먹고 힐튼 호텔에서 커피한잔  보문단지 푸른 나무감상하며 씨유 커피한잔과 스콘의 행복   경주 월드 새 관람차가 보인다  한번 타볼까    
경주 여행,471, 경주여행  안압지 야경투어,방문한날은 아마도 보름달이 뜨는날이었나보다  하늘엔 휘황청밝은 발이 연못에 빠져있어 야경과 함께 정말 멋진 야경을 보여줬다  이래서  경주여행 객을 밤이면 밤마다 이곳 안압지를 찾게하나보다 , 경주여행  안압지 야경투어 방문한날은 아마도 보름달이 뜨는날이었나보다  하늘엔 휘황청밝은 발이 연못에 빠져있어 야경과 함께 정말 멋진 야경을 보여줬다  이래서  경주여행 객을 밤이면 밤마다 이곳 안압지를 찾게하나보다 
경주 여행,472, 알라딘서재  100자평  일상이 고고학  나 혼자  경주 여행 ,일상이 고고학  나 혼자  경주 여행    개정증보판   일상이 고고학 시리즈 2 황윤 지음   책읽는고양이   2020년 10월 평점   유익한 책인 것 같아요, 알라딘서재  100자평  일상이 고고학  나 혼자  경주 여행  일상이 고고학  나 혼자  경주 여행    개정증보판   일상이 고고학 시리즈 2 황윤 지음   책읽는고양이   2020년 10월 평점   유익한 책인 것 같아요
경주 여행,473, 알라딘서재 역사 관심 갖기 시작해서 함께 읽었어요,갖길래  경주 여행 을 생각하고 있었는데   경주 를 그리는 마음을 접하게 됐어요   경주 에 좋은 기억을 가지고 있는데  아이도 신라를 배운 뒤라 그런지 책을 읽는 동안 배운 내용을 생각하며   경주 의 유적지들을    , 알라딘서재 역사 관심 갖기 시작해서 함께 읽었어요 갖길래  경주 여행 을 생각하고 있었는데   경주 를 그리는 마음을 접하게 됐어요   경주 에 좋은 기억을 가지고 있는데  아이도 신라를 배운 뒤라 그런지 책을 읽는 동안 배운 내용을 생각하며   경주 의 유적지들을    
경주 여행,474,3월의  경주여행 2 ,매화와 산수유 만발  보문단지 호수가 산책  행복한  경주여행  마무리 ,3월의  경주여행 2  매화와 산수유 만발  보문단지 호수가 산책  행복한  경주여행  마무리 
경주 여행,475, 알라딘서재  100자평  일상이 고고학  나 혼자  경주 여행 ,일상이 고고학  나 혼자  경주 여행  일상이 시리즈 3 황윤 지음   책읽는고양이   2020년 10월 평점    경주  마니아가 알려주는  경주  탐방기라 그런지  경주 에 대한 알찬 설명들이 좋습니다 , 알라딘서재  100자평  일상이 고고학  나 혼자  경주 여행  일상이 고고학  나 혼자  경주 여행  일상이 시리즈 3 황윤 지음   책읽는고양이   2020년 10월 평점    경주  마니아가 알려주는  경주  탐방기라 그런지  경주 에 대한 알찬 설명들이 좋습니다 
경주 여행,476, 알라딘서재  100자평  일상이 고고학  나 혼자  경주 여행 ,일상이 고고학  나 혼자  경주 여행    개정증보판   일상이 고고학 시리즈 2 황윤 지음   책읽는고양이   2020년 10월 평점   아름다운  경주 의 풍경에 고고학을 더하여 우리의  여행 에 지적 힐링을 안겨줘서    , 알라딘서재  100자평  일상이 고고학  나 혼자  경주 여행  일상이 고고학  나 혼자  경주 여행    개정증보판   일상이 고고학 시리즈 2 황윤 지음   책읽는고양이   2020년 10월 평점   아름다운  경주 의 풍경에 고고학을 더하여 우리의  여행 에 지적 힐링을 안겨줘서    
경주 여행,477,  경주여행   주상절리   경주  스탬프투어 그 첫번째 목적지  주상절    , 경주여행    스탬프투어   주상절리   해변둘레길  경주  주상절리 파도소리길 드디어 시작되는  경주여행   여행 에 대한 설램 때문이었을까  오랫만에 밤잠을 설치다가 깨서 시계를 보니 6시가 조금 되지 않은 시간    ,  경주여행   주상절리   경주  스탬프투어 그 첫번째 목적지  주상절      경주여행    스탬프투어   주상절리   해변둘레길  경주  주상절리 파도소리길 드디어 시작되는  경주여행   여행 에 대한 설램 때문이었을까  오랫만에 밤잠을 설치다가 깨서 시계를 보니 6시가 조금 되지 않은 시간    
경주 여행,478,2FeRed s Conundrum of Life      경주여행   불국사  황남빵  교리김밥  산내소    ,Theme 불국사  황남빵  교리김밥  산내소고기 울산  Comments 후배녀석과 같이 갔던 짧은 1박2일의  경주   울산 여행  불국사에서 승의군과 천마총에서 첨성대쪽으로 난 길을 내려오다가 있는 나무그늘 내부전경       ,2FeRed s Conundrum of Life      경주여행   불국사  황남빵  교리김밥  산내소     Theme 불국사  황남빵  교리김밥  산내소고기 울산  Comments 후배녀석과 같이 갔던 짧은 1박2일의  경주   울산 여행  불국사에서 승의군과 천마총에서 첨성대쪽으로 난 길을 내려오다가 있는 나무그늘 내부전경       
경주 여행,479, 알라딘서재  100자평  일상이 고고학  나 혼자  경주 여행 ,혼자  경주 여행    개정증보판   일상이 고고학 시리즈 2 황윤 지음   책읽는고양이   2020년 10월 평점    경주  이야기는 봐도봐도 들어도들어도 재미있는거 같습니다  작가님의 혼자  경주 여행 기 기대해봅니다 , 알라딘서재  100자평  일상이 고고학  나 혼자  경주 여행  혼자  경주 여행    개정증보판   일상이 고고학 시리즈 2 황윤 지음   책읽는고양이   2020년 10월 평점    경주  이야기는 봐도봐도 들어도들어도 재미있는거 같습니다  작가님의 혼자  경주 여행 기 기대해봅니다 
경주 여행,480, 알라딘서재  100자평  일상이 고고학  나 혼자  경주 여행 ,개정증보판   일상이 고고학 시리즈 2 황윤 지음   책읽는고양이   2020년 10월 평점   어려서 그냥 학교에서 갔던  경주 가 지금 커서 공부하고 가니 또 다른 느낌이었습니다  꼭 읽어보시고  경주여행  가보세요, 알라딘서재  100자평  일상이 고고학  나 혼자  경주 여행  개정증보판   일상이 고고학 시리즈 2 황윤 지음   책읽는고양이   2020년 10월 평점   어려서 그냥 학교에서 갔던  경주 가 지금 커서 공부하고 가니 또 다른 느낌이었습니다  꼭 읽어보시고  경주여행  가보세요
경주 여행,481, 경주 여행 ,매화꽃과 산수유 예쁜  경주 로 간다  날씨가 늠 따뜻하다  바람도 많이 불고 봄햇살은 따뜻  점심먹고 늘 궁금해 했었던 황룡원을 돌아봤다  동국재단에서 운영하는 연수원인데 넘 웅장하고 잘꾸며져있다     , 경주 여행  매화꽃과 산수유 예쁜  경주 로 간다  날씨가 늠 따뜻하다  바람도 많이 불고 봄햇살은 따뜻  점심먹고 늘 궁금해 했었던 황룡원을 돌아봤다  동국재단에서 운영하는 연수원인데 넘 웅장하고 잘꾸며져있다     
경주 여행,482,  경주 여행   맷돌순부두 옆집 정화 송이 순두부   맛집의 옆집, 여행 지 아니라도 가격은 비싸니까  기본 반찬 셋팅 생선구이가 나와서 후배가 맛있게 섬세하게 발라줬다  하얀 순두부가 있었다니  맑은 순두부는 처음본다  파전도 하나  주문   경주  새송이 생탁주도 주문  낮술    ,  경주 여행   맷돌순부두 옆집 정화 송이 순두부   맛집의 옆집  여행 지 아니라도 가격은 비싸니까  기본 반찬 셋팅 생선구이가 나와서 후배가 맛있게 섬세하게 발라줬다  하얀 순두부가 있었다니  맑은 순두부는 처음본다  파전도 하나  주문   경주  새송이 생탁주도 주문  낮술    
경주 여행,483,  경주여행   경주 남산 칠불암 가는길, 경주  톨케이트입니다  경주 에 진입하였읍니다 서라벌 휴게소입니다 나는 통일전 주차장에 주차 하지 아니하고 염불사지 삼층석탑옆에 주차하였다 여기는 일찍 도착하여야 주차할수있다 나는 아침 7시에    ,  경주여행   경주 남산 칠불암 가는길  경주  톨케이트입니다  경주 에 진입하였읍니다 서라벌 휴게소입니다 나는 통일전 주차장에 주차 하지 아니하고 염불사지 삼층석탑옆에 주차하였다 여기는 일찍 도착하여야 주차할수있다 나는 아침 7시에    
경주 여행,484, 알라딘서재  100자평  일상이 고고학  나 혼자  경주 여행 ,일상이 고고학  나 혼자  경주 여행    개정증보판   일상이 고고학 시리즈 2 황윤 지음   책읽는고양이   2020년 10월 평점   이런 책 너무 좋아함  더구나  경주 라서 너무 마음에 듦  중학교 수학 여행 으로 왔던    , 알라딘서재  100자평  일상이 고고학  나 혼자  경주 여행  일상이 고고학  나 혼자  경주 여행    개정증보판   일상이 고고학 시리즈 2 황윤 지음   책읽는고양이   2020년 10월 평점   이런 책 너무 좋아함  더구나  경주 라서 너무 마음에 듦  중학교 수학 여행 으로 왔던    
경주 여행,485, 경주 여행 ,국내 여행  사진 국내 테마 여행   경주 여행  Theodor 2017  4  18  08 11 벚꽃이 거의 떨어지고 새잎이 나는 시기라 아쉬움 속에  경주 에 가다  대능원 출입문과 대능원의 소나무 숲 천마총 안압지 분황사 모전석탑   원래    , 경주 여행  국내 여행  사진 국내 테마 여행   경주 여행  Theodor 2017  4  18  08 11 벚꽃이 거의 떨어지고 새잎이 나는 시기라 아쉬움 속에  경주 에 가다  대능원 출입문과 대능원의 소나무 숲 천마총 안압지 분황사 모전석탑   원래    
경주 여행,486, 경주여행  배롱나무가 핀 첨성대 야경 16년8월18일 , 경주 를 수학 여행  때 다녀오고 단 한번도 가지 않은 사람  심지어 자녀의 역사유적 답사에 동행해서    이런 곳은 아무리 생각해봐도 국내에선  경주  밖에 없다   경주여행 의 특징 중 하나는 평온한 자연    , 경주여행  배롱나무가 핀 첨성대 야경 16년8월18일   경주 를 수학 여행  때 다녀오고 단 한번도 가지 않은 사람  심지어 자녀의 역사유적 답사에 동행해서    이런 곳은 아무리 생각해봐도 국내에선  경주  밖에 없다   경주여행 의 특징 중 하나는 평온한 자연    
경주 여행,487,  경주여행   힐튼호텔,한국에는 서울과  경주 에 호텔 체인이 있다  이상 두산백과  참고로  미국의 저명한 모델이자    철저히 손님을 배려한 호텔  그래서 2박 3일  경주여행 은 더 즐거울 수밖에 없었다 ,  경주여행   힐튼호텔 한국에는 서울과  경주 에 호텔 체인이 있다  이상 두산백과  참고로  미국의 저명한 모델이자    철저히 손님을 배려한 호텔  그래서 2박 3일  경주여행 은 더 즐거울 수밖에 없었다 
경주 여행,488, 경주여행  토함산 단풍터널   자연이 그려 낸 수채화     17년11월17일    , 경주 로 떠나는 단풍 여행 은 그윽한 숲길 두 곳을 느긋이 걷는 일이었다  불국사와 석굴암을 잇는 토함산 숲길과 함월산 수렛제를 넘는 고갯길은 굳이 신라 역사를 몰라도 걷기에 좋은 길이다   경주  시내를    , 경주여행  토함산 단풍터널   자연이 그려 낸 수채화     17년11월17일      경주 로 떠나는 단풍 여행 은 그윽한 숲길 두 곳을 느긋이 걷는 일이었다  불국사와 석굴암을 잇는 토함산 숲길과 함월산 수렛제를 넘는 고갯길은 굳이 신라 역사를 몰라도 걷기에 좋은 길이다   경주  시내를    
경주 여행,489,경북 여행   경주여행   경주 가볼만한곳 국밥맛집   수백당  경주 보문단    ,com 633 경북 여행   경주여행   경주 가볼만한곳  경주 교촌마을   교촌홍보관  아이와가볼만한곳 가족과가볼 2024년8월31일 가족과 함께한  여행  기록오늘은 가족 모임이 있어서 경북  경주 에 가게 되었어요3시에    ,경북 여행   경주여행   경주 가볼만한곳 국밥맛집   수백당  경주 보문단     com 633 경북 여행   경주여행   경주 가볼만한곳  경주 교촌마을   교촌홍보관  아이와가볼만한곳 가족과가볼 2024년8월31일 가족과 함께한  여행  기록오늘은 가족 모임이 있어서 경북  경주 에 가게 되었어요3시에    
경주 여행,490, 경주 황리단길카페   경주여행  카페능,카페능은 황리단길 메인거리내에 위치해 있어서 거리를 둘러보며 뚜벅이  여행 중에 쉬기 좋은 곳입니다  인테리어도 예쁘게 되어 있어서 더욱 눈길이 가는 카페입니다   경주 황리단길카페   경주여행  카페능 날씨    , 경주 황리단길카페   경주여행  카페능 카페능은 황리단길 메인거리내에 위치해 있어서 거리를 둘러보며 뚜벅이  여행 중에 쉬기 좋은 곳입니다  인테리어도 예쁘게 되어 있어서 더욱 눈길이 가는 카페입니다   경주 황리단길카페   경주여행  카페능 날씨    
경주 여행,491,  경주 여행   불국사역   경주 역에서 동대구까지 기차 무궁화호  시간    , 경주 역은 시외 고속 버스터미널과 신 경주 역이 모두 거리가 있어서  어디로  여행 할 지에 따라 대중 교통 종류가 달라지는데  서울이나 대전    경주  까지 2시간 이상 걸리는 먼 코스라고    ,  경주 여행   불국사역   경주 역에서 동대구까지 기차 무궁화호  시간      경주 역은 시외 고속 버스터미널과 신 경주 역이 모두 거리가 있어서  어디로  여행 할 지에 따라 대중 교통 종류가 달라지는데  서울이나 대전    경주  까지 2시간 이상 걸리는 먼 코스라고    
경주 여행,492, 알라딘서재  100자평  일상이 고고학  나 혼자  경주 여행 ,일상이 고고학  나 혼자  경주 여행    개정증보판  일상이 고고학 시리즈 2 황윤 지음   책읽는고양이   2020년 10월 평점   수학 여행  때는 역사의 의미를 모르고 지나쳤지만 이제는 작은 풍경 하나하나에서    , 알라딘서재  100자평  일상이 고고학  나 혼자  경주 여행  일상이 고고학  나 혼자  경주 여행    개정증보판  일상이 고고학 시리즈 2 황윤 지음   책읽는고양이   2020년 10월 평점   수학 여행  때는 역사의 의미를 모르고 지나쳤지만 이제는 작은 풍경 하나하나에서    
경주 여행,493, 알라딘서재  100자평  일상이 고고학  나 혼자  경주 여행 ,앞서  출간된 일상이 고고학  나혼자 백제  여행  에 이어 이번엔  경주 여행 입니다  전작인 백제  여행 이 만족 스러웠던 분들이라면 이번  경주 여행 에도 무조건 탑승 하시길 바랍니다 , 알라딘서재  100자평  일상이 고고학  나 혼자  경주 여행  앞서  출간된 일상이 고고학  나혼자 백제  여행  에 이어 이번엔  경주 여행 입니다  전작인 백제  여행 이 만족 스러웠던 분들이라면 이번  경주 여행 에도 무조건 탑승 하시길 바랍니다 
경주 여행,494, 경주 여행  ,파란 하늘 흰구름 동동 맑고 아름다운 날 신나게 고속도로를 달려  경주 로 간다  오늘은 힐링  여행   산송이 한우구이  언양불고기와 더덕구이로 자알 먹고 빵이랑 라떼한잔하고 노천온천으로 간다  파란하늘 보며    , 경주 여행   파란 하늘 흰구름 동동 맑고 아름다운 날 신나게 고속도로를 달려  경주 로 간다  오늘은 힐링  여행   산송이 한우구이  언양불고기와 더덕구이로 자알 먹고 빵이랑 라떼한잔하고 노천온천으로 간다  파란하늘 보며    
경주 여행,495, 알라딘서재  100자평  일상이 고고학  나 혼자  경주 여행 ,지음   책읽는고양이   2020년 10월 평점    경주  정말 좋아하는 도시입니다  시간 여행 하는 기분이 들어서 행복하거든요  코로나때문에  경주여행 도 꿈이 되어버렸네요  이 책으로 나 혼자  경주여행  해보고 싶네요 , 알라딘서재  100자평  일상이 고고학  나 혼자  경주 여행  지음   책읽는고양이   2020년 10월 평점    경주  정말 좋아하는 도시입니다  시간 여행 하는 기분이 들어서 행복하거든요  코로나때문에  경주여행 도 꿈이 되어버렸네요  이 책으로 나 혼자  경주여행  해보고 싶네요 
경주 여행,496, 알라딘서재  100자평  일상이 고고학  나 혼자  경주 여행 ,2020년 10월 평점   매년 봄 가을이면  경주여행 을 꿈꾸지만 아직도 실천 못하고 있는 사람입니다     이 책 읽고  경주 여행 가면 좀 더 알차게  경주 를 느낄 수 있을 것 같아 기대되요  열심히 읽어보겠습니다 , 알라딘서재  100자평  일상이 고고학  나 혼자  경주 여행  2020년 10월 평점   매년 봄 가을이면  경주여행 을 꿈꾸지만 아직도 실천 못하고 있는 사람입니다     이 책 읽고  경주 여행 가면 좀 더 알차게  경주 를 느낄 수 있을 것 같아 기대되요  열심히 읽어보겠습니다 
경주 여행,497,  경주여행 1   경주  나정맛집  나정에가면  라면맛집   경주 에도 바다가    ,나정에가면  경주여행  스토리 올려드릴께요   경주 에도 바다가 있다는 사실 아시나요   여행 지를 정하면서 저는 바다가 가고 싶었고  남편은 역사를 좋아해서 유적지가 있는  경주 에 가고 싶어했어요  그러던    ,  경주여행 1   경주  나정맛집  나정에가면  라면맛집   경주 에도 바다가     나정에가면  경주여행  스토리 올려드릴께요   경주 에도 바다가 있다는 사실 아시나요   여행 지를 정하면서 저는 바다가 가고 싶었고  남편은 역사를 좋아해서 유적지가 있는  경주 에 가고 싶어했어요  그러던    
경주 여행,498, 알라딘서재  100자평  일상이 고고학  나 혼자  경주 여행 ,일상이 고고학  나 혼자  경주 여행    개정증보판   일상이 고고학 시리즈 2 황윤 지음   책읽는고양이   2020년 10월 평점   수학 여행  이후로 가보지 못했던  경주여행 에 대해 다시 생각해보게 되네요   경주 와    , 알라딘서재  100자평  일상이 고고학  나 혼자  경주 여행  일상이 고고학  나 혼자  경주 여행    개정증보판   일상이 고고학 시리즈 2 황윤 지음   책읽는고양이   2020년 10월 평점   수학 여행  이후로 가보지 못했던  경주여행 에 대해 다시 생각해보게 되네요   경주 와    
경주 여행,499,가을  경주 여행  , 경주  도착  오늘은 작년 여름  경주여행 코스였던 서출지와 통일전 그리고 산림 연구원 둘러보고 핑크뮬리 예쁜 첨성대주변  황리단길 구경하고 헉헉  점심먹고 커피한잔 하면서 숨돌린다  조금씩 가을이 찾아오는    ,가을  경주 여행    경주  도착  오늘은 작년 여름  경주여행 코스였던 서출지와 통일전 그리고 산림 연구원 둘러보고 핑크뮬리 예쁜 첨성대주변  황리단길 구경하고 헉헉  점심먹고 커피한잔 하면서 숨돌린다  조금씩 가을이 찾아오는    
경주 여행,500, 알라딘서재  100자평  일상이 고고학  나 혼자  경주 여행 ,일상이 고고학  나 혼자  경주 여행    개정증보판   일상이 고고학 시리즈 2 황윤 지음   책읽는고양이   2020년 10월 평점    경주 를 가본 적이 몇 번 있지만  제대로된 구경을 해보지 못 한 것 같네요  코로나로    , 알라딘서재  100자평  일상이 고고학  나 혼자  경주 여행  일상이 고고학  나 혼자  경주 여행    개정증보판   일상이 고고학 시리즈 2 황윤 지음   책읽는고양이   2020년 10월 평점    경주 를 가본 적이 몇 번 있지만  제대로된 구경을 해보지 못 한 것 같네요  코로나로    
전주 여행,1, 전주여행 코스 전동성당 고풍스러운 멋이 좋아요 , 전주여행 코스 전동성당 고풍스러운 멋이 좋아요  당일로 다녀왔던  전주  예전에 가서 보지 못한 곳까지 잘 둘러보고 왔습니다  이렇게 좋은 봄날에  여행 만 다니면 얼마나 좋을까 라는    철없는 생각을 해    , 전주여행 코스 전동성당 고풍스러운 멋이 좋아요   전주여행 코스 전동성당 고풍스러운 멋이 좋아요  당일로 다녀왔던  전주  예전에 가서 보지 못한 곳까지 잘 둘러보고 왔습니다  이렇게 좋은 봄날에  여행 만 다니면 얼마나 좋을까 라는    철없는 생각을 해    
전주 여행,2, 전주 먹방 여행  남부전통시장  전주  현대옥 콩나물국밥   정성식품 수    ,2022 12 20    맛집 맛집들     전주여행   전주 먹방투어 한벽집 새우탕  전주여행   전주 먹방투어 한벽집 새우탕 11월 초에 지인들과  전주 여행 을 다녀왔어요  오로지 먹방투어로 간 1박 2일  전주 여행  쉴새없이    , 전주 먹방 여행  남부전통시장  전주  현대옥 콩나물국밥   정성식품 수     2022 12 20    맛집 맛집들     전주여행   전주 먹방투어 한벽집 새우탕  전주여행   전주 먹방투어 한벽집 새우탕 11월 초에 지인들과  전주 여행 을 다녀왔어요  오로지 먹방투어로 간 1박 2일  전주 여행  쉴새없이    
전주 여행,3,  전주여행   별누리 게스트하우스   전주 한옥마을  전주 숙소  전주 민박     ,숙소리뷰   별누리 게스트하우스 Jeollabukdo  Jeonju Hanok Village  Guest house 뜨끈뜨끈한 온돌방에서  여행 의 피로를 녹이다   전주 한옥마을 진주  사천  남해 여행 을 마치고 집으로 돌아오는길  남해에서 늦은오후에    ,  전주여행   별누리 게스트하우스   전주 한옥마을  전주 숙소  전주 민박      숙소리뷰   별누리 게스트하우스 Jeollabukdo  Jeonju Hanok Village  Guest house 뜨끈뜨끈한 온돌방에서  여행 의 피로를 녹이다   전주 한옥마을 진주  사천  남해 여행 을 마치고 집으로 돌아오는길  남해에서 늦은오후에    
전주 여행,4,  전주여행   퇴근 후 1박 2일  전주여행  2 ,  전주  1박 2일  여행    객리단길  한옥마을   완주 소양 Day 2 점심   객사 또순이네집   오전에 근처에서 일을보고 점심으로 무엇을 먹을까 고민하다가 숙소와 가까운 객사 맛집을 방문하기로 했다  전주 에 살 때 몇    ,  전주여행   퇴근 후 1박 2일  전주여행  2    전주  1박 2일  여행    객리단길  한옥마을   완주 소양 Day 2 점심   객사 또순이네집   오전에 근처에서 일을보고 점심으로 무엇을 먹을까 고민하다가 숙소와 가까운 객사 맛집을 방문하기로 했다  전주 에 살 때 몇    
전주 여행,5, 전주여행    전주 한옥마을 힐링공간으로 추천하는  경기전 , 전주여행    전주 한옥마을 힐링공간으로 추천하는  경기전   전주여행 의 볼거리   전주 한옥마을과 인근에는 대나무숲이 있는 경기전 이라는 곳이 있습니다  대나무숲과 함께 옛 한옥과 저 멀리 보이는 정동성당과의    , 전주여행    전주 한옥마을 힐링공간으로 추천하는  경기전   전주여행    전주 한옥마을 힐링공간으로 추천하는  경기전   전주여행 의 볼거리   전주 한옥마을과 인근에는 대나무숲이 있는 경기전 이라는 곳이 있습니다  대나무숲과 함께 옛 한옥과 저 멀리 보이는 정동성당과의    
전주 여행,6,  전주여행   또다시  전주 행 ,2017년 11월 L님의 결혼식을 방문하기 위하여  전주 행    가는길도 울긋불긋 단풍이 들어 예쁜 풍경이 가득했다  또다시  전주 행 오랜만에 본 얼굴들이 많았다 항상 보는 얼굴들도 많고 행복을 빌며  전주 행 끗 ,  전주여행   또다시  전주 행  2017년 11월 L님의 결혼식을 방문하기 위하여  전주 행    가는길도 울긋불긋 단풍이 들어 예쁜 풍경이 가득했다  또다시  전주 행 오랜만에 본 얼굴들이 많았다 항상 보는 얼굴들도 많고 행복을 빌며  전주 행 끗 
전주 여행,7,  전주여행   낭만적인  전주 의 밤  cafe Dal STORY  카페 달이야기  전주 한    ,  전주여행   낭만적인  전주 의 밤  cafe Dal STORY  전주 카페  전주 한옥마을 Jeonju Hanok Village cafe Dal STORY 카페 달이야기 063 288 8886 전북  전주 시 완산구 최명희길 20  풍남동3가 47 3   전주 에 도착한 밤  늦은 저녁을    ,  전주여행   낭만적인  전주 의 밤  cafe Dal STORY  카페 달이야기  전주 한       전주여행   낭만적인  전주 의 밤  cafe Dal STORY  전주 카페  전주 한옥마을 Jeonju Hanok Village cafe Dal STORY 카페 달이야기 063 288 8886 전북  전주 시 완산구 최명희길 20  풍남동3가 47 3   전주 에 도착한 밤  늦은 저녁을    
전주 여행,8, 전주 여행 에서 만난 쵸코파이, 전주 여행 에서 만단 쵸코파이 좋네요  이쁘기도 하고 부드럽고 맛있네요  선물용으로도 괜찬하요   , 전주 여행 에서 만난 쵸코파이  전주 여행 에서 만단 쵸코파이 좋네요  이쁘기도 하고 부드럽고 맛있네요  선물용으로도 괜찬하요   
전주 여행,9, 여행 이좋다    전북 김제  전주  1박2일  여행     김제  전주  가볼만한곳     ,아래는 예전에 다녀온  전주여행 코스입니다  사실 이때 다녀온  여행 지들이  전주여행 계획 짜시는데는 더 도움이 될듯 싶습니다   전주  한옥마을을 비롯해서 다양한 관광지가 있으니  참고하시면 되겠습니다    , 여행 이좋다    전북 김제  전주  1박2일  여행     김제  전주  가볼만한곳      아래는 예전에 다녀온  전주여행 코스입니다  사실 이때 다녀온  여행 지들이  전주여행 계획 짜시는데는 더 도움이 될듯 싶습니다   전주  한옥마을을 비롯해서 다양한 관광지가 있으니  참고하시면 되겠습니다    
전주 여행,10,살을 에는  전주여행   10    한옥마을  그리고 경기전 ,살을 에는  전주여행   10    한옥마을  그리고 경기전  2011 02 17 06 48 Hobby  여행  Journey  글 작성자  레이니아 https   www chamchamtrip com  광고 누구나 즐거운 농촌 여행  참참 단체 숙박부터 이색 체험까지 완비     ,살을 에는  전주여행   10    한옥마을  그리고 경기전  살을 에는  전주여행   10    한옥마을  그리고 경기전  2011 02 17 06 48 Hobby  여행  Journey  글 작성자  레이니아 https   www chamchamtrip com  광고 누구나 즐거운 농촌 여행  참참 단체 숙박부터 이색 체험까지 완비     
전주 여행,11, 알라딘서재  전주 여행 이 더 즐거워지는  여행 책, 전주 여행  레시피   Happy Travel 1 김주미 지음   즐거운상상   2013년 9월 평점   구판절판 지난 주말에 다녀온  전주여행    여행 을 더욱 즐겁게 만들어준  여행 책이 바로   전주여행  레시피 이다  책에 나온 명소도    , 알라딘서재  전주 여행 이 더 즐거워지는  여행 책  전주 여행  레시피   Happy Travel 1 김주미 지음   즐거운상상   2013년 9월 평점   구판절판 지난 주말에 다녀온  전주여행    여행 을 더욱 즐겁게 만들어준  여행 책이 바로   전주여행  레시피 이다  책에 나온 명소도    
전주 여행,12, 여행 이좋다    광장식당     전주 시 오래된 맛집  전주  먹을거리 백반    , 전주 시 오래된 맛집  전주  먹을거리 백반집 추천 광장식당 이번  전주여행 에서 마지막으로 방문한 광장식당입니다  이곳 광장식당은  전주 시청 근처에 있는 백반집으로  오랫동안 사랑받는  전주 시 맛집 중    , 여행 이좋다    광장식당     전주 시 오래된 맛집  전주  먹을거리 백반      전주 시 오래된 맛집  전주  먹을거리 백반집 추천 광장식당 이번  전주여행 에서 마지막으로 방문한 광장식당입니다  이곳 광장식당은  전주 시청 근처에 있는 백반집으로  오랫동안 사랑받는  전주 시 맛집 중    
전주 여행,13,전라북도  전주  남부시장과 남부시장 야시장 먹거리  여행 , 전주 남부시장은  전주  한옥마을과 가까이 있어서 한옥마을을 들리고 주말야간이면 많은 사람들이 찾고 있는  전주 여행 명소 중 하나이다  특히 금 토요일에만 열리는 남부시장 야시장은 삼겹살 김밥  소고기    ,전라북도  전주  남부시장과 남부시장 야시장 먹거리  여행   전주 남부시장은  전주  한옥마을과 가까이 있어서 한옥마을을 들리고 주말야간이면 많은 사람들이 찾고 있는  전주 여행 명소 중 하나이다  특히 금 토요일에만 열리는 남부시장 야시장은 삼겹살 김밥  소고기    
전주 여행,14,  바람짝  여행  맛집   전주 시   백반 한정식 전문 한국식당    ,  바람짝  여행  맛집   전주 시   백반 한정식 전문 한국식당      일시   2012 03 04 일   작성자   바람짝  글춤요리사   전주 지역의 맛집 탐방을 하였습니다  착한가격  지인들의 입소문을 통하여 알게 된    ,  바람짝  여행  맛집   전주 시   백반 한정식 전문 한국식당       바람짝  여행  맛집   전주 시   백반 한정식 전문 한국식당      일시   2012 03 04 일   작성자   바람짝  글춤요리사   전주 지역의 맛집 탐방을 하였습니다  착한가격  지인들의 입소문을 통하여 알게 된    
전주 여행,15,6월  전주 여행  2박 3일  서울의 밤  오리과자점  객사  한옥마을   전주     , 6월  전주 여행  2박 3일  서울의 밤  오리과자점  객사  한옥마을   전주 일몽  남노갈비  고자루  퇴근하고 바로  전주 행 광주에서  전주 까지 한시간 반   비가 올락말락한데 우산이없어서 불안불안   친구만나서 숙소    ,6월  전주 여행  2박 3일  서울의 밤  오리과자점  객사  한옥마을   전주       6월  전주 여행  2박 3일  서울의 밤  오리과자점  객사  한옥마을   전주 일몽  남노갈비  고자루  퇴근하고 바로  전주 행 광주에서  전주 까지 한시간 반   비가 올락말락한데 우산이없어서 불안불안   친구만나서 숙소    
전주 여행,16, 여행 이좋다     전주  전북 천리길  전주  한옥마을 둘레길, 전주 를 포함해서 전라북도 각지의 볼거리 먹거리를 한 달 동안 체험한 것이어서  전주  혹은 전북  여행 을 계획하는 분이라면 도움이 될만한 후기입니다  전라북도 한달살기 후기 전북  여행  30일 요약 정리    , 여행 이좋다     전주  전북 천리길  전주  한옥마을 둘레길  전주 를 포함해서 전라북도 각지의 볼거리 먹거리를 한 달 동안 체험한 것이어서  전주  혹은 전북  여행 을 계획하는 분이라면 도움이 될만한 후기입니다  전라북도 한달살기 후기 전북  여행  30일 요약 정리    
전주 여행,17,여름에 떠난  전주여행  With Mom,  전주 한옥마을 주차장 정보 상세  전주 한옥마을 한옥마을소개  체험콘텐츠  문화공연행사  한옥마을사진  문화시설  문화시설유적지  이색 여행 공간 전통공예  생활공예  액세서리 예술공예  쓰고 그리고 체험    ,여름에 떠난  전주여행  With Mom   전주 한옥마을 주차장 정보 상세  전주 한옥마을 한옥마을소개  체험콘텐츠  문화공연행사  한옥마을사진  문화시설  문화시설유적지  이색 여행 공간 전통공예  생활공예  액세서리 예술공예  쓰고 그리고 체험    
전주 여행,18,  전주여행   술한잔하기 딱 좋은 분위기  구일집   전주 맛집  전주 한옥    ,  전주여행   술한잔하기 딱 좋은 분위기  구일집 Jeonju Hanok Village 밥집인듯 술집인듯  일단 맛있으면 그걸로 충분하다     전주 한옥마을맛집 오목대에서 내려와 늦은 점심을 먹고자 이곳저곳 돌아다니다 발견한    ,  전주여행   술한잔하기 딱 좋은 분위기  구일집   전주 맛집  전주 한옥       전주여행   술한잔하기 딱 좋은 분위기  구일집 Jeonju Hanok Village 밥집인듯 술집인듯  일단 맛있으면 그걸로 충분하다     전주 한옥마을맛집 오목대에서 내려와 늦은 점심을 먹고자 이곳저곳 돌아다니다 발견한    
전주 여행,19,  전주 맛집  교동 시래청   시래기국밥 전문점   전주여행    전주 한옥마    ,  전주 맛집  교동 시래청   시래기국밥 전문점  전주여행    전주 한옥마을 맛집  전주 한옥마을  아침식사로 딱이었던 시래기국밥  전주 한옥마을에서의 아침  11시즘 되었던 시각인데  아침식사가 가능한 식당은 많지    ,  전주 맛집  교동 시래청   시래기국밥 전문점   전주여행    전주 한옥마       전주 맛집  교동 시래청   시래기국밥 전문점  전주여행    전주 한옥마을 맛집  전주 한옥마을  아침식사로 딱이었던 시래기국밥  전주 한옥마을에서의 아침  11시즘 되었던 시각인데  아침식사가 가능한 식당은 많지    
전주 여행,20, 전주여행   전주  물 짜장 맛집  수정관  물짜장 깐풍육 강추, 전주 여행 가면 먹여줄께   하다  전주 를 오게되어 간 중화요리집입니다  인터넷에는 데프콘 이 먹었던 물짜장집으로 유명하더라고요  솔직히 물짜장  전주  어디든 먹어도 배신없이 맛있습니다  여긴    , 전주여행   전주  물 짜장 맛집  수정관  물짜장 깐풍육 강추  전주 여행 가면 먹여줄께   하다  전주 를 오게되어 간 중화요리집입니다  인터넷에는 데프콘 이 먹었던 물짜장집으로 유명하더라고요  솔직히 물짜장  전주  어디든 먹어도 배신없이 맛있습니다  여긴    
전주 여행,21,  전주 여행   전동성당  입장시간 ,오늘 소개할 곳은  전주  한옥마을  여행 에 빼놓을 수 없는 명소  전동성당입니다  너무 아름다운 모습을 하고 있구요  사적 제288호로도 지정되어 있다고도 합니다  그리고 입장시간도 있어 늦지 않게 다녀와야    ,  전주 여행   전동성당  입장시간  오늘 소개할 곳은  전주  한옥마을  여행 에 빼놓을 수 없는 명소  전동성당입니다  너무 아름다운 모습을 하고 있구요  사적 제288호로도 지정되어 있다고도 합니다  그리고 입장시간도 있어 늦지 않게 다녀와야    
전주 여행,22,  전주여행   풍년제과  수제초코파이  Poongnyun Bakery   PNB Bakery s Choco Pie    ,  전주여행    전주 에서 꼭 먹어봐야할 초코파이  풍년제과 Jeonju Hanok Village  PNB Bakery  Poongnyun Bakery in Jeonju si 우리밀로 만든 달달한 초코파이 어머  이건 꼭 먹어야해     전주 한옥마을에서 걷다보면 여럿 보이는    ,  전주여행   풍년제과  수제초코파이  Poongnyun Bakery   PNB Bakery s Choco Pie       전주여행    전주 에서 꼭 먹어봐야할 초코파이  풍년제과 Jeonju Hanok Village  PNB Bakery  Poongnyun Bakery in Jeonju si 우리밀로 만든 달달한 초코파이 어머  이건 꼭 먹어야해     전주 한옥마을에서 걷다보면 여럿 보이는    
전주 여행,23,171216 17  전주여행  ,국내 여행 기 171216 17  전주여행   네오엔 2018  1  7  10 11 간식사러 가는 길에 추억돋는 가게가 있어 구경 카카오 캐릭터 달고나 2개랑 불량식품 3개 사가지고 나왔다 여기서 완자꼬치랑 체다치즈 완자꼬치 사고    ,171216 17  전주여행   국내 여행 기 171216 17  전주여행   네오엔 2018  1  7  10 11 간식사러 가는 길에 추억돋는 가게가 있어 구경 카카오 캐릭터 달고나 2개랑 불량식품 3개 사가지고 나왔다 여기서 완자꼬치랑 체다치즈 완자꼬치 사고    
전주 여행,24, 알라딘서재  100자평   전주 여행  레시피, 전주 여행  레시피   Happy Travel 1 김주미 지음   즐거운상상   2013년 9월 평점   구판절판 처음 봤을때는 뭐가 되게 아기자기해서 기대했는데  직접 가보니  전주 가 되게 작은곳이라 편집이 너무 조잡하게    , 알라딘서재  100자평   전주 여행  레시피  전주 여행  레시피   Happy Travel 1 김주미 지음   즐거운상상   2013년 9월 평점   구판절판 처음 봤을때는 뭐가 되게 아기자기해서 기대했는데  직접 가보니  전주 가 되게 작은곳이라 편집이 너무 조잡하게    
전주 여행,25, 전주 여행    전주 생선구이본가 조기매운탕, 전주 여행 도 할 겸  겸사겸사 갔다  도착해서 조기매운탕이 너무 먹고 싶어서 검색해서 찾아간 곳   전주 생선구이본가 바로 맞은 편이 주차장  아주 좋구먼 식사 때가 아니라 널널하다  실내도 단정하고 깨끗하다     , 전주 여행    전주 생선구이본가 조기매운탕  전주 여행 도 할 겸  겸사겸사 갔다  도착해서 조기매운탕이 너무 먹고 싶어서 검색해서 찾아간 곳   전주 생선구이본가 바로 맞은 편이 주차장  아주 좋구먼 식사 때가 아니라 널널하다  실내도 단정하고 깨끗하다     
전주 여행,26, 전주여행 가면 꼭 가봐야할 곳  전주 비빔밥 맛집 가족회관 , 전주여행 하면 꼭 가봐야 할 곳  전주 비빔밥 맛집 가족회관  전주  상담하러 갔다가  전주 에 계신 팀원과 합류해서 저녁먹으러 간곳   전주 에 오면  전주 비빔밥 꼭 먹고 가야하는데 맛집을 추천해주셔서 고고씽    , 전주여행 가면 꼭 가봐야할 곳  전주 비빔밥 맛집 가족회관   전주여행 하면 꼭 가봐야 할 곳  전주 비빔밥 맛집 가족회관  전주  상담하러 갔다가  전주 에 계신 팀원과 합류해서 저녁먹으러 간곳   전주 에 오면  전주 비빔밥 꼭 먹고 가야하는데 맛집을 추천해주셔서 고고씽    
전주 여행,27,1박2일  전주여행  1일차  2020 08 22 23 ,2일  전주여행 을 다녀왔다  마이산 휴게소에서 마이산 배경으로    덕진공원에서    연꽃이 피었을 때 가면 좋았을 텐데 연꽃이 다져서 아쉬웠다  예약한  전주 영화호텔에 체크인하고  전주 맛집인 한국집에서    ,1박2일  전주여행  1일차  2020 08 22 23  2일  전주여행 을 다녀왔다  마이산 휴게소에서 마이산 배경으로    덕진공원에서    연꽃이 피었을 때 가면 좋았을 텐데 연꽃이 다져서 아쉬웠다  예약한  전주 영화호텔에 체크인하고  전주 맛집인 한국집에서    
전주 여행,28,  전주여행   브런치가 먹고 싶어 찾아간 예쁜 카페  투리스타  turista , 전주여행  마지막날 오전부터 브런치가 너무 먹고 싶었다 아쉽게도  전주 엔 브런치 카페가 거의 없었으나   폭풍 검색으로 찾아낸  전주  브런치 카페 투리스타 한옥마을 근처  호텔 아래 붙어있는 한적한 카페다    ,  전주여행   브런치가 먹고 싶어 찾아간 예쁜 카페  투리스타  turista   전주여행  마지막날 오전부터 브런치가 너무 먹고 싶었다 아쉽게도  전주 엔 브런치 카페가 거의 없었으나   폭풍 검색으로 찾아낸  전주  브런치 카페 투리스타 한옥마을 근처  호텔 아래 붙어있는 한적한 카페다    
전주 여행,29, 전주 맛집 전북도청 연남물갈비  전주여행 추천, 전주 에 맛집이 굉장히 많은데  전주여행  하면서 연남물갈비 먹으러 전북도청 근처로 갔다 산처럼 쌓인 물갈비 위에 태극기가 꽂혀있는게 너무 귀엽다 먹기 좋게 얇은 갈비가 올라가있는데 너무 부드럽고    , 전주 맛집 전북도청 연남물갈비  전주여행 추천  전주 에 맛집이 굉장히 많은데  전주여행  하면서 연남물갈비 먹으러 전북도청 근처로 갔다 산처럼 쌓인 물갈비 위에 태극기가 꽂혀있는게 너무 귀엽다 먹기 좋게 얇은 갈비가 올라가있는데 너무 부드럽고    
전주 여행,30, 여행  맛집 이야기,개인적으로  전주여행  가게된다면 농가레스토랑 다시 방문하고 싶은 곳이다   전주 맛집으로 추천해 드리는 메뉴  후식은 요렇게 깔끔하게 간단히 먹기  사실 반찬을 많이 먹어서 배가 엄청 불렀다  마음 같아서는    , 여행  맛집 이야기 개인적으로  전주여행  가게된다면 농가레스토랑 다시 방문하고 싶은 곳이다   전주 맛집으로 추천해 드리는 메뉴  후식은 요렇게 깔끔하게 간단히 먹기  사실 반찬을 많이 먹어서 배가 엄청 불렀다  마음 같아서는    
전주 여행,31,  전주여행   전주 한옥마을 여행 에서 들려보아야할  전주 산책코스  전주     ,볼일차  전주 에 왔다가 팔자에도 없는 보너스 시간이 와이투케이에게 주어지었다 와이투케이에게 주어진 시간은 달랑 1시간30분  전주 천 산책에 이 시간을 투자하기로 하고 롯대백화점 부근에서  전주 천으로    ,  전주여행   전주 한옥마을 여행 에서 들려보아야할  전주 산책코스  전주      볼일차  전주 에 왔다가 팔자에도 없는 보너스 시간이 와이투케이에게 주어지었다 와이투케이에게 주어진 시간은 달랑 1시간30분  전주 천 산책에 이 시간을 투자하기로 하고 롯대백화점 부근에서  전주 천으로    
전주 여행,32,  전주여행  친구   전주 에 와서 한옥마을만 보고 갈 텐가 한옥 레일바    , 전주 의 새로운 즐길거리  전주  한옥 레일바이크 사랑하는 연인과  전주  한옥마을에서 한복을 입고 데이트도 즐기고 다시 아중역에서 한옥 레일바이크도 같이 타 본다면 영원한 추억이 될것이다 대한믹  국    ,  전주여행  친구   전주 에 와서 한옥마을만 보고 갈 텐가 한옥 레일바      전주 의 새로운 즐길거리  전주  한옥 레일바이크 사랑하는 연인과  전주  한옥마을에서 한복을 입고 데이트도 즐기고 다시 아중역에서 한옥 레일바이크도 같이 타 본다면 영원한 추억이 될것이다 대한믹  국    
전주 여행,33,  전주여행   마전고분군이 있는 서부신시가지의 문학대공원,문화공간으로 조성되었다 고분군들이 모여있는곳이다  전주여행 에서 한반쯤은 들려봐야할 곳이다 공원으로 오르는 길이다 오른쪽에도 계단으로 되어있는 입구가 있다 바로 옆에 있는 이씨조선의  전주 이씨 문종    ,  전주여행   마전고분군이 있는 서부신시가지의 문학대공원 문화공간으로 조성되었다 고분군들이 모여있는곳이다  전주여행 에서 한반쯤은 들려봐야할 곳이다 공원으로 오르는 길이다 오른쪽에도 계단으로 되어있는 입구가 있다 바로 옆에 있는 이씨조선의  전주 이씨 문종    
전주 여행,34, 알라딘서재  100자평   전주 여행  레시피, 전주 여행  레시피   Happy Travel 1 김주미 지음   즐거운상상   2013년 9월 평점   구판절판  전주 여행  다녀오며 구입한 책  편집이 깔끔하고 보기에 좋다  굿 , 알라딘서재  100자평   전주 여행  레시피  전주 여행  레시피   Happy Travel 1 김주미 지음   즐거운상상   2013년 9월 평점   구판절판  전주 여행  다녀오며 구입한 책  편집이 깔끔하고 보기에 좋다  굿 
전주 여행,35,  전주여행   후백제 견훤왕의 숨결을 느낄수 있는  전주  승암산의 동    ,조선왕조의 본향  전주  후백제의 도읍지  전주  후백제의 견훤왕이 숨결을 느낄수있는곳이 동고산성의 동고서 이다 완산  전주  이 그립군아 하고 유언을 남기고 죽었다는 견훤왕이  전주 에 도읍을 정하고 사고사    ,  전주여행   후백제 견훤왕의 숨결을 느낄수 있는  전주  승암산의 동     조선왕조의 본향  전주  후백제의 도읍지  전주  후백제의 견훤왕이 숨결을 느낄수있는곳이 동고산성의 동고서 이다 완산  전주  이 그립군아 하고 유언을 남기고 죽었다는 견훤왕이  전주 에 도읍을 정하고 사고사    
전주 여행,36,  전주여행  일제 강점기 아픈 역사의 흔적이 있는 역사 깊은 공원      , 전주  다가공원        전주  옛완산 의 오래된 역사 깊은 공원 그러나 슬픈 아픈 역사를 지니고 있는 공원 이다  전주 천을 끼고 우뚝 솟아있는 다가산 정상에 서면  전주 가 훤히 내려다 보이는 명단중의 명당    ,  전주여행  일제 강점기 아픈 역사의 흔적이 있는 역사 깊은 공원        전주  다가공원        전주  옛완산 의 오래된 역사 깊은 공원 그러나 슬픈 아픈 역사를 지니고 있는 공원 이다  전주 천을 끼고 우뚝 솟아있는 다가산 정상에 서면  전주 가 훤히 내려다 보이는 명단중의 명당    
전주 여행,37,   전주여행  아중호숫가에 있는 작은 소공원 호동골 어린이공원, 전주  호동골  전주  시민이면 누구나 다 알고있는 이름이다 예전 쓰래기매립장 이었다 지금은 호공골    하였다  전주  딸집에 들렸다가 오후시간 시간을 내어 들려보았던 아중호수와 아중리레일바이크 그리고    ,   전주여행  아중호숫가에 있는 작은 소공원 호동골 어린이공원  전주  호동골  전주  시민이면 누구나 다 알고있는 이름이다 예전 쓰래기매립장 이었다 지금은 호공골    하였다  전주  딸집에 들렸다가 오후시간 시간을 내어 들려보았던 아중호수와 아중리레일바이크 그리고    
전주 여행,38,  전주여행  조선시대 별장  전주 8경 한옥마을의 한벽당과 한벽굴, 전주  한벽당 임실 슬치고개에서 발원한  전주 천이 한벽당과 만나 아름다운 경관을 만들어 내고 있다    하여  전주  8경의 하나로 꼽았다 조선의 개국을 도운 공신이며 집현전 직제학을 지낸 월당 최담 선생이 태조    ,  전주여행  조선시대 별장  전주 8경 한옥마을의 한벽당과 한벽굴  전주  한벽당 임실 슬치고개에서 발원한  전주 천이 한벽당과 만나 아름다운 경관을 만들어 내고 있다    하여  전주  8경의 하나로 꼽았다 조선의 개국을 도운 공신이며 집현전 직제학을 지낸 월당 최담 선생이 태조    
전주 여행,39,  전주여행  완산칠봉에 있는 도심속 하늘정원   전주  완산공원 꽃동    , 전주  완산공원 완산공원 꽃동산  전주  완산칠봉에 있는 도심속 공원 이다 후백제의 도읍지이며 조선왕조의 본향  전주 를 대표하는 산이 완산칠봉 이다  전주  완산고원의 꽃동산  전주 시립도서관에서 하늘을    ,  전주여행  완산칠봉에 있는 도심속 하늘정원   전주  완산공원 꽃동      전주  완산공원 완산공원 꽃동산  전주  완산칠봉에 있는 도심속 공원 이다 후백제의 도읍지이며 조선왕조의 본향  전주 를 대표하는 산이 완산칠봉 이다  전주  완산고원의 꽃동산  전주 시립도서관에서 하늘을    
전주 여행,40,  전주여행   조선왕조실록의 피난등 수난사를 알수있는  전주 사고, 전주 사고 국보제151호인 조선왕조실록을 안전하게 보관하기 위해 만들어진  전주  경기전안의 건물이다 이  전주 사고에 가보면 임진왜란 당시 조성왕조실록의 피신과 수난사를 한눈에 볼수 있다  전주 사고는    ,  전주여행   조선왕조실록의 피난등 수난사를 알수있는  전주 사고  전주 사고 국보제151호인 조선왕조실록을 안전하게 보관하기 위해 만들어진  전주  경기전안의 건물이다 이  전주 사고에 가보면 임진왜란 당시 조성왕조실록의 피신과 수난사를 한눈에 볼수 있다  전주 사고는    
전주 여행,41,  전주여행   이씨조선의 본향  전주 한옥마을에 있는 경기전의 어진박    ,이씨 조선의 본향인  전주   전주  한옥마을 한옥마을로는 전국에서 제일 유명한곳이  전주  한옥마을 이다 이  전주 한옥마을에는 경기전이 있고 이 경기전안에 태조 이성계의 어진을 모시고 있는 어진    ,  전주여행   이씨조선의 본향  전주 한옥마을에 있는 경기전의 어진박     이씨 조선의 본향인  전주   전주  한옥마을 한옥마을로는 전국에서 제일 유명한곳이  전주  한옥마을 이다 이  전주 한옥마을에는 경기전이 있고 이 경기전안에 태조 이성계의 어진을 모시고 있는 어진    
전주 여행,42,  전주여행    전주 천에서의 달랑 20분의 산책과 추억,일요일 오후 볼일차  전주 에 왔다가 팔자에도 없는 보너스 시간 30여분이 와이투케이에게 주어지었다 작은 자트리 시간 보내기엔 안성맞춤안 곳이  전주 천이다  전주 천 산책에 이 시간을 투자하기로 하고    ,  전주여행    전주 천에서의 달랑 20분의 산책과 추억 일요일 오후 볼일차  전주 에 왔다가 팔자에도 없는 보너스 시간 30여분이 와이투케이에게 주어지었다 작은 자트리 시간 보내기엔 안성맞춤안 곳이  전주 천이다  전주 천 산책에 이 시간을 투자하기로 하고    
전주 여행,43,180812아이들과  전주여행  한옥마을속으로,산책  전주여행 은 군것질과 함께   개인적으로 가장 만족 스러웠던 마약육전 추억 남겨줄 사진에 조미료를 위해 한복대여 헤어 사진 세트라고하여 온가족이 한복체험 시작   사진관에서 사진 촬영후 마을투어    ,180812아이들과  전주여행  한옥마을속으로 산책  전주여행 은 군것질과 함께   개인적으로 가장 만족 스러웠던 마약육전 추억 남겨줄 사진에 조미료를 위해 한복대여 헤어 사진 세트라고하여 온가족이 한복체험 시작   사진관에서 사진 촬영후 마을투어    
전주 여행,44,  전주여행  친환경 생태도시 에코시티의 자랑거리 세병호와 세병공    ,에코시티가 조성되었다 세병공원은  전주 한옥마을 여행 에서 나아가  전주여행 에서 꼭 들려가야 하는  전주여행 코스 이다 와이투케이는 손자들이 에코시티에 살고 있어 자주 들리는 세병호 이고 세병공원 이다,  전주여행  친환경 생태도시 에코시티의 자랑거리 세병호와 세병공     에코시티가 조성되었다 세병공원은  전주 한옥마을 여행 에서 나아가  전주여행 에서 꼭 들려가야 하는  전주여행 코스 이다 와이투케이는 손자들이 에코시티에 살고 있어 자주 들리는 세병호 이고 세병공원 이다
전주 여행,45, 연꽃 여행  대한민국 연꽃 대표 관광지인  전주  덕진공원 덕진연못 201    ,덕진공원은  전주여행 코스에서 빠트릴수 없는 필수  여행 코스 이다 덕진연못의 연꽃은 덕진호수 한가운데를 가로지르는 현수교와 연지교등 주변경관이 무척 아름다워 사진을 찍으면 무척 아름답다 연꽃밭이    , 연꽃 여행  대한민국 연꽃 대표 관광지인  전주  덕진공원 덕진연못 201     덕진공원은  전주여행 코스에서 빠트릴수 없는 필수  여행 코스 이다 덕진연못의 연꽃은 덕진호수 한가운데를 가로지르는 현수교와 연지교등 주변경관이 무척 아름다워 사진을 찍으면 무척 아름답다 연꽃밭이    
전주 여행,46,  전주여행   후백제 숨결이 숨어있는 황방산 서고사,후백제의 도읍지  전주  구 완산  후백제의 견훤왕이 숨결을 느낄수있는곳이  전주  효자동 서곡지구 황방산의 서고사 이다 완산  전주  이 그립군아 하고 유언을 남기고 죽었다는 견훤왕이  전주 에 도읍을 정하고    ,  전주여행   후백제 숨결이 숨어있는 황방산 서고사 후백제의 도읍지  전주  구 완산  후백제의 견훤왕이 숨결을 느낄수있는곳이  전주  효자동 서곡지구 황방산의 서고사 이다 완산  전주  이 그립군아 하고 유언을 남기고 죽었다는 견훤왕이  전주 에 도읍을 정하고    
전주 여행,47, 알라딘서재 언제라도  전주 ,제가 가봤던 곳도 있었고요  다음에  전주 를 가면 가고 싶은곳도 있었어요   가장 가보고 싶은곳은 북카페 카프카   다음  전주여행 때 들고다니면서  여행 해봐야겠어요  날 좋아진 요즘  전주여행 가고싶다아    , 알라딘서재 언제라도  전주  제가 가봤던 곳도 있었고요  다음에  전주 를 가면 가고 싶은곳도 있었어요   가장 가보고 싶은곳은 북카페 카프카   다음  전주여행 때 들고다니면서  여행 해봐야겠어요  날 좋아진 요즘  전주여행 가고싶다아    
전주 여행,48,  전주여행  완산칠봉의 작은 생태공원인 완산칠봉생태습지원,완산칠봉생태습지원 완산    은  전주 의 옛 지명이고 이싸조선의 본향이요 후백제의 도읍지이다    실제로  전주 천을 따라 산책 하다보면  전주 천변의 산세는 비경 이다 완산에는 완산칠봉이 있고    ,  전주여행  완산칠봉의 작은 생태공원인 완산칠봉생태습지원 완산칠봉생태습지원 완산    은  전주 의 옛 지명이고 이싸조선의 본향이요 후백제의 도읍지이다    실제로  전주 천을 따라 산책 하다보면  전주 천변의 산세는 비경 이다 완산에는 완산칠봉이 있고    
전주 여행,49,  전주여행   예향도시  전주 의 자랑거리 국립무형유산원,박물관이  전주 에 있다 예향의 도시 답게 무형유산박물관이 있어  전주 가 자랑스럽다 어렴풋이 알고는    2013년도에  전주 에 개관한  전주 의 자랑거리 이다  전주 에 사는 시민들은 신나겠다 각종 무료공연이 계속    ,  전주여행   예향도시  전주 의 자랑거리 국립무형유산원 박물관이  전주 에 있다 예향의 도시 답게 무형유산박물관이 있어  전주 가 자랑스럽다 어렴풋이 알고는    2013년도에  전주 에 개관한  전주 의 자랑거리 이다  전주 에 사는 시민들은 신나겠다 각종 무료공연이 계속    
전주 여행,50, 전동성당 최초순교지이자  전주 한옥마을  여행 의 필수 여행 코스,함께  전주여행 에서 꼭 들려봐야하는 필수  전주여행 코스 이다 자주 가는  전주  그리고 한옥마을 아내와 남문시장 맛집에서 순대국 한그릇하고  전주 한옥마을에 들린김에 전동성당도 자세히 둘러보았다    , 전동성당 최초순교지이자  전주 한옥마을  여행 의 필수 여행 코스 함께  전주여행 에서 꼭 들려봐야하는 필수  전주여행 코스 이다 자주 가는  전주  그리고 한옥마을 아내와 남문시장 맛집에서 순대국 한그릇하고  전주 한옥마을에 들린김에 전동성당도 자세히 둘러보았다    
전주 여행,51,  전주여행    전주  에코시티의 친환경 생태공원  세병공원과 세병호    ,한다는 뜻 이다 한다 세병공원은  전주 한옥마을 여행 에서 나아가  전주여행 에서 꼭 들려가야 하는  전주여행 코스 이다 와이투케이는 에코시티에 손자들이 살고 있어 자주 가는 에코시티인데 처음으로 포스팅한다,  전주여행    전주  에코시티의 친환경 생태공원  세병공원과 세병호     한다는 뜻 이다 한다 세병공원은  전주 한옥마을 여행 에서 나아가  전주여행 에서 꼭 들려가야 하는  전주여행 코스 이다 와이투케이는 에코시티에 손자들이 살고 있어 자주 가는 에코시티인데 처음으로 포스팅한다
전주 여행,52,  전주여행   한옥마을 분위기에 딱 어울리는  전주 한옥마을 부채박물    , 전주 한옥마을 부채박물관 선조들의 지혜가 담긴 부채의 모든것을  전주 한옥마을에 가면 볼수가 있다 글자그대로 조선시대 부채부터 중국 일본 부채까지 모든 부채가 전시되어있는 부채박물관 이다  전주 한옥마을    ,  전주여행   한옥마을 분위기에 딱 어울리는  전주 한옥마을 부채박물      전주 한옥마을 부채박물관 선조들의 지혜가 담긴 부채의 모든것을  전주 한옥마을에 가면 볼수가 있다 글자그대로 조선시대 부채부터 중국 일본 부채까지 모든 부채가 전시되어있는 부채박물관 이다  전주 한옥마을    
전주 여행,53,  전주여행  국내 최고수준의 복합문화예술공간  전주  한국소리문화의    ,전북  전주 에서 매년 개최되고 있는  전주 세계소리축제가 열리는 곳 한국소리문화의 전당 2001년    이다  전주 의 자랑 전북의 자랑 이다 대지면적이 30 184평에 건물면적이 11 064평이나 되는 대형 아트센터이다    ,  전주여행  국내 최고수준의 복합문화예술공간  전주  한국소리문화의     전북  전주 에서 매년 개최되고 있는  전주 세계소리축제가 열리는 곳 한국소리문화의 전당 2001년    이다  전주 의 자랑 전북의 자랑 이다 대지면적이 30 184평에 건물면적이 11 064평이나 되는 대형 아트센터이다    
전주 여행,54, 전주여행 , 여행 지    전주 시 일원  여행 일   2014  12  14 일요일  코스    전주 한옥마을 둘러보기   전주 전통비빔밥시식   덕진공원  유적지 저녁으로  전주 떡갈비시식 등  , 전주여행   여행 지    전주 시 일원  여행 일   2014  12  14 일요일  코스    전주 한옥마을 둘러보기   전주 전통비빔밥시식   덕진공원  유적지 저녁으로  전주 떡갈비시식 등  
전주 여행,55,  전주여행   덕진호수의 옛 연화교가 변신을 하고있는 덕진공원 210425    , 전주 에서 나홀로  전주  가볼만한곳 중 첫번째로 꼽는  전주  덕진공원에 들려보았다 연화교 없는 덕진공원의 모습은 어떤 모습일까  연화교는 어떤 모습으로 변신을 하고 있을까 궁금한 마음으로 한시간의 자투리    ,  전주여행   덕진호수의 옛 연화교가 변신을 하고있는 덕진공원 210425      전주 에서 나홀로  전주  가볼만한곳 중 첫번째로 꼽는  전주  덕진공원에 들려보았다 연화교 없는 덕진공원의 모습은 어떤 모습일까  연화교는 어떤 모습으로 변신을 하고 있을까 궁금한 마음으로 한시간의 자투리    
전주 여행,56,2015 01 30     전주여행  1일차  한옥마을 야시장  남부시장  청년몰 구경    ,2015 01 30     전주여행  1일차  한옥스테이 태조마루  한옥마을 먹거리 구경  http   sweetcity tistory com 1725 사장님이 알려주신 야시장 구경가는길   광화문처럼   세월호 천막에 울컥  조명받아 멋진 풍남문    ,2015 01 30     전주여행  1일차  한옥마을 야시장  남부시장  청년몰 구경     2015 01 30     전주여행  1일차  한옥스테이 태조마루  한옥마을 먹거리 구경  http   sweetcity tistory com 1725 사장님이 알려주신 야시장 구경가는길   광화문처럼   세월호 천막에 울컥  조명받아 멋진 풍남문    
전주 여행,57,  전주여행   전주 대사습놀이에 가면  전주 한옥마을도 구경할수 있다,맞추어  전주여행 을 왔다 매년 열리는 전국대회로 판소리명창과 일반 농악 무용 기악 시조 민요 가야금명창 궁도 명고수까지 10개부분으로 치러지는 전국 경연대회 이다  전주 대사습놀이는 전국대회 로서 무척    ,  전주여행   전주 대사습놀이에 가면  전주 한옥마을도 구경할수 있다 맞추어  전주여행 을 왔다 매년 열리는 전국대회로 판소리명창과 일반 농악 무용 기악 시조 민요 가야금명창 궁도 명고수까지 10개부분으로 치러지는 전국 경연대회 이다  전주 대사습놀이는 전국대회 로서 무척    
전주 여행,58,  전주여행   옛날 물건들 모두 이곳에 전시 되어 있다  전주 한옥마을    , 전주 한옥마을의 루이엘모자박물관 바로 옆에는 추억박물관도 있다 같은 건물에 있다 입장료 3 000원    전시공간을 전라북도 든  전주 시 든 문화예술재단 이든 어느곳 이든 지원 된다면 얼마나 좋을까 생각해 본다,  전주여행   옛날 물건들 모두 이곳에 전시 되어 있다  전주 한옥마을      전주 한옥마을의 루이엘모자박물관 바로 옆에는 추억박물관도 있다 같은 건물에 있다 입장료 3 000원    전시공간을 전라북도 든  전주 시 든 문화예술재단 이든 어느곳 이든 지원 된다면 얼마나 좋을까 생각해 본다
전주 여행,59,  전주여행   전주 한옥마을  여행 에서 꼭 가봐야 할곳  전주  풍남문,이씨조선의 본향인  전주 의 한옥마을  여행 에서 꼭 들려보아야할곳이 있다 경기전과 어진박물관도 가보아야할 곳이지만  전주  풍남문도 꼭 가봐야한다 보물제308호인 풍남문     은  전주 를 대표하는    ,  전주여행   전주 한옥마을  여행 에서 꼭 가봐야 할곳  전주  풍남문 이씨조선의 본향인  전주 의 한옥마을  여행 에서 꼭 들려보아야할곳이 있다 경기전과 어진박물관도 가보아야할 곳이지만  전주  풍남문도 꼭 가봐야한다 보물제308호인 풍남문     은  전주 를 대표하는    
전주 여행,60,  전주여행  가즈아   전주  젊음이 넘치는 거리로    전주  객사 길과 영    ,가볼만한곳  전주여행 에서 꼭 가보아야 하는 필수  전주여행 코스 이다 결혼식 참석차  전주 에 온 김에 벚꽃명소 이자 데이트코스로 유명한 아중리저수지를 들린후 영화의거리 객사길까지 한바뀌 돌아보았다    ,  전주여행  가즈아   전주  젊음이 넘치는 거리로    전주  객사 길과 영     가볼만한곳  전주여행 에서 꼭 가보아야 하는 필수  전주여행 코스 이다 결혼식 참석차  전주 에 온 김에 벚꽃명소 이자 데이트코스로 유명한 아중리저수지를 들린후 영화의거리 객사길까지 한바뀌 돌아보았다    
전주 여행,61,  전주여행  한옥마을 전망대 이성계 장군의 승전 연회 장소  오목대, 전주 한옥마을  여행 을 다녀왔다 한옥마을과 경기정  어진박물관  풍남문  남문시장 그리고 최근 개장한 전라감영까지 돌아보고 오목대에 올랐다 가까이 있어 자주 들리는 곳이나 올 때마다 새롭고 또 다시    ,  전주여행  한옥마을 전망대 이성계 장군의 승전 연회 장소  오목대  전주 한옥마을  여행 을 다녀왔다 한옥마을과 경기정  어진박물관  풍남문  남문시장 그리고 최근 개장한 전라감영까지 돌아보고 오목대에 올랐다 가까이 있어 자주 들리는 곳이나 올 때마다 새롭고 또 다시    
전주 여행,62,  전주여행   전주  한옥마을  한국관광 100선에 빛나는 우리나라 대표     ,이외에도  전주 향교와 이목대 그리고 벽화마을  전통주박물관  승광재 등도 들려 볼 만한 곳이다  전주 한옥마을  여행 에서는 은퇴 후 사진작가로 왕성하게 활동 중인 절친도 우연히 만나 사진도 서로 찍어주곤했다,  전주여행   전주  한옥마을  한국관광 100선에 빛나는 우리나라 대표      이외에도  전주 향교와 이목대 그리고 벽화마을  전통주박물관  승광재 등도 들려 볼 만한 곳이다  전주 한옥마을  여행 에서는 은퇴 후 사진작가로 왕성하게 활동 중인 절친도 우연히 만나 사진도 서로 찍어주곤했다
전주 여행,63, 전주 가볼만한곳  전주여행  필수코스 천상의 정원인 한국도로공사 수    ,천년고도 그리고 이씨조선의 본향  전주   전주 에 가면 꼭 들려보아야 할곳이자  전주여행 의 필수코스인 한국도로공사 수목원이다 월드컵경기장 부근 고속도로 입구 큰 도로변에 있다  전주 에 딸집이 있어    , 전주 가볼만한곳  전주여행  필수코스 천상의 정원인 한국도로공사 수     천년고도 그리고 이씨조선의 본향  전주   전주 에 가면 꼭 들려보아야 할곳이자  전주여행 의 필수코스인 한국도로공사 수목원이다 월드컵경기장 부근 고속도로 입구 큰 도로변에 있다  전주 에 딸집이 있어    
전주 여행,64,SK LTE  어디까지 가봤니    맛있는  여행    전주  ,  맛있는  여행    전주   2012 08 27 06 30 IT 웹   서비스 Web   Service  글 작성자  레이니아 https   map naver com p entry place 1589368656 광고 제주유럽코티지감성 자쿠지독채 프라이빗 제주 여행   유럽감성    ,SK LTE  어디까지 가봤니    맛있는  여행    전주     맛있는  여행    전주   2012 08 27 06 30 IT 웹   서비스 Web   Service  글 작성자  레이니아 https   map naver com p entry place 1589368656 광고 제주유럽코티지감성 자쿠지독채 프라이빗 제주 여행   유럽감성    
전주 여행,65,  전주여행   전주 의 첫 인상  전주 역 앞   전주  첫 마중길 도로공원 2011    , 전주 역 앞  전주 첫마중길 기차를 타고  전주 역에서 내리면 처음으로 만나는  전주 첫마중길 이다  전주 의 첫인상이  전주 첫마중길 이다 한 여름이면 이  전주 첫마중길이 한여름 무더위를 피할수있는 어린이    ,  전주여행   전주 의 첫 인상  전주 역 앞   전주  첫 마중길 도로공원 2011      전주 역 앞  전주 첫마중길 기차를 타고  전주 역에서 내리면 처음으로 만나는  전주 첫마중길 이다  전주 의 첫인상이  전주 첫마중길 이다 한 여름이면 이  전주 첫마중길이 한여름 무더위를 피할수있는 어린이    
전주 여행,66,  전주여행   아중호수 나무데크 산책로를 따라 봄 산책 220403 ,예전 오래 전부터  전주  아중리 아중호수는 밤이면 불야성을 이루는 유명한 곳이다 벚꽃 구경하러 갈까 또는 민물매운탕 먹으러 갈까 기린봉 등산하러 등등 여러가지 목적을 핑게삼아 일년이면 여러번 들리는    ,  전주여행   아중호수 나무데크 산책로를 따라 봄 산책 220403  예전 오래 전부터  전주  아중리 아중호수는 밤이면 불야성을 이루는 유명한 곳이다 벚꽃 구경하러 갈까 또는 민물매운탕 먹으러 갈까 기린봉 등산하러 등등 여러가지 목적을 핑게삼아 일년이면 여러번 들리는    
전주 여행,67,  전주여행   한국도로공사 수목원 코앞에 있는  전주  시민들의 쉼터인    ,총화의 탑 그리고 기독교 방송국이 있는곳 예전 고속도로  전주  나들목이 있던 그자리 그곳엔 지금은  전주 시민을 위한 쉼터가 조성되어있다  전주  나들목 가족공원 이다  전주  인터체인지와 월드컵경기장에서    ,  전주여행   한국도로공사 수목원 코앞에 있는  전주  시민들의 쉼터인     총화의 탑 그리고 기독교 방송국이 있는곳 예전 고속도로  전주  나들목이 있던 그자리 그곳엔 지금은  전주 시민을 위한 쉼터가 조성되어있다  전주  나들목 가족공원 이다  전주  인터체인지와 월드컵경기장에서    
전주 여행,68,  전주여행   이씨 조선의 본향인  전주 의 자랑거리 덕진연못의 연꽃, 전주  덕진공원 이씨 조선의 본향인  전주 의 명물이자  전주 를 상징하고 있는 덕진공원  전주여행 의 필수코스 이다 덕진호수 한가운데를 현수교와 연꽃이 양분하고 잇어 아름다운 덕진연못이다  전주     ,  전주여행   이씨 조선의 본향인  전주 의 자랑거리 덕진연못의 연꽃  전주  덕진공원 이씨 조선의 본향인  전주 의 명물이자  전주 를 상징하고 있는 덕진공원  전주여행 의 필수코스 이다 덕진호수 한가운데를 현수교와 연꽃이 양분하고 잇어 아름다운 덕진연못이다  전주     
전주 여행,69,광주출발  당신이 놓치지 말아야 할  여행 지 5곳,각 지역의 특색과  여행  팁을 함께 살펴보세요  1   전주   한옥마을의 매력  전주 는 광주에서 차로 약 1시간 거리에 위치해 있습니다   전주  한옥마을은 한국 전통 가옥의 아름다움을 느낄 수 있는 장소로  많은    ,광주출발  당신이 놓치지 말아야 할  여행 지 5곳 각 지역의 특색과  여행  팁을 함께 살펴보세요  1   전주   한옥마을의 매력  전주 는 광주에서 차로 약 1시간 거리에 위치해 있습니다   전주  한옥마을은 한국 전통 가옥의 아름다움을 느낄 수 있는 장소로  많은    
전주 여행,70,  전주여행    전주  한옥마을  대한민국 대표  여행 지,com 15815131   전주여행    전주  난장 박물관   전주  한옥마을의 이색적인 옛날 볼거리 생일을 맞은 손자들과  전주  한옥마을에서 신나게 하루를 보냈다점심을  전주  한옥마을에서 제일 유명한 먹거리인 물갈비로    ,  전주여행    전주  한옥마을  대한민국 대표  여행 지 com 15815131   전주여행    전주  난장 박물관   전주  한옥마을의 이색적인 옛날 볼거리 생일을 맞은 손자들과  전주  한옥마을에서 신나게 하루를 보냈다점심을  전주  한옥마을에서 제일 유명한 먹거리인 물갈비로    
전주 여행,71, 전주 홈페이지제작   해외 여행   골프투어 전문  여행 사 온라인 견적문    ,com  하나단독투어   하나투어 공식인증 예약센터  해외 여행   단체 여행   하나투어   전주여행 사 하나단독투어  주 글로벌투어   하나투어 공식인증 예약센터  해외 여행   단체 여행   하나투어   전주여행 사    , 전주 홈페이지제작   해외 여행   골프투어 전문  여행 사 온라인 견적문     com  하나단독투어   하나투어 공식인증 예약센터  해외 여행   단체 여행   하나투어   전주여행 사 하나단독투어  주 글로벌투어   하나투어 공식인증 예약센터  해외 여행   단체 여행   하나투어   전주여행 사    
전주 여행,72,  전주여행   정월 대보름 공연 전북 달맞이 굿 good   보러가세,보러가세 음식의 고장 이자 한옥마을의 고장인  전주 의 한복판을 흐르고 있는  전주 천 통일광장    net y2k2041 15812600  임실 여행   가장 한국적인 신명나는 축제 필봉마을 정월대보름굿 정월대보름날 일년에    ,  전주여행   정월 대보름 공연 전북 달맞이 굿 good   보러가세 보러가세 음식의 고장 이자 한옥마을의 고장인  전주 의 한복판을 흐르고 있는  전주 천 통일광장    net y2k2041 15812600  임실 여행   가장 한국적인 신명나는 축제 필봉마을 정월대보름굿 정월대보름날 일년에    
전주 여행,73,  전주여행  지구촌 모자들은 모두 이곳에 이색 박물관  루이엘 모자    , 전주 한옥마을  여행 에서 모자박물관도 구경하여 보자  전주  한옥마을 서쪽 끝자락엔 루이엘모자박물관과 추억박물관 있다 별별 박물관도 다 있다 두 박물관 구경거리가 많아 좋다 입장료 3 000원이면 두 박물관을    ,  전주여행  지구촌 모자들은 모두 이곳에 이색 박물관  루이엘 모자      전주 한옥마을  여행 에서 모자박물관도 구경하여 보자  전주  한옥마을 서쪽 끝자락엔 루이엘모자박물관과 추억박물관 있다 별별 박물관도 다 있다 두 박물관 구경거리가 많아 좋다 입장료 3 000원이면 두 박물관을    
전주 여행,74,  전주여행   전동성당에서,지란지교를 꿈꾸며  전주 를 달려간 친구들과 약속시간은 오후 5시 한시간 틈새  여행 을 전동성당으로 향하는데 1월31일 수요일 오후 성당에 행사가 있어 관계자 외 차량 출임도 금하지만 꼬까 한복을 입은    ,  전주여행   전동성당에서 지란지교를 꿈꾸며  전주 를 달려간 친구들과 약속시간은 오후 5시 한시간 틈새  여행 을 전동성당으로 향하는데 1월31일 수요일 오후 성당에 행사가 있어 관계자 외 차량 출임도 금하지만 꼬까 한복을 입은    
전주 여행,75, 전주   여행 가, 여행 가   https   blog naver com allga79 전화번호   063 231 3040 도로명    전주 시 완산구 은행로 74 11 지번    전주 시 완산구 교동 91 5 장점    전주 숙박업에서 못보던 샤워타월과 빗  화장용 거울  큰 비누  폼클렌징이 있음    , 전주   여행 가  여행 가   https   blog naver com allga79 전화번호   063 231 3040 도로명    전주 시 완산구 은행로 74 11 지번    전주 시 완산구 교동 91 5 장점    전주 숙박업에서 못보던 샤워타월과 빗  화장용 거울  큰 비누  폼클렌징이 있음    
전주 여행,76,  전주 역 1년 안에 꼭 가보아야 하는 아시아  여행 명소 3위  전주여행 은    , 전주 역  전주 KTX역  전주 한옥마을등  전주여행 은  전주 역에서 부터 시작된다  전주 답게  전주 역사도 한옥마을 이다  전주 역 광장에 나오면 한복입고 부채들고 서 있는 예쁜 아가씨가 관광객들을 반겨준다  전주 역    ,  전주 역 1년 안에 꼭 가보아야 하는 아시아  여행 명소 3위  전주여행 은      전주 역  전주 KTX역  전주 한옥마을등  전주여행 은  전주 역에서 부터 시작된다  전주 답게  전주 역사도 한옥마을 이다  전주 역 광장에 나오면 한복입고 부채들고 서 있는 예쁜 아가씨가 관광객들을 반겨준다  전주 역    
전주 여행,77, 전주 가볼만한곳  전주 난장 테마박물관 7080 감수성이 있는곳,06 00  전주여행 에서 이번에 들린 곳은 전북 유일의 테마박물관이며 7080 감수성을 그대로 재현해 낸 곳입니다  요즘 어딜가나 7080 을 내세우고 있는 장소가 많이 있지만 특히 이곳  전주 난장은 그대의 그 감성을    , 전주 가볼만한곳  전주 난장 테마박물관 7080 감수성이 있는곳 06 00  전주여행 에서 이번에 들린 곳은 전북 유일의 테마박물관이며 7080 감수성을 그대로 재현해 낸 곳입니다  요즘 어딜가나 7080 을 내세우고 있는 장소가 많이 있지만 특히 이곳  전주 난장은 그대의 그 감성을    
전주 여행,78, 전주  한옥마을  한울밥상  맛집 오짱  한벽터널, 전주 여행 기 한울밥상   오짱   한벽터널  전주 는 맛과 멋이 공존하는 도시라 늘 기대가 됩니다  이번  여행 은 조금 특별했는데  원래는 한옥마을 안쪽 맛집을 갈 계획이었지만  우연히 들른 가게 사장님의    , 전주  한옥마을  한울밥상  맛집 오짱  한벽터널  전주 여행 기 한울밥상   오짱   한벽터널  전주 는 맛과 멋이 공존하는 도시라 늘 기대가 됩니다  이번  여행 은 조금 특별했는데  원래는 한옥마을 안쪽 맛집을 갈 계획이었지만  우연히 들른 가게 사장님의    
전주 여행,79, 전주  하숙영가마솥비빔밥 된장찌개와 비빔밥의 잘 어울리는 조합, 전주 맛집 투어 하숙영비빔밥 방문 오래전 다녀온  전주여행 에서 못 먹고 온 음식이 하나 있다면  비빔밥 이었다  이번에는 꼭 먹어보고 와야지 하는 생각에  전주 의 수많은 비빔밥가게를 검색하던 중 눈에    , 전주  하숙영가마솥비빔밥 된장찌개와 비빔밥의 잘 어울리는 조합  전주 맛집 투어 하숙영비빔밥 방문 오래전 다녀온  전주여행 에서 못 먹고 온 음식이 하나 있다면  비빔밥 이었다  이번에는 꼭 먹어보고 와야지 하는 생각에  전주 의 수많은 비빔밥가게를 검색하던 중 눈에    
전주 여행,80, 전주 여행  예정   럴럴럴 월드,티스토리 뷰 Diary  전주 여행  예정 랄랄라 lalalabro 2018 03 27 11 36 Let s Go  전주  2018 3 30 4 2  전주  막걸리  여행   안주 낮에는 한옥마을 밤에는 막걸리골목 얼마전  생생정보를 보다가   전주  막걸리    , 전주 여행  예정   럴럴럴 월드 티스토리 뷰 Diary  전주 여행  예정 랄랄라 lalalabro 2018 03 27 11 36 Let s Go  전주  2018 3 30 4 2  전주  막걸리  여행   안주 낮에는 한옥마을 밤에는 막걸리골목 얼마전  생생정보를 보다가   전주  막걸리    
전주 여행,81, 알라딘서재 언제라도  전주 , 전주 여행 을 계획하고 계신 분들  따듯한 위로를 책에서 받고 싶은 분들이 있다면 한 번 꼭 읽어보시길 권유해본다  그저 그런  여행 서가 아니다  가슴이 따뜻해지는 에세이같은  여행 서다  핵심 포인트 1  꼭 목차    , 알라딘서재 언제라도  전주   전주 여행 을 계획하고 계신 분들  따듯한 위로를 책에서 받고 싶은 분들이 있다면 한 번 꼭 읽어보시길 권유해본다  그저 그런  여행 서가 아니다  가슴이 따뜻해지는 에세이같은  여행 서다  핵심 포인트 1  꼭 목차    
전주 여행,82, 알라딘서재  생생리뷰 아는동네 아는 전주 ,그리고 친구의 입에서  그럼   전주 로 가자 라는 회신을 듣고 싶다   아는동네아는 전주    전주여행   어반플레이  urbanplay  아는동네  아는동네매거진 그럼  전주 로 가자, 알라딘서재  생생리뷰 아는동네 아는 전주  그리고 친구의 입에서  그럼   전주 로 가자 라는 회신을 듣고 싶다   아는동네아는 전주    전주여행   어반플레이  urbanplay  아는동네  아는동네매거진 그럼  전주 로 가자
전주 여행,83, 알라딘서재  전주 시집, 전주여행 을 계획하고는 있었지만  도대체 그곳에 가서 무엇을 보고 무엇을 해야   여행  잘했다  는 생각이 들지 몰랐는데  전주 엔 내가 알고 있는 것보다 많은 것들이 있구나 싶었다  진짜 한국을 느낄 수 있는    , 알라딘서재  전주 시집  전주여행 을 계획하고는 있었지만  도대체 그곳에 가서 무엇을 보고 무엇을 해야   여행  잘했다  는 생각이 들지 몰랐는데  전주 엔 내가 알고 있는 것보다 많은 것들이 있구나 싶었다  진짜 한국을 느낄 수 있는    
전주 여행,84, 알라딘서재 조용하면서도 다양한 매력의 로컬  여행  가이드  소도시    ,소도시트래블 완주   소도시트래블 맛조이코리아 편집부 지음   맛조이코리아   2022년 11월 평점   품절 얼마 전  전주 여행 을 다녀왔는데 소도시트래블 완주편을 보고 조금만 빨리 알았으면 정말 좋았겠다는    , 알라딘서재 조용하면서도 다양한 매력의 로컬  여행  가이드  소도시     소도시트래블 완주   소도시트래블 맛조이코리아 편집부 지음   맛조이코리아   2022년 11월 평점   품절 얼마 전  전주 여행 을 다녀왔는데 소도시트래블 완주편을 보고 조금만 빨리 알았으면 정말 좋았겠다는    
전주 여행,85, 전주  맛집 추천 리스트, 전주여행 을 해본게 엊그제 같은데 벌써 3년이 지났네요  지인과 함께 1박2일  전주 먹방 여행 을 다녀왔습니다   전주 맛집 조점례 남문피순대  전주 역에서 남부시장까지 한 30분정도  시장에 도착하니 시장의    , 전주  맛집 추천 리스트  전주여행 을 해본게 엊그제 같은데 벌써 3년이 지났네요  지인과 함께 1박2일  전주 먹방 여행 을 다녀왔습니다   전주 맛집 조점례 남문피순대  전주 역에서 남부시장까지 한 30분정도  시장에 도착하니 시장의    
전주 여행,86, 알라딘서재 오렌지캬라멜 청춘 여행 ,그런 생각을 갖고 있던 중 급 떠나게 된  전주여행    서울에 있는곳은 언제든지 갈 수 있기에  전주  한옥마을로  여행 을 갔다왔다  오렌지 카라멜의  여행  경로를 따라 한옥도 구경하고  한복입고 하는 전통체험은    , 알라딘서재 오렌지캬라멜 청춘 여행  그런 생각을 갖고 있던 중 급 떠나게 된  전주여행    서울에 있는곳은 언제든지 갈 수 있기에  전주  한옥마을로  여행 을 갔다왔다  오렌지 카라멜의  여행  경로를 따라 한옥도 구경하고  한복입고 하는 전통체험은    
전주 여행,87, 전주여행  콩나물국밥의 명가 160여 점포의 프렌차이즈  전주 맛집 현    , 전주여행  콩나물국밥의 명가 160여 점포의 프렌차이즈  전주 맛집 현대옥 전라북도  전주 는 콩나물국밥의 발생지로 유명한 콩나물국밥집이 많아 맛객들의 발길이 끊이지 않는 곳이다 특히 현대옥은 1세대인    , 전주여행  콩나물국밥의 명가 160여 점포의 프렌차이즈  전주 맛집 현      전주여행  콩나물국밥의 명가 160여 점포의 프렌차이즈  전주 맛집 현대옥 전라북도  전주 는 콩나물국밥의 발생지로 유명한 콩나물국밥집이 많아 맛객들의 발길이 끊이지 않는 곳이다 특히 현대옥은 1세대인    
전주 여행,88, 오감만족  전주  완주 여행  대한민국술테마박물관과 연꽃명소 덕진공    ,완주 여행 과  전주여행  그리고 전북 여행 에서 꼭 들려보아야할 필수 여행 코스가 바로 완주군 구이면에 있는 대한민국술테마박물관이다 2015년 10월에 개관한 대한민국술테미박물관 대만족 완주 여행  술테마박물관    , 오감만족  전주  완주 여행  대한민국술테마박물관과 연꽃명소 덕진공     완주 여행 과  전주여행  그리고 전북 여행 에서 꼭 들려보아야할 필수 여행 코스가 바로 완주군 구이면에 있는 대한민국술테마박물관이다 2015년 10월에 개관한 대한민국술테미박물관 대만족 완주 여행  술테마박물관    
전주 여행,89,  전주여행   퇴근 후 1박 2일  전주여행  1 ,  전주  1박 2일  여행    객리단길  한옥마을   완주 소양 1박 2일이라고는 하지만 퇴근 후 저녁에 출발 하루 연차 스케줄로 굉장히 짧은 일정이다  사실  전주 를 놀러 간 게 아니라 개인 일을 보러 가면서 당일치기로    ,  전주여행   퇴근 후 1박 2일  전주여행  1    전주  1박 2일  여행    객리단길  한옥마을   완주 소양 1박 2일이라고는 하지만 퇴근 후 저녁에 출발 하루 연차 스케줄로 굉장히 짧은 일정이다  사실  전주 를 놀러 간 게 아니라 개인 일을 보러 가면서 당일치기로    
전주 여행,90, 전주 맛집 조점례남문피순대  전주  가면 꼭 들려볼 곳으로 추천,11월 가을  전주  1박 2일  여행 에서 만난 음식들  피순대국밥 짧은 가을이 아쉬워 떠난  전주여행 에서 가을풍경도 기대했지만 그 보다 더 기대했던 것은 예전에 맛있게 먹었던 음식을 오랜만에 맛볼 수 있는    , 전주 맛집 조점례남문피순대  전주  가면 꼭 들려볼 곳으로 추천 11월 가을  전주  1박 2일  여행 에서 만난 음식들  피순대국밥 짧은 가을이 아쉬워 떠난  전주여행 에서 가을풍경도 기대했지만 그 보다 더 기대했던 것은 예전에 맛있게 먹었던 음식을 오랜만에 맛볼 수 있는    
전주 여행,91,군산  전주여행  5     전주  한옥마을은 낭만이 흘렀다,군산에서의  여행 을 마치고는  전주 로 오게 된다 물론 군산의 볼거리를 모두 본것은 아니다 그러나 짧은 1박2일 일정이기에  전주 로 오게 된 것이다 우선 숙소인 호텔 르윈   LE WIN  에 짐을 풀고는 바로 호텔    ,군산  전주여행  5     전주  한옥마을은 낭만이 흘렀다 군산에서의  여행 을 마치고는  전주 로 오게 된다 물론 군산의 볼거리를 모두 본것은 아니다 그러나 짧은 1박2일 일정이기에  전주 로 오게 된 것이다 우선 숙소인 호텔 르윈   LE WIN  에 짐을 풀고는 바로 호텔    
전주 여행,92,군산  전주여행  2    국내 유일의 일본식 사찰  동국사 를 탐방하다,피어 있었다 동국사 대웅전 뒷편은 울창한 대나무 숲으로 이뤄져 있었다 싱그럽기 이를데 없는 대나무가 나를 압도 했다 일본식의 동국사를 관람하고는 다음  여행 지 군산근대역사박물관으로 향하게 되었다,군산  전주여행  2    국내 유일의 일본식 사찰  동국사 를 탐방하다 피어 있었다 동국사 대웅전 뒷편은 울창한 대나무 숲으로 이뤄져 있었다 싱그럽기 이를데 없는 대나무가 나를 압도 했다 일본식의 동국사를 관람하고는 다음  여행 지 군산근대역사박물관으로 향하게 되었다
전주 여행,93, 전주 여행   전주 시외버스터미널 시간표,01 00  전주 여행   전주 시외버스터미널 시간표  전주여행 의 시작  전주 시외버스터미널 시간표  전주 시외버스공용터미널 전화번호   1688 1745 전북  전주 시 덕진구 금암동 705 10  전주 에서 서울남부터미널   전주 에서    , 전주 여행   전주 시외버스터미널 시간표 01 00  전주 여행   전주 시외버스터미널 시간표  전주여행 의 시작  전주 시외버스터미널 시간표  전주 시외버스공용터미널 전화번호   1688 1745 전북  전주 시 덕진구 금암동 705 10  전주 에서 서울남부터미널   전주 에서    
전주 여행,94,1박2일 전주여행  비빔밥전문점  전주 가족회관  전주 비빔밥체험   전주     ,1박2일 전주여행  비빔밥전문점  전주 가족회관  전주 비빔밥체험   전주 맛집  전주 가볼만한곳  맛의 도시  전주여행 에 빠트릴수 없는 한가지가  전주 비빔밥체험이 아닐가 싶다  전주 비빔밥축제가 열릴만큼  전주 를    ,1박2일 전주여행  비빔밥전문점  전주 가족회관  전주 비빔밥체험   전주      1박2일 전주여행  비빔밥전문점  전주 가족회관  전주 비빔밥체험   전주 맛집  전주 가볼만한곳  맛의 도시  전주여행 에 빠트릴수 없는 한가지가  전주 비빔밥체험이 아닐가 싶다  전주 비빔밥축제가 열릴만큼  전주 를    
전주 여행,95,  전주여행   퇴근 후 1박 2일  전주여행  3 ,짤 때 포함하기 부담스러울 수 있다 하지만     만족하지 않은 사람이 없는 승률 100  장소로 방문을 진심으로 추천한다   전주 보다 위쪽에 있어 올라가는 길이니까 제발요      짧았지만 알찬  전주 여행  끝 ,  전주여행   퇴근 후 1박 2일  전주여행  3  짤 때 포함하기 부담스러울 수 있다 하지만     만족하지 않은 사람이 없는 승률 100  장소로 방문을 진심으로 추천한다   전주 보다 위쪽에 있어 올라가는 길이니까 제발요      짧았지만 알찬  전주 여행  끝 
전주 여행,96, 전주  도서관  여행     전주  이색  여행  프로그램    Moon ,도서관  여행    전주  기록문화의 뿌리인  전주  한지를 체험 다가 여행 자도서관  10 00   11 00    한옥마을도서관  11 20   14 00   중식    동문헌책도서관  14 20   15 20   도보     전주 천년한지관   한지체험    , 전주  도서관  여행     전주  이색  여행  프로그램    Moon  도서관  여행    전주  기록문화의 뿌리인  전주  한지를 체험 다가 여행 자도서관  10 00   11 00    한옥마을도서관  11 20   14 00   중식    동문헌책도서관  14 20   15 20   도보     전주 천년한지관   한지체험    
전주 여행,97, 알라딘서재  전주 야  놀자,내가  전주  예찬론자가 된 이유 중에 하나는  전주 의 맛 때문이다  음식은 역시  전라도   저렴한 가격에     전주 하면 비빔밥이지만   우리는 꼭 한옥마을 근처에 있는 반야돌솥밥에 간다  갓지은 돌솥밥    집간장에    , 알라딘서재  전주 야  놀자 내가  전주  예찬론자가 된 이유 중에 하나는  전주 의 맛 때문이다  음식은 역시  전라도   저렴한 가격에     전주 하면 비빔밥이지만   우리는 꼭 한옥마을 근처에 있는 반야돌솥밥에 간다  갓지은 돌솥밥    집간장에    
전주 여행,98,  전주여행   이번주말  전주 의 명물 덕진공원의 연꽃축제와 연꽃촬영    ,함께  전주여행 코스에서 빠트릴수 없는 필수  여행 코스 이다 모처럼 휴가차 들린 아들이 그래도 명색이 여름휴가 인데 서울의 엄마 누나 조카  전주 의 누나와 조카만 만나보고 강원도로 또다시 훌쩍 떠나는게    ,  전주여행   이번주말  전주 의 명물 덕진공원의 연꽃축제와 연꽃촬영     함께  전주여행 코스에서 빠트릴수 없는 필수  여행 코스 이다 모처럼 휴가차 들린 아들이 그래도 명색이 여름휴가 인데 서울의 엄마 누나 조카  전주 의 누나와 조카만 만나보고 강원도로 또다시 훌쩍 떠나는게    
전주 여행,99,  전주여행    전주  한옥마을에서 느끼는 정감, 전주 한옥생활체험관 대문이 보인다  방 안의 풍경이 마치 옛날로 돌아가 시간 여행 을 하는 듯 하다  모두 정겨운 물건 들이다  방 안의 냉장고와 쓰레기통만 요즘의 물건이다  대나무를 길게 가로질러 옷걸이로    ,  전주여행    전주  한옥마을에서 느끼는 정감  전주 한옥생활체험관 대문이 보인다  방 안의 풍경이 마치 옛날로 돌아가 시간 여행 을 하는 듯 하다  모두 정겨운 물건 들이다  방 안의 냉장고와 쓰레기통만 요즘의 물건이다  대나무를 길게 가로질러 옷걸이로    
전주 여행,100, 전주여행  카페이르리 메뉴판, 전주 한옥마을을 돌아다니가가 수다떨겸 쉴겸 방문하였던 이르리 카페입니다  외관에 비해 내부가     전주  카페 이르리  네이버 지도  카페이르리 전북  전주 시 완산구 은행로 69  교동  http   naver me FqlI7l3r    , 전주여행  카페이르리 메뉴판  전주 한옥마을을 돌아다니가가 수다떨겸 쉴겸 방문하였던 이르리 카페입니다  외관에 비해 내부가     전주  카페 이르리  네이버 지도  카페이르리 전북  전주 시 완산구 은행로 69  교동  http   naver me FqlI7l3r    
전주 여행,101,  전주여행    전주 한옥마을  아카 갤러리카페  Jeonju Hanok Village  AKA Galle    ,  전주여행    전주 한옥마을  아카 갤러리카페  전주 한옥마을  Jeonju Hanok Village  AKA Gallery Cafe 적당한 여유로움을 즐기는 아침  하지만 이제는 사라진 카페        햇살이 따사로운  전주 의 아침이다  적당히 허기를    ,  전주여행    전주 한옥마을  아카 갤러리카페  Jeonju Hanok Village  AKA Galle       전주여행    전주 한옥마을  아카 갤러리카페  전주 한옥마을  Jeonju Hanok Village  AKA Gallery Cafe 적당한 여유로움을 즐기는 아침  하지만 이제는 사라진 카페        햇살이 따사로운  전주 의 아침이다  적당히 허기를    
전주 여행,102, 전주여행  날씨 1번째   전주 고속버스공용터미널,이번주 수요일 휴강이라서 갑자기  여행  뽐뿌와서 아침에 헬스 가고 고속버스를 탑승 하고  전주 로 갔다  평일이라서 사람이 없어서 혼자 우등고속을 이용하듯이 여유와 넉넉한 자리를 누리면서 편하게 갔다     , 전주여행  날씨 1번째   전주 고속버스공용터미널 이번주 수요일 휴강이라서 갑자기  여행  뽐뿌와서 아침에 헬스 가고 고속버스를 탑승 하고  전주 로 갔다  평일이라서 사람이 없어서 혼자 우등고속을 이용하듯이 여유와 넉넉한 자리를 누리면서 편하게 갔다     
전주 여행,103,신나는 예술 여행   전주 평화 한국전통무용블로그,신나는 예술 여행  임대주택 순회사업  전국의 임대주택단지에 양질의 주민참여형 문화예술프로그램을 보급하는 사업입니다  김영아전통예술단의  추억의 품바   전주  평화주공아파트에서의 2차공연 화선무    ,신나는 예술 여행   전주 평화 한국전통무용블로그 신나는 예술 여행  임대주택 순회사업  전국의 임대주택단지에 양질의 주민참여형 문화예술프로그램을 보급하는 사업입니다  김영아전통예술단의  추억의 품바   전주  평화주공아파트에서의 2차공연 화선무    
전주 여행,104, 전주  당일치기  여행  한옥마을 나들이,외할머니 솜씨  단팥죽과 팥빙수가 유명합니다  3  한지로 만든 부채 4  꿀타래  간단한 먹거리  5  술 좋아하시는 분들은  전주  막걸리 즐거운  전주 여행  되시길 빌게요  , 전주  당일치기  여행  한옥마을 나들이 외할머니 솜씨  단팥죽과 팥빙수가 유명합니다  3  한지로 만든 부채 4  꿀타래  간단한 먹거리  5  술 좋아하시는 분들은  전주  막걸리 즐거운  전주 여행  되시길 빌게요  
전주 여행,105,  전주여행   또다시  전주 행 ,2017년 11월 L님의 결혼식을 방문하기 위하여  전주 행    가는길도 울긋불긋 단풍이 들어 예쁜 풍경이 가득했다  또다시  전주 행 오랜만에 본 얼굴들이 많았다 항상 보는 얼굴들도 많고 행복을 빌며  전주 행 끗 ,  전주여행   또다시  전주 행  2017년 11월 L님의 결혼식을 방문하기 위하여  전주 행    가는길도 울긋불긋 단풍이 들어 예쁜 풍경이 가득했다  또다시  전주 행 오랜만에 본 얼굴들이 많았다 항상 보는 얼굴들도 많고 행복을 빌며  전주 행 끗 
전주 여행,106,  전주여행   낭만적인  전주 의 밤  cafe Dal STORY  카페 달이야기  전주 한    ,  전주여행   낭만적인  전주 의 밤  cafe Dal STORY  전주 카페  전주 한옥마을 Jeonju Hanok Village cafe Dal STORY 카페 달이야기 063 288 8886 전북  전주 시 완산구 최명희길 20  풍남동3가 47 3   전주 에 도착한 밤  늦은 저녁을    ,  전주여행   낭만적인  전주 의 밤  cafe Dal STORY  카페 달이야기  전주 한       전주여행   낭만적인  전주 의 밤  cafe Dal STORY  전주 카페  전주 한옥마을 Jeonju Hanok Village cafe Dal STORY 카페 달이야기 063 288 8886 전북  전주 시 완산구 최명희길 20  풍남동3가 47 3   전주 에 도착한 밤  늦은 저녁을    
전주 여행,107, 전주 여행 에서 만난 쵸코파이, 전주 여행 에서 만단 쵸코파이 좋네요  이쁘기도 하고 부드럽고 맛있네요  선물용으로도 괜찬하요   , 전주 여행 에서 만난 쵸코파이  전주 여행 에서 만단 쵸코파이 좋네요  이쁘기도 하고 부드럽고 맛있네요  선물용으로도 괜찬하요   
전주 여행,108, 여행 이좋다    전북 김제  전주  1박2일  여행     김제  전주  가볼만한곳     ,아래는 예전에 다녀온  전주여행 코스입니다  사실 이때 다녀온  여행 지들이  전주여행 계획 짜시는데는 더 도움이 될듯 싶습니다   전주  한옥마을을 비롯해서 다양한 관광지가 있으니  참고하시면 되겠습니다    , 여행 이좋다    전북 김제  전주  1박2일  여행     김제  전주  가볼만한곳      아래는 예전에 다녀온  전주여행 코스입니다  사실 이때 다녀온  여행 지들이  전주여행 계획 짜시는데는 더 도움이 될듯 싶습니다   전주  한옥마을을 비롯해서 다양한 관광지가 있으니  참고하시면 되겠습니다    
전주 여행,109, 알라딘서재  전주 여행 이 더 즐거워지는  여행 책, 전주 여행  레시피   Happy Travel 1 김주미 지음   즐거운상상   2013년 9월 평점   구판절판 지난 주말에 다녀온  전주여행    여행 을 더욱 즐겁게 만들어준  여행 책이 바로   전주여행  레시피 이다  책에 나온 명소도    , 알라딘서재  전주 여행 이 더 즐거워지는  여행 책  전주 여행  레시피   Happy Travel 1 김주미 지음   즐거운상상   2013년 9월 평점   구판절판 지난 주말에 다녀온  전주여행    여행 을 더욱 즐겁게 만들어준  여행 책이 바로   전주여행  레시피 이다  책에 나온 명소도    
전주 여행,110,살을 에는  전주여행   10    한옥마을  그리고 경기전 ,살을 에는  전주여행   10    한옥마을  그리고 경기전  2011 02 17 06 48 Hobby  여행  Journey  글 작성자  레이니아 https   www chamchamtrip com  광고 누구나 즐거운 농촌 여행  참참 단체 숙박부터 이색 체험까지 완비     ,살을 에는  전주여행   10    한옥마을  그리고 경기전  살을 에는  전주여행   10    한옥마을  그리고 경기전  2011 02 17 06 48 Hobby  여행  Journey  글 작성자  레이니아 https   www chamchamtrip com  광고 누구나 즐거운 농촌 여행  참참 단체 숙박부터 이색 체험까지 완비     
전주 여행,111, 여행 이좋다    광장식당     전주 시 오래된 맛집  전주  먹을거리 백반    , 전주 시 오래된 맛집  전주  먹을거리 백반집 추천 광장식당 이번  전주여행 에서 마지막으로 방문한 광장식당입니다  이곳 광장식당은  전주 시청 근처에 있는 백반집으로  오랫동안 사랑받는  전주 시 맛집 중    , 여행 이좋다    광장식당     전주 시 오래된 맛집  전주  먹을거리 백반      전주 시 오래된 맛집  전주  먹을거리 백반집 추천 광장식당 이번  전주여행 에서 마지막으로 방문한 광장식당입니다  이곳 광장식당은  전주 시청 근처에 있는 백반집으로  오랫동안 사랑받는  전주 시 맛집 중    
전주 여행,112,전라북도  전주  남부시장과 남부시장 야시장 먹거리  여행 , 전주 남부시장은  전주  한옥마을과 가까이 있어서 한옥마을을 들리고 주말야간이면 많은 사람들이 찾고 있는  전주 여행 명소 중 하나이다  특히 금 토요일에만 열리는 남부시장 야시장은 삼겹살 김밥  소고기    ,전라북도  전주  남부시장과 남부시장 야시장 먹거리  여행   전주 남부시장은  전주  한옥마을과 가까이 있어서 한옥마을을 들리고 주말야간이면 많은 사람들이 찾고 있는  전주 여행 명소 중 하나이다  특히 금 토요일에만 열리는 남부시장 야시장은 삼겹살 김밥  소고기    
전주 여행,113,  바람짝  여행  맛집   전주 시   백반 한정식 전문 한국식당    ,  바람짝  여행  맛집   전주 시   백반 한정식 전문 한국식당      일시   2012 03 04 일   작성자   바람짝  글춤요리사   전주 지역의 맛집 탐방을 하였습니다  착한가격  지인들의 입소문을 통하여 알게 된    ,  바람짝  여행  맛집   전주 시   백반 한정식 전문 한국식당       바람짝  여행  맛집   전주 시   백반 한정식 전문 한국식당      일시   2012 03 04 일   작성자   바람짝  글춤요리사   전주 지역의 맛집 탐방을 하였습니다  착한가격  지인들의 입소문을 통하여 알게 된    
전주 여행,114,6월  전주 여행  2박 3일  서울의 밤  오리과자점  객사  한옥마을   전주     , 6월  전주 여행  2박 3일  서울의 밤  오리과자점  객사  한옥마을   전주 일몽  남노갈비  고자루  퇴근하고 바로  전주 행 광주에서  전주 까지 한시간 반   비가 올락말락한데 우산이없어서 불안불안   친구만나서 숙소    ,6월  전주 여행  2박 3일  서울의 밤  오리과자점  객사  한옥마을   전주       6월  전주 여행  2박 3일  서울의 밤  오리과자점  객사  한옥마을   전주 일몽  남노갈비  고자루  퇴근하고 바로  전주 행 광주에서  전주 까지 한시간 반   비가 올락말락한데 우산이없어서 불안불안   친구만나서 숙소    
전주 여행,115, 여행 이좋다     전주  전북 천리길  전주  한옥마을 둘레길, 전주 를 포함해서 전라북도 각지의 볼거리 먹거리를 한 달 동안 체험한 것이어서  전주  혹은 전북  여행 을 계획하는 분이라면 도움이 될만한 후기입니다  전라북도 한달살기 후기 전북  여행  30일 요약 정리    , 여행 이좋다     전주  전북 천리길  전주  한옥마을 둘레길  전주 를 포함해서 전라북도 각지의 볼거리 먹거리를 한 달 동안 체험한 것이어서  전주  혹은 전북  여행 을 계획하는 분이라면 도움이 될만한 후기입니다  전라북도 한달살기 후기 전북  여행  30일 요약 정리    
전주 여행,116,여름에 떠난  전주여행  With Mom,  전주 한옥마을 주차장 정보 상세  전주 한옥마을 한옥마을소개  체험콘텐츠  문화공연행사  한옥마을사진  문화시설  문화시설유적지  이색 여행 공간 전통공예  생활공예  액세서리 예술공예  쓰고 그리고 체험    ,여름에 떠난  전주여행  With Mom   전주 한옥마을 주차장 정보 상세  전주 한옥마을 한옥마을소개  체험콘텐츠  문화공연행사  한옥마을사진  문화시설  문화시설유적지  이색 여행 공간 전통공예  생활공예  액세서리 예술공예  쓰고 그리고 체험    
전주 여행,117, 전주 여행    전주 생선구이본가 조기매운탕, 전주 여행 도 할 겸  겸사겸사 갔다  도착해서 조기매운탕이 너무 먹고 싶어서 검색해서 찾아간 곳   전주 생선구이본가 바로 맞은 편이 주차장  아주 좋구먼 식사 때가 아니라 널널하다  실내도 단정하고 깨끗하다     , 전주 여행    전주 생선구이본가 조기매운탕  전주 여행 도 할 겸  겸사겸사 갔다  도착해서 조기매운탕이 너무 먹고 싶어서 검색해서 찾아간 곳   전주 생선구이본가 바로 맞은 편이 주차장  아주 좋구먼 식사 때가 아니라 널널하다  실내도 단정하고 깨끗하다     
전주 여행,118, 전주여행 가면 꼭 가봐야할 곳  전주 비빔밥 맛집 가족회관 , 전주여행 하면 꼭 가봐야 할 곳  전주 비빔밥 맛집 가족회관  전주  상담하러 갔다가  전주 에 계신 팀원과 합류해서 저녁먹으러 간곳   전주 에 오면  전주 비빔밥 꼭 먹고 가야하는데 맛집을 추천해주셔서 고고씽    , 전주여행 가면 꼭 가봐야할 곳  전주 비빔밥 맛집 가족회관   전주여행 하면 꼭 가봐야 할 곳  전주 비빔밥 맛집 가족회관  전주  상담하러 갔다가  전주 에 계신 팀원과 합류해서 저녁먹으러 간곳   전주 에 오면  전주 비빔밥 꼭 먹고 가야하는데 맛집을 추천해주셔서 고고씽    
전주 여행,119,1박2일  전주여행  1일차  2020 08 22 23 ,2일  전주여행 을 다녀왔다  마이산 휴게소에서 마이산 배경으로    덕진공원에서    연꽃이 피었을 때 가면 좋았을 텐데 연꽃이 다져서 아쉬웠다  예약한  전주 영화호텔에 체크인하고  전주 맛집인 한국집에서    ,1박2일  전주여행  1일차  2020 08 22 23  2일  전주여행 을 다녀왔다  마이산 휴게소에서 마이산 배경으로    덕진공원에서    연꽃이 피었을 때 가면 좋았을 텐데 연꽃이 다져서 아쉬웠다  예약한  전주 영화호텔에 체크인하고  전주 맛집인 한국집에서    
전주 여행,120,  전주여행   브런치가 먹고 싶어 찾아간 예쁜 카페  투리스타  turista , 전주여행  마지막날 오전부터 브런치가 너무 먹고 싶었다 아쉽게도  전주 엔 브런치 카페가 거의 없었으나   폭풍 검색으로 찾아낸  전주  브런치 카페 투리스타 한옥마을 근처  호텔 아래 붙어있는 한적한 카페다    ,  전주여행   브런치가 먹고 싶어 찾아간 예쁜 카페  투리스타  turista   전주여행  마지막날 오전부터 브런치가 너무 먹고 싶었다 아쉽게도  전주 엔 브런치 카페가 거의 없었으나   폭풍 검색으로 찾아낸  전주  브런치 카페 투리스타 한옥마을 근처  호텔 아래 붙어있는 한적한 카페다    
전주 여행,121,171216 17  전주여행  ,국내 여행 기 171216 17  전주여행   네오엔 2018  1  7  10 11 간식사러 가는 길에 추억돋는 가게가 있어 구경 카카오 캐릭터 달고나 2개랑 불량식품 3개 사가지고 나왔다 여기서 완자꼬치랑 체다치즈 완자꼬치 사고    ,171216 17  전주여행   국내 여행 기 171216 17  전주여행   네오엔 2018  1  7  10 11 간식사러 가는 길에 추억돋는 가게가 있어 구경 카카오 캐릭터 달고나 2개랑 불량식품 3개 사가지고 나왔다 여기서 완자꼬치랑 체다치즈 완자꼬치 사고    
전주 여행,122,  전주 여행   전동성당  입장시간 ,오늘 소개할 곳은  전주  한옥마을  여행 에 빼놓을 수 없는 명소  전동성당입니다  너무 아름다운 모습을 하고 있구요  사적 제288호로도 지정되어 있다고도 합니다  그리고 입장시간도 있어 늦지 않게 다녀와야    ,  전주 여행   전동성당  입장시간  오늘 소개할 곳은  전주  한옥마을  여행 에 빼놓을 수 없는 명소  전동성당입니다  너무 아름다운 모습을 하고 있구요  사적 제288호로도 지정되어 있다고도 합니다  그리고 입장시간도 있어 늦지 않게 다녀와야    
전주 여행,123,  전주여행   풍년제과  수제초코파이  Poongnyun Bakery   PNB Bakery s Choco Pie    ,  전주여행    전주 에서 꼭 먹어봐야할 초코파이  풍년제과 Jeonju Hanok Village  PNB Bakery  Poongnyun Bakery in Jeonju si 우리밀로 만든 달달한 초코파이 어머  이건 꼭 먹어야해     전주 한옥마을에서 걷다보면 여럿 보이는    ,  전주여행   풍년제과  수제초코파이  Poongnyun Bakery   PNB Bakery s Choco Pie       전주여행    전주 에서 꼭 먹어봐야할 초코파이  풍년제과 Jeonju Hanok Village  PNB Bakery  Poongnyun Bakery in Jeonju si 우리밀로 만든 달달한 초코파이 어머  이건 꼭 먹어야해     전주 한옥마을에서 걷다보면 여럿 보이는    
전주 여행,124, 전주여행   전주  물 짜장 맛집  수정관  물짜장 깐풍육 강추, 전주 여행 가면 먹여줄께   하다  전주 를 오게되어 간 중화요리집입니다  인터넷에는 데프콘 이 먹었던 물짜장집으로 유명하더라고요  솔직히 물짜장  전주  어디든 먹어도 배신없이 맛있습니다  여긴    , 전주여행   전주  물 짜장 맛집  수정관  물짜장 깐풍육 강추  전주 여행 가면 먹여줄께   하다  전주 를 오게되어 간 중화요리집입니다  인터넷에는 데프콘 이 먹었던 물짜장집으로 유명하더라고요  솔직히 물짜장  전주  어디든 먹어도 배신없이 맛있습니다  여긴    
전주 여행,125,  전주여행   술한잔하기 딱 좋은 분위기  구일집   전주 맛집  전주 한옥    ,  전주여행   술한잔하기 딱 좋은 분위기  구일집 Jeonju Hanok Village 밥집인듯 술집인듯  일단 맛있으면 그걸로 충분하다     전주 한옥마을맛집 오목대에서 내려와 늦은 점심을 먹고자 이곳저곳 돌아다니다 발견한    ,  전주여행   술한잔하기 딱 좋은 분위기  구일집   전주 맛집  전주 한옥       전주여행   술한잔하기 딱 좋은 분위기  구일집 Jeonju Hanok Village 밥집인듯 술집인듯  일단 맛있으면 그걸로 충분하다     전주 한옥마을맛집 오목대에서 내려와 늦은 점심을 먹고자 이곳저곳 돌아다니다 발견한    
전주 여행,126,  전주 맛집  교동 시래청   시래기국밥 전문점   전주여행    전주 한옥마    ,  전주 맛집  교동 시래청   시래기국밥 전문점  전주여행    전주 한옥마을 맛집  전주 한옥마을  아침식사로 딱이었던 시래기국밥  전주 한옥마을에서의 아침  11시즘 되었던 시각인데  아침식사가 가능한 식당은 많지    ,  전주 맛집  교동 시래청   시래기국밥 전문점   전주여행    전주 한옥마       전주 맛집  교동 시래청   시래기국밥 전문점  전주여행    전주 한옥마을 맛집  전주 한옥마을  아침식사로 딱이었던 시래기국밥  전주 한옥마을에서의 아침  11시즘 되었던 시각인데  아침식사가 가능한 식당은 많지    
전주 여행,127, 알라딘서재  100자평   전주 여행  레시피, 전주 여행  레시피   Happy Travel 1 김주미 지음   즐거운상상   2013년 9월 평점   구판절판 처음 봤을때는 뭐가 되게 아기자기해서 기대했는데  직접 가보니  전주 가 되게 작은곳이라 편집이 너무 조잡하게    , 알라딘서재  100자평   전주 여행  레시피  전주 여행  레시피   Happy Travel 1 김주미 지음   즐거운상상   2013년 9월 평점   구판절판 처음 봤을때는 뭐가 되게 아기자기해서 기대했는데  직접 가보니  전주 가 되게 작은곳이라 편집이 너무 조잡하게    
전주 여행,128, 전주 맛집 전북도청 연남물갈비  전주여행 추천, 전주 에 맛집이 굉장히 많은데  전주여행  하면서 연남물갈비 먹으러 전북도청 근처로 갔다 산처럼 쌓인 물갈비 위에 태극기가 꽂혀있는게 너무 귀엽다 먹기 좋게 얇은 갈비가 올라가있는데 너무 부드럽고    , 전주 맛집 전북도청 연남물갈비  전주여행 추천  전주 에 맛집이 굉장히 많은데  전주여행  하면서 연남물갈비 먹으러 전북도청 근처로 갔다 산처럼 쌓인 물갈비 위에 태극기가 꽂혀있는게 너무 귀엽다 먹기 좋게 얇은 갈비가 올라가있는데 너무 부드럽고    
전주 여행,129, 여행 이좋다    삼백집     전주  먹거리 콩나물국밥 맛집   전주  오래된     , 한국인이 사랑하는 오래된 한식당 100선  농림수산식품부 한식재단 선정  그러면 맛있는  전주  먹거리 많이들 드시구요  좋은 추억 많이 남기는  전주여행  되시길 바라겠습니다 , 여행 이좋다    삼백집     전주  먹거리 콩나물국밥 맛집   전주  오래된       한국인이 사랑하는 오래된 한식당 100선  농림수산식품부 한식재단 선정  그러면 맛있는  전주  먹거리 많이들 드시구요  좋은 추억 많이 남기는  전주여행  되시길 바라겠습니다 
전주 여행,130, 여행  맛집 이야기,개인적으로  전주여행  가게된다면 농가레스토랑 다시 방문하고 싶은 곳이다   전주 맛집으로 추천해 드리는 메뉴  후식은 요렇게 깔끔하게 간단히 먹기  사실 반찬을 많이 먹어서 배가 엄청 불렀다  마음 같아서는    , 여행  맛집 이야기 개인적으로  전주여행  가게된다면 농가레스토랑 다시 방문하고 싶은 곳이다   전주 맛집으로 추천해 드리는 메뉴  후식은 요렇게 깔끔하게 간단히 먹기  사실 반찬을 많이 먹어서 배가 엄청 불렀다  마음 같아서는    
전주 여행,131,  전주여행   전주 한옥마을 여행 에서 들려보아야할  전주 산책코스  전주     ,볼일차  전주 에 왔다가 팔자에도 없는 보너스 시간이 와이투케이에게 주어지었다 와이투케이에게 주어진 시간은 달랑 1시간30분  전주 천 산책에 이 시간을 투자하기로 하고 롯대백화점 부근에서  전주 천으로    ,  전주여행   전주 한옥마을 여행 에서 들려보아야할  전주 산책코스  전주      볼일차  전주 에 왔다가 팔자에도 없는 보너스 시간이 와이투케이에게 주어지었다 와이투케이에게 주어진 시간은 달랑 1시간30분  전주 천 산책에 이 시간을 투자하기로 하고 롯대백화점 부근에서  전주 천으로    
전주 여행,132,  전주여행  친구   전주 에 와서 한옥마을만 보고 갈 텐가 한옥 레일바    , 전주 의 새로운 즐길거리  전주  한옥 레일바이크 사랑하는 연인과  전주  한옥마을에서 한복을 입고 데이트도 즐기고 다시 아중역에서 한옥 레일바이크도 같이 타 본다면 영원한 추억이 될것이다 대한믹  국    ,  전주여행  친구   전주 에 와서 한옥마을만 보고 갈 텐가 한옥 레일바      전주 의 새로운 즐길거리  전주  한옥 레일바이크 사랑하는 연인과  전주  한옥마을에서 한복을 입고 데이트도 즐기고 다시 아중역에서 한옥 레일바이크도 같이 타 본다면 영원한 추억이 될것이다 대한믹  국    
전주 여행,133,  전주여행   마전고분군이 있는 서부신시가지의 문학대공원,문화공간으로 조성되었다 고분군들이 모여있는곳이다  전주여행 에서 한반쯤은 들려봐야할 곳이다 공원으로 오르는 길이다 오른쪽에도 계단으로 되어있는 입구가 있다 바로 옆에 있는 이씨조선의  전주 이씨 문종    ,  전주여행   마전고분군이 있는 서부신시가지의 문학대공원 문화공간으로 조성되었다 고분군들이 모여있는곳이다  전주여행 에서 한반쯤은 들려봐야할 곳이다 공원으로 오르는 길이다 오른쪽에도 계단으로 되어있는 입구가 있다 바로 옆에 있는 이씨조선의  전주 이씨 문종    
전주 여행,134, 알라딘서재  100자평   전주 여행  레시피, 전주 여행  레시피   Happy Travel 1 김주미 지음   즐거운상상   2013년 9월 평점   구판절판  전주 여행  다녀오며 구입한 책  편집이 깔끔하고 보기에 좋다  굿 , 알라딘서재  100자평   전주 여행  레시피  전주 여행  레시피   Happy Travel 1 김주미 지음   즐거운상상   2013년 9월 평점   구판절판  전주 여행  다녀오며 구입한 책  편집이 깔끔하고 보기에 좋다  굿 
전주 여행,135,  전주여행  일제 강점기 아픈 역사의 흔적이 있는 역사 깊은 공원      , 전주  다가공원        전주  옛완산 의 오래된 역사 깊은 공원 그러나 슬픈 아픈 역사를 지니고 있는 공원 이다  전주 천을 끼고 우뚝 솟아있는 다가산 정상에 서면  전주 가 훤히 내려다 보이는 명단중의 명당    ,  전주여행  일제 강점기 아픈 역사의 흔적이 있는 역사 깊은 공원        전주  다가공원        전주  옛완산 의 오래된 역사 깊은 공원 그러나 슬픈 아픈 역사를 지니고 있는 공원 이다  전주 천을 끼고 우뚝 솟아있는 다가산 정상에 서면  전주 가 훤히 내려다 보이는 명단중의 명당    
전주 여행,136,  전주여행   후백제 견훤왕의 숨결을 느낄수 있는  전주  승암산의 동    ,조선왕조의 본향  전주  후백제의 도읍지  전주  후백제의 견훤왕이 숨결을 느낄수있는곳이 동고산성의 동고서 이다 완산  전주  이 그립군아 하고 유언을 남기고 죽었다는 견훤왕이  전주 에 도읍을 정하고 사고사    ,  전주여행   후백제 견훤왕의 숨결을 느낄수 있는  전주  승암산의 동     조선왕조의 본향  전주  후백제의 도읍지  전주  후백제의 견훤왕이 숨결을 느낄수있는곳이 동고산성의 동고서 이다 완산  전주  이 그립군아 하고 유언을 남기고 죽었다는 견훤왕이  전주 에 도읍을 정하고 사고사    
전주 여행,137,   전주여행  아중호숫가에 있는 작은 소공원 호동골 어린이공원, 전주  호동골  전주  시민이면 누구나 다 알고있는 이름이다 예전 쓰래기매립장 이었다 지금은 호공골    하였다  전주  딸집에 들렸다가 오후시간 시간을 내어 들려보았던 아중호수와 아중리레일바이크 그리고    ,   전주여행  아중호숫가에 있는 작은 소공원 호동골 어린이공원  전주  호동골  전주  시민이면 누구나 다 알고있는 이름이다 예전 쓰래기매립장 이었다 지금은 호공골    하였다  전주  딸집에 들렸다가 오후시간 시간을 내어 들려보았던 아중호수와 아중리레일바이크 그리고    
전주 여행,138,  전주여행  조선시대 별장  전주 8경 한옥마을의 한벽당과 한벽굴, 전주  한벽당 임실 슬치고개에서 발원한  전주 천이 한벽당과 만나 아름다운 경관을 만들어 내고 있다    하여  전주  8경의 하나로 꼽았다 조선의 개국을 도운 공신이며 집현전 직제학을 지낸 월당 최담 선생이 태조    ,  전주여행  조선시대 별장  전주 8경 한옥마을의 한벽당과 한벽굴  전주  한벽당 임실 슬치고개에서 발원한  전주 천이 한벽당과 만나 아름다운 경관을 만들어 내고 있다    하여  전주  8경의 하나로 꼽았다 조선의 개국을 도운 공신이며 집현전 직제학을 지낸 월당 최담 선생이 태조    
전주 여행,139,180812아이들과  전주여행  한옥마을속으로,산책  전주여행 은 군것질과 함께   개인적으로 가장 만족 스러웠던 마약육전 추억 남겨줄 사진에 조미료를 위해 한복대여 헤어 사진 세트라고하여 온가족이 한복체험 시작   사진관에서 사진 촬영후 마을투어    ,180812아이들과  전주여행  한옥마을속으로 산책  전주여행 은 군것질과 함께   개인적으로 가장 만족 스러웠던 마약육전 추억 남겨줄 사진에 조미료를 위해 한복대여 헤어 사진 세트라고하여 온가족이 한복체험 시작   사진관에서 사진 촬영후 마을투어    
전주 여행,140, 연꽃 여행  대한민국 연꽃 대표 관광지인  전주  덕진공원 덕진연못 201    ,덕진공원은  전주여행 코스에서 빠트릴수 없는 필수  여행 코스 이다 덕진연못의 연꽃은 덕진호수 한가운데를 가로지르는 현수교와 연지교등 주변경관이 무척 아름다워 사진을 찍으면 무척 아름답다 연꽃밭이    , 연꽃 여행  대한민국 연꽃 대표 관광지인  전주  덕진공원 덕진연못 201     덕진공원은  전주여행 코스에서 빠트릴수 없는 필수  여행 코스 이다 덕진연못의 연꽃은 덕진호수 한가운데를 가로지르는 현수교와 연지교등 주변경관이 무척 아름다워 사진을 찍으면 무척 아름답다 연꽃밭이    
전주 여행,141,  전주여행   조선왕조실록의 피난등 수난사를 알수있는  전주 사고, 전주 사고 국보제151호인 조선왕조실록을 안전하게 보관하기 위해 만들어진  전주  경기전안의 건물이다 이  전주 사고에 가보면 임진왜란 당시 조성왕조실록의 피신과 수난사를 한눈에 볼수 있다  전주 사고는    ,  전주여행   조선왕조실록의 피난등 수난사를 알수있는  전주 사고  전주 사고 국보제151호인 조선왕조실록을 안전하게 보관하기 위해 만들어진  전주  경기전안의 건물이다 이  전주 사고에 가보면 임진왜란 당시 조성왕조실록의 피신과 수난사를 한눈에 볼수 있다  전주 사고는    
전주 여행,142,  전주여행   이씨조선의 본향  전주 한옥마을에 있는 경기전의 어진박    ,이씨 조선의 본향인  전주   전주  한옥마을 한옥마을로는 전국에서 제일 유명한곳이  전주  한옥마을 이다 이  전주 한옥마을에는 경기전이 있고 이 경기전안에 태조 이성계의 어진을 모시고 있는 어진    ,  전주여행   이씨조선의 본향  전주 한옥마을에 있는 경기전의 어진박     이씨 조선의 본향인  전주   전주  한옥마을 한옥마을로는 전국에서 제일 유명한곳이  전주  한옥마을 이다 이  전주 한옥마을에는 경기전이 있고 이 경기전안에 태조 이성계의 어진을 모시고 있는 어진    
전주 여행,143,  전주여행    전주 천에서의 달랑 20분의 산책과 추억,일요일 오후 볼일차  전주 에 왔다가 팔자에도 없는 보너스 시간 30여분이 와이투케이에게 주어지었다 작은 자트리 시간 보내기엔 안성맞춤안 곳이  전주 천이다  전주 천 산책에 이 시간을 투자하기로 하고    ,  전주여행    전주 천에서의 달랑 20분의 산책과 추억 일요일 오후 볼일차  전주 에 왔다가 팔자에도 없는 보너스 시간 30여분이 와이투케이에게 주어지었다 작은 자트리 시간 보내기엔 안성맞춤안 곳이  전주 천이다  전주 천 산책에 이 시간을 투자하기로 하고    
전주 여행,144,  전주여행  친환경 생태도시 에코시티의 자랑거리 세병호와 세병공    ,에코시티가 조성되었다 세병공원은  전주 한옥마을 여행 에서 나아가  전주여행 에서 꼭 들려가야 하는  전주여행 코스 이다 와이투케이는 손자들이 에코시티에 살고 있어 자주 들리는 세병호 이고 세병공원 이다,  전주여행  친환경 생태도시 에코시티의 자랑거리 세병호와 세병공     에코시티가 조성되었다 세병공원은  전주 한옥마을 여행 에서 나아가  전주여행 에서 꼭 들려가야 하는  전주여행 코스 이다 와이투케이는 손자들이 에코시티에 살고 있어 자주 들리는 세병호 이고 세병공원 이다
전주 여행,145,  전주여행  완산칠봉에 있는 도심속 하늘정원   전주  완산공원 꽃동    , 전주  완산공원 완산공원 꽃동산  전주  완산칠봉에 있는 도심속 공원 이다 후백제의 도읍지이며 조선왕조의 본향  전주 를 대표하는 산이 완산칠봉 이다  전주  완산고원의 꽃동산  전주 시립도서관에서 하늘을    ,  전주여행  완산칠봉에 있는 도심속 하늘정원   전주  완산공원 꽃동      전주  완산공원 완산공원 꽃동산  전주  완산칠봉에 있는 도심속 공원 이다 후백제의 도읍지이며 조선왕조의 본향  전주 를 대표하는 산이 완산칠봉 이다  전주  완산고원의 꽃동산  전주 시립도서관에서 하늘을    
전주 여행,146,  전주여행   후백제 숨결이 숨어있는 황방산 서고사,후백제의 도읍지  전주  구 완산  후백제의 견훤왕이 숨결을 느낄수있는곳이  전주  효자동 서곡지구 황방산의 서고사 이다 완산  전주  이 그립군아 하고 유언을 남기고 죽었다는 견훤왕이  전주 에 도읍을 정하고    ,  전주여행   후백제 숨결이 숨어있는 황방산 서고사 후백제의 도읍지  전주  구 완산  후백제의 견훤왕이 숨결을 느낄수있는곳이  전주  효자동 서곡지구 황방산의 서고사 이다 완산  전주  이 그립군아 하고 유언을 남기고 죽었다는 견훤왕이  전주 에 도읍을 정하고    
전주 여행,147, 알라딘서재 언제라도  전주 ,제가 가봤던 곳도 있었고요  다음에  전주 를 가면 가고 싶은곳도 있었어요   가장 가보고 싶은곳은 북카페 카프카   다음  전주여행 때 들고다니면서  여행 해봐야겠어요  날 좋아진 요즘  전주여행 가고싶다아    , 알라딘서재 언제라도  전주  제가 가봤던 곳도 있었고요  다음에  전주 를 가면 가고 싶은곳도 있었어요   가장 가보고 싶은곳은 북카페 카프카   다음  전주여행 때 들고다니면서  여행 해봐야겠어요  날 좋아진 요즘  전주여행 가고싶다아    
전주 여행,148,  전주여행   한옥마을 분위기에 딱 어울리는  전주 한옥마을 부채박물    , 전주 한옥마을 부채박물관 선조들의 지혜가 담긴 부채의 모든것을  전주 한옥마을에 가면 볼수가 있다 글자그대로 조선시대 부채부터 중국 일본 부채까지 모든 부채가 전시되어있는 부채박물관 이다  전주 한옥마을    ,  전주여행   한옥마을 분위기에 딱 어울리는  전주 한옥마을 부채박물      전주 한옥마을 부채박물관 선조들의 지혜가 담긴 부채의 모든것을  전주 한옥마을에 가면 볼수가 있다 글자그대로 조선시대 부채부터 중국 일본 부채까지 모든 부채가 전시되어있는 부채박물관 이다  전주 한옥마을    
전주 여행,149,  전주여행  국내 최고수준의 복합문화예술공간  전주  한국소리문화의    ,전북  전주 에서 매년 개최되고 있는  전주 세계소리축제가 열리는 곳 한국소리문화의 전당 2001년    이다  전주 의 자랑 전북의 자랑 이다 대지면적이 30 184평에 건물면적이 11 064평이나 되는 대형 아트센터이다    ,  전주여행  국내 최고수준의 복합문화예술공간  전주  한국소리문화의     전북  전주 에서 매년 개최되고 있는  전주 세계소리축제가 열리는 곳 한국소리문화의 전당 2001년    이다  전주 의 자랑 전북의 자랑 이다 대지면적이 30 184평에 건물면적이 11 064평이나 되는 대형 아트센터이다    
전주 여행,150,  전주여행    전주  에코시티의 친환경 생태공원  세병공원과 세병호    ,한다는 뜻 이다 한다 세병공원은  전주 한옥마을 여행 에서 나아가  전주여행 에서 꼭 들려가야 하는  전주여행 코스 이다 와이투케이는 에코시티에 손자들이 살고 있어 자주 가는 에코시티인데 처음으로 포스팅한다,  전주여행    전주  에코시티의 친환경 생태공원  세병공원과 세병호     한다는 뜻 이다 한다 세병공원은  전주 한옥마을 여행 에서 나아가  전주여행 에서 꼭 들려가야 하는  전주여행 코스 이다 와이투케이는 에코시티에 손자들이 살고 있어 자주 가는 에코시티인데 처음으로 포스팅한다
전주 여행,151,  전주여행  완산칠봉의 작은 생태공원인 완산칠봉생태습지원,완산칠봉생태습지원 완산    은  전주 의 옛 지명이고 이싸조선의 본향이요 후백제의 도읍지이다    실제로  전주 천을 따라 산책 하다보면  전주 천변의 산세는 비경 이다 완산에는 완산칠봉이 있고    ,  전주여행  완산칠봉의 작은 생태공원인 완산칠봉생태습지원 완산칠봉생태습지원 완산    은  전주 의 옛 지명이고 이싸조선의 본향이요 후백제의 도읍지이다    실제로  전주 천을 따라 산책 하다보면  전주 천변의 산세는 비경 이다 완산에는 완산칠봉이 있고    
전주 여행,152, 전동성당 최초순교지이자  전주 한옥마을  여행 의 필수 여행 코스,함께  전주여행 에서 꼭 들려봐야하는 필수  전주여행 코스 이다 자주 가는  전주  그리고 한옥마을 아내와 남문시장 맛집에서 순대국 한그릇하고  전주 한옥마을에 들린김에 전동성당도 자세히 둘러보았다    , 전동성당 최초순교지이자  전주 한옥마을  여행 의 필수 여행 코스 함께  전주여행 에서 꼭 들려봐야하는 필수  전주여행 코스 이다 자주 가는  전주  그리고 한옥마을 아내와 남문시장 맛집에서 순대국 한그릇하고  전주 한옥마을에 들린김에 전동성당도 자세히 둘러보았다    
전주 여행,153,  전주여행   예향도시  전주 의 자랑거리 국립무형유산원,박물관이  전주 에 있다 예향의 도시 답게 무형유산박물관이 있어  전주 가 자랑스럽다 어렴풋이 알고는    2013년도에  전주 에 개관한  전주 의 자랑거리 이다  전주 에 사는 시민들은 신나겠다 각종 무료공연이 계속    ,  전주여행   예향도시  전주 의 자랑거리 국립무형유산원 박물관이  전주 에 있다 예향의 도시 답게 무형유산박물관이 있어  전주 가 자랑스럽다 어렴풋이 알고는    2013년도에  전주 에 개관한  전주 의 자랑거리 이다  전주 에 사는 시민들은 신나겠다 각종 무료공연이 계속    
전주 여행,154, 전주여행 , 여행 지    전주 시 일원  여행 일   2014  12  14 일요일  코스    전주 한옥마을 둘러보기   전주 전통비빔밥시식   덕진공원  유적지 저녁으로  전주 떡갈비시식 등  , 전주여행   여행 지    전주 시 일원  여행 일   2014  12  14 일요일  코스    전주 한옥마을 둘러보기   전주 전통비빔밥시식   덕진공원  유적지 저녁으로  전주 떡갈비시식 등  
전주 여행,155,  전주여행   덕진호수의 옛 연화교가 변신을 하고있는 덕진공원 210425    , 전주 에서 나홀로  전주  가볼만한곳 중 첫번째로 꼽는  전주  덕진공원에 들려보았다 연화교 없는 덕진공원의 모습은 어떤 모습일까  연화교는 어떤 모습으로 변신을 하고 있을까 궁금한 마음으로 한시간의 자투리    ,  전주여행   덕진호수의 옛 연화교가 변신을 하고있는 덕진공원 210425      전주 에서 나홀로  전주  가볼만한곳 중 첫번째로 꼽는  전주  덕진공원에 들려보았다 연화교 없는 덕진공원의 모습은 어떤 모습일까  연화교는 어떤 모습으로 변신을 하고 있을까 궁금한 마음으로 한시간의 자투리    
전주 여행,156,2015 01 30     전주여행  1일차  한옥마을 야시장  남부시장  청년몰 구경    ,2015 01 30     전주여행  1일차  한옥스테이 태조마루  한옥마을 먹거리 구경  http   sweetcity tistory com 1725 사장님이 알려주신 야시장 구경가는길   광화문처럼   세월호 천막에 울컥  조명받아 멋진 풍남문    ,2015 01 30     전주여행  1일차  한옥마을 야시장  남부시장  청년몰 구경     2015 01 30     전주여행  1일차  한옥스테이 태조마루  한옥마을 먹거리 구경  http   sweetcity tistory com 1725 사장님이 알려주신 야시장 구경가는길   광화문처럼   세월호 천막에 울컥  조명받아 멋진 풍남문    
전주 여행,157,  전주여행   전주 대사습놀이에 가면  전주 한옥마을도 구경할수 있다,맞추어  전주여행 을 왔다 매년 열리는 전국대회로 판소리명창과 일반 농악 무용 기악 시조 민요 가야금명창 궁도 명고수까지 10개부분으로 치러지는 전국 경연대회 이다  전주 대사습놀이는 전국대회 로서 무척    ,  전주여행   전주 대사습놀이에 가면  전주 한옥마을도 구경할수 있다 맞추어  전주여행 을 왔다 매년 열리는 전국대회로 판소리명창과 일반 농악 무용 기악 시조 민요 가야금명창 궁도 명고수까지 10개부분으로 치러지는 전국 경연대회 이다  전주 대사습놀이는 전국대회 로서 무척    
전주 여행,158,  전주여행   옛날 물건들 모두 이곳에 전시 되어 있다  전주 한옥마을    , 전주 한옥마을의 루이엘모자박물관 바로 옆에는 추억박물관도 있다 같은 건물에 있다 입장료 3 000원    전시공간을 전라북도 든  전주 시 든 문화예술재단 이든 어느곳 이든 지원 된다면 얼마나 좋을까 생각해 본다,  전주여행   옛날 물건들 모두 이곳에 전시 되어 있다  전주 한옥마을      전주 한옥마을의 루이엘모자박물관 바로 옆에는 추억박물관도 있다 같은 건물에 있다 입장료 3 000원    전시공간을 전라북도 든  전주 시 든 문화예술재단 이든 어느곳 이든 지원 된다면 얼마나 좋을까 생각해 본다
전주 여행,159,  전주여행   전주 한옥마을  여행 에서 꼭 가봐야 할곳  전주  풍남문,이씨조선의 본향인  전주 의 한옥마을  여행 에서 꼭 들려보아야할곳이 있다 경기전과 어진박물관도 가보아야할 곳이지만  전주  풍남문도 꼭 가봐야한다 보물제308호인 풍남문     은  전주 를 대표하는    ,  전주여행   전주 한옥마을  여행 에서 꼭 가봐야 할곳  전주  풍남문 이씨조선의 본향인  전주 의 한옥마을  여행 에서 꼭 들려보아야할곳이 있다 경기전과 어진박물관도 가보아야할 곳이지만  전주  풍남문도 꼭 가봐야한다 보물제308호인 풍남문     은  전주 를 대표하는    
전주 여행,160,  전주여행  가즈아   전주  젊음이 넘치는 거리로    전주  객사 길과 영    ,가볼만한곳  전주여행 에서 꼭 가보아야 하는 필수  전주여행 코스 이다 결혼식 참석차  전주 에 온 김에 벚꽃명소 이자 데이트코스로 유명한 아중리저수지를 들린후 영화의거리 객사길까지 한바뀌 돌아보았다    ,  전주여행  가즈아   전주  젊음이 넘치는 거리로    전주  객사 길과 영     가볼만한곳  전주여행 에서 꼭 가보아야 하는 필수  전주여행 코스 이다 결혼식 참석차  전주 에 온 김에 벚꽃명소 이자 데이트코스로 유명한 아중리저수지를 들린후 영화의거리 객사길까지 한바뀌 돌아보았다    
전주 여행,161, 전주 가볼만한곳  전주여행  필수코스 천상의 정원인 한국도로공사 수    ,천년고도 그리고 이씨조선의 본향  전주   전주 에 가면 꼭 들려보아야 할곳이자  전주여행 의 필수코스인 한국도로공사 수목원이다 월드컵경기장 부근 고속도로 입구 큰 도로변에 있다  전주 에 딸집이 있어    , 전주 가볼만한곳  전주여행  필수코스 천상의 정원인 한국도로공사 수     천년고도 그리고 이씨조선의 본향  전주   전주 에 가면 꼭 들려보아야 할곳이자  전주여행 의 필수코스인 한국도로공사 수목원이다 월드컵경기장 부근 고속도로 입구 큰 도로변에 있다  전주 에 딸집이 있어    
전주 여행,162,  전주여행  한옥마을 전망대 이성계 장군의 승전 연회 장소  오목대, 전주 한옥마을  여행 을 다녀왔다 한옥마을과 경기정  어진박물관  풍남문  남문시장 그리고 최근 개장한 전라감영까지 돌아보고 오목대에 올랐다 가까이 있어 자주 들리는 곳이나 올 때마다 새롭고 또 다시    ,  전주여행  한옥마을 전망대 이성계 장군의 승전 연회 장소  오목대  전주 한옥마을  여행 을 다녀왔다 한옥마을과 경기정  어진박물관  풍남문  남문시장 그리고 최근 개장한 전라감영까지 돌아보고 오목대에 올랐다 가까이 있어 자주 들리는 곳이나 올 때마다 새롭고 또 다시    
전주 여행,163,  전주여행   전주  한옥마을  한국관광 100선에 빛나는 우리나라 대표     ,이외에도  전주 향교와 이목대 그리고 벽화마을  전통주박물관  승광재 등도 들려 볼 만한 곳이다  전주 한옥마을  여행 에서는 은퇴 후 사진작가로 왕성하게 활동 중인 절친도 우연히 만나 사진도 서로 찍어주곤했다,  전주여행   전주  한옥마을  한국관광 100선에 빛나는 우리나라 대표      이외에도  전주 향교와 이목대 그리고 벽화마을  전통주박물관  승광재 등도 들려 볼 만한 곳이다  전주 한옥마을  여행 에서는 은퇴 후 사진작가로 왕성하게 활동 중인 절친도 우연히 만나 사진도 서로 찍어주곤했다
전주 여행,164,SK LTE  어디까지 가봤니    맛있는  여행    전주  ,  맛있는  여행    전주   2012 08 27 06 30 IT 웹   서비스 Web   Service  글 작성자  레이니아 https   map naver com p entry place 1589368656 광고 제주유럽코티지감성 자쿠지독채 프라이빗 제주 여행   유럽감성    ,SK LTE  어디까지 가봤니    맛있는  여행    전주     맛있는  여행    전주   2012 08 27 06 30 IT 웹   서비스 Web   Service  글 작성자  레이니아 https   map naver com p entry place 1589368656 광고 제주유럽코티지감성 자쿠지독채 프라이빗 제주 여행   유럽감성    
전주 여행,165,  전주여행   전주 의 첫 인상  전주 역 앞   전주  첫 마중길 도로공원 2011    , 전주 역 앞  전주 첫마중길 기차를 타고  전주 역에서 내리면 처음으로 만나는  전주 첫마중길 이다  전주 의 첫인상이  전주 첫마중길 이다 한 여름이면 이  전주 첫마중길이 한여름 무더위를 피할수있는 어린이    ,  전주여행   전주 의 첫 인상  전주 역 앞   전주  첫 마중길 도로공원 2011      전주 역 앞  전주 첫마중길 기차를 타고  전주 역에서 내리면 처음으로 만나는  전주 첫마중길 이다  전주 의 첫인상이  전주 첫마중길 이다 한 여름이면 이  전주 첫마중길이 한여름 무더위를 피할수있는 어린이    
전주 여행,166,  전주여행   아중호수 나무데크 산책로를 따라 봄 산책 220403 ,예전 오래 전부터  전주  아중리 아중호수는 밤이면 불야성을 이루는 유명한 곳이다 벚꽃 구경하러 갈까 또는 민물매운탕 먹으러 갈까 기린봉 등산하러 등등 여러가지 목적을 핑게삼아 일년이면 여러번 들리는    ,  전주여행   아중호수 나무데크 산책로를 따라 봄 산책 220403  예전 오래 전부터  전주  아중리 아중호수는 밤이면 불야성을 이루는 유명한 곳이다 벚꽃 구경하러 갈까 또는 민물매운탕 먹으러 갈까 기린봉 등산하러 등등 여러가지 목적을 핑게삼아 일년이면 여러번 들리는    
전주 여행,167,  전주여행   한국도로공사 수목원 코앞에 있는  전주  시민들의 쉼터인    ,총화의 탑 그리고 기독교 방송국이 있는곳 예전 고속도로  전주  나들목이 있던 그자리 그곳엔 지금은  전주 시민을 위한 쉼터가 조성되어있다  전주  나들목 가족공원 이다  전주  인터체인지와 월드컵경기장에서    ,  전주여행   한국도로공사 수목원 코앞에 있는  전주  시민들의 쉼터인     총화의 탑 그리고 기독교 방송국이 있는곳 예전 고속도로  전주  나들목이 있던 그자리 그곳엔 지금은  전주 시민을 위한 쉼터가 조성되어있다  전주  나들목 가족공원 이다  전주  인터체인지와 월드컵경기장에서    
전주 여행,168,  전주여행   이씨 조선의 본향인  전주 의 자랑거리 덕진연못의 연꽃, 전주  덕진공원 이씨 조선의 본향인  전주 의 명물이자  전주 를 상징하고 있는 덕진공원  전주여행 의 필수코스 이다 덕진호수 한가운데를 현수교와 연꽃이 양분하고 잇어 아름다운 덕진연못이다  전주     ,  전주여행   이씨 조선의 본향인  전주 의 자랑거리 덕진연못의 연꽃  전주  덕진공원 이씨 조선의 본향인  전주 의 명물이자  전주 를 상징하고 있는 덕진공원  전주여행 의 필수코스 이다 덕진호수 한가운데를 현수교와 연꽃이 양분하고 잇어 아름다운 덕진연못이다  전주     
전주 여행,169,광주출발  당신이 놓치지 말아야 할  여행 지 5곳,각 지역의 특색과  여행  팁을 함께 살펴보세요  1   전주   한옥마을의 매력  전주 는 광주에서 차로 약 1시간 거리에 위치해 있습니다   전주  한옥마을은 한국 전통 가옥의 아름다움을 느낄 수 있는 장소로  많은    ,광주출발  당신이 놓치지 말아야 할  여행 지 5곳 각 지역의 특색과  여행  팁을 함께 살펴보세요  1   전주   한옥마을의 매력  전주 는 광주에서 차로 약 1시간 거리에 위치해 있습니다   전주  한옥마을은 한국 전통 가옥의 아름다움을 느낄 수 있는 장소로  많은    
전주 여행,170,  전주여행    전주  한옥마을  대한민국 대표  여행 지,com 15815131   전주여행    전주  난장 박물관   전주  한옥마을의 이색적인 옛날 볼거리 생일을 맞은 손자들과  전주  한옥마을에서 신나게 하루를 보냈다점심을  전주  한옥마을에서 제일 유명한 먹거리인 물갈비로    ,  전주여행    전주  한옥마을  대한민국 대표  여행 지 com 15815131   전주여행    전주  난장 박물관   전주  한옥마을의 이색적인 옛날 볼거리 생일을 맞은 손자들과  전주  한옥마을에서 신나게 하루를 보냈다점심을  전주  한옥마을에서 제일 유명한 먹거리인 물갈비로    
전주 여행,171, 전주 홈페이지제작   해외 여행   골프투어 전문  여행 사 온라인 견적문    ,com  하나단독투어   하나투어 공식인증 예약센터  해외 여행   단체 여행   하나투어   전주여행 사 하나단독투어  주 글로벌투어   하나투어 공식인증 예약센터  해외 여행   단체 여행   하나투어   전주여행 사    , 전주 홈페이지제작   해외 여행   골프투어 전문  여행 사 온라인 견적문     com  하나단독투어   하나투어 공식인증 예약센터  해외 여행   단체 여행   하나투어   전주여행 사 하나단독투어  주 글로벌투어   하나투어 공식인증 예약센터  해외 여행   단체 여행   하나투어   전주여행 사    
전주 여행,172,  전주여행   정월 대보름 공연 전북 달맞이 굿 good   보러가세,보러가세 음식의 고장 이자 한옥마을의 고장인  전주 의 한복판을 흐르고 있는  전주 천 통일광장    net y2k2041 15812600  임실 여행   가장 한국적인 신명나는 축제 필봉마을 정월대보름굿 정월대보름날 일년에    ,  전주여행   정월 대보름 공연 전북 달맞이 굿 good   보러가세 보러가세 음식의 고장 이자 한옥마을의 고장인  전주 의 한복판을 흐르고 있는  전주 천 통일광장    net y2k2041 15812600  임실 여행   가장 한국적인 신명나는 축제 필봉마을 정월대보름굿 정월대보름날 일년에    
전주 여행,173,  전주여행  지구촌 모자들은 모두 이곳에 이색 박물관  루이엘 모자    , 전주 한옥마을  여행 에서 모자박물관도 구경하여 보자  전주  한옥마을 서쪽 끝자락엔 루이엘모자박물관과 추억박물관 있다 별별 박물관도 다 있다 두 박물관 구경거리가 많아 좋다 입장료 3 000원이면 두 박물관을    ,  전주여행  지구촌 모자들은 모두 이곳에 이색 박물관  루이엘 모자      전주 한옥마을  여행 에서 모자박물관도 구경하여 보자  전주  한옥마을 서쪽 끝자락엔 루이엘모자박물관과 추억박물관 있다 별별 박물관도 다 있다 두 박물관 구경거리가 많아 좋다 입장료 3 000원이면 두 박물관을    
전주 여행,174, 전주   여행 가, 여행 가   https   blog naver com allga79 전화번호   063 231 3040 도로명    전주 시 완산구 은행로 74 11 지번    전주 시 완산구 교동 91 5 장점    전주 숙박업에서 못보던 샤워타월과 빗  화장용 거울  큰 비누  폼클렌징이 있음    , 전주   여행 가  여행 가   https   blog naver com allga79 전화번호   063 231 3040 도로명    전주 시 완산구 은행로 74 11 지번    전주 시 완산구 교동 91 5 장점    전주 숙박업에서 못보던 샤워타월과 빗  화장용 거울  큰 비누  폼클렌징이 있음    
전주 여행,175,  전주여행   전동성당에서,지란지교를 꿈꾸며  전주 를 달려간 친구들과 약속시간은 오후 5시 한시간 틈새  여행 을 전동성당으로 향하는데 1월31일 수요일 오후 성당에 행사가 있어 관계자 외 차량 출임도 금하지만 꼬까 한복을 입은    ,  전주여행   전동성당에서 지란지교를 꿈꾸며  전주 를 달려간 친구들과 약속시간은 오후 5시 한시간 틈새  여행 을 전동성당으로 향하는데 1월31일 수요일 오후 성당에 행사가 있어 관계자 외 차량 출임도 금하지만 꼬까 한복을 입은    
전주 여행,176,  전주 역 1년 안에 꼭 가보아야 하는 아시아  여행 명소 3위  전주여행 은    , 전주 역  전주 KTX역  전주 한옥마을등  전주여행 은  전주 역에서 부터 시작된다  전주 답게  전주 역사도 한옥마을 이다  전주 역 광장에 나오면 한복입고 부채들고 서 있는 예쁜 아가씨가 관광객들을 반겨준다  전주 역    ,  전주 역 1년 안에 꼭 가보아야 하는 아시아  여행 명소 3위  전주여행 은      전주 역  전주 KTX역  전주 한옥마을등  전주여행 은  전주 역에서 부터 시작된다  전주 답게  전주 역사도 한옥마을 이다  전주 역 광장에 나오면 한복입고 부채들고 서 있는 예쁜 아가씨가 관광객들을 반겨준다  전주 역    
전주 여행,177, 전주 가볼만한곳  전주 난장 테마박물관 7080 감수성이 있는곳,06 00  전주여행 에서 이번에 들린 곳은 전북 유일의 테마박물관이며 7080 감수성을 그대로 재현해 낸 곳입니다  요즘 어딜가나 7080 을 내세우고 있는 장소가 많이 있지만 특히 이곳  전주 난장은 그대의 그 감성을    , 전주 가볼만한곳  전주 난장 테마박물관 7080 감수성이 있는곳 06 00  전주여행 에서 이번에 들린 곳은 전북 유일의 테마박물관이며 7080 감수성을 그대로 재현해 낸 곳입니다  요즘 어딜가나 7080 을 내세우고 있는 장소가 많이 있지만 특히 이곳  전주 난장은 그대의 그 감성을    
전주 여행,178, 전주  한옥마을  한울밥상  맛집 오짱  한벽터널, 전주 여행 기 한울밥상   오짱   한벽터널  전주 는 맛과 멋이 공존하는 도시라 늘 기대가 됩니다  이번  여행 은 조금 특별했는데  원래는 한옥마을 안쪽 맛집을 갈 계획이었지만  우연히 들른 가게 사장님의    , 전주  한옥마을  한울밥상  맛집 오짱  한벽터널  전주 여행 기 한울밥상   오짱   한벽터널  전주 는 맛과 멋이 공존하는 도시라 늘 기대가 됩니다  이번  여행 은 조금 특별했는데  원래는 한옥마을 안쪽 맛집을 갈 계획이었지만  우연히 들른 가게 사장님의    
전주 여행,179, 전주  하숙영가마솥비빔밥 된장찌개와 비빔밥의 잘 어울리는 조합, 전주 맛집 투어 하숙영비빔밥 방문 오래전 다녀온  전주여행 에서 못 먹고 온 음식이 하나 있다면  비빔밥 이었다  이번에는 꼭 먹어보고 와야지 하는 생각에  전주 의 수많은 비빔밥가게를 검색하던 중 눈에    , 전주  하숙영가마솥비빔밥 된장찌개와 비빔밥의 잘 어울리는 조합  전주 맛집 투어 하숙영비빔밥 방문 오래전 다녀온  전주여행 에서 못 먹고 온 음식이 하나 있다면  비빔밥 이었다  이번에는 꼭 먹어보고 와야지 하는 생각에  전주 의 수많은 비빔밥가게를 검색하던 중 눈에    
전주 여행,180, 전주 여행  예정   럴럴럴 월드,티스토리 뷰 Diary  전주 여행  예정 랄랄라 lalalabro 2018 03 27 11 36 Let s Go  전주  2018 3 30 4 2  전주  막걸리  여행   안주 낮에는 한옥마을 밤에는 막걸리골목 얼마전  생생정보를 보다가   전주  막걸리    , 전주 여행  예정   럴럴럴 월드 티스토리 뷰 Diary  전주 여행  예정 랄랄라 lalalabro 2018 03 27 11 36 Let s Go  전주  2018 3 30 4 2  전주  막걸리  여행   안주 낮에는 한옥마을 밤에는 막걸리골목 얼마전  생생정보를 보다가   전주  막걸리    
전주 여행,181, 전주  맛집 추천 리스트, 전주여행 을 해본게 엊그제 같은데 벌써 3년이 지났네요  지인과 함께 1박2일  전주 먹방 여행 을 다녀왔습니다   전주 맛집 조점례 남문피순대  전주 역에서 남부시장까지 한 30분정도  시장에 도착하니 시장의    , 전주  맛집 추천 리스트  전주여행 을 해본게 엊그제 같은데 벌써 3년이 지났네요  지인과 함께 1박2일  전주 먹방 여행 을 다녀왔습니다   전주 맛집 조점례 남문피순대  전주 역에서 남부시장까지 한 30분정도  시장에 도착하니 시장의    
전주 여행,182, 알라딘서재 오렌지캬라멜 청춘 여행 ,그런 생각을 갖고 있던 중 급 떠나게 된  전주여행    서울에 있는곳은 언제든지 갈 수 있기에  전주  한옥마을로  여행 을 갔다왔다  오렌지 카라멜의  여행  경로를 따라 한옥도 구경하고  한복입고 하는 전통체험은    , 알라딘서재 오렌지캬라멜 청춘 여행  그런 생각을 갖고 있던 중 급 떠나게 된  전주여행    서울에 있는곳은 언제든지 갈 수 있기에  전주  한옥마을로  여행 을 갔다왔다  오렌지 카라멜의  여행  경로를 따라 한옥도 구경하고  한복입고 하는 전통체험은    
전주 여행,183, 알라딘서재 조용하면서도 다양한 매력의 로컬  여행  가이드  소도시    ,소도시트래블 완주   소도시트래블 맛조이코리아 편집부 지음   맛조이코리아   2022년 11월 평점   품절 얼마 전  전주 여행 을 다녀왔는데 소도시트래블 완주편을 보고 조금만 빨리 알았으면 정말 좋았겠다는    , 알라딘서재 조용하면서도 다양한 매력의 로컬  여행  가이드  소도시     소도시트래블 완주   소도시트래블 맛조이코리아 편집부 지음   맛조이코리아   2022년 11월 평점   품절 얼마 전  전주 여행 을 다녀왔는데 소도시트래블 완주편을 보고 조금만 빨리 알았으면 정말 좋았겠다는    
전주 여행,184, 알라딘서재 언제라도  전주 , 전주 여행 을 계획하고 계신 분들  따듯한 위로를 책에서 받고 싶은 분들이 있다면 한 번 꼭 읽어보시길 권유해본다  그저 그런  여행 서가 아니다  가슴이 따뜻해지는 에세이같은  여행 서다  핵심 포인트 1  꼭 목차    , 알라딘서재 언제라도  전주   전주 여행 을 계획하고 계신 분들  따듯한 위로를 책에서 받고 싶은 분들이 있다면 한 번 꼭 읽어보시길 권유해본다  그저 그런  여행 서가 아니다  가슴이 따뜻해지는 에세이같은  여행 서다  핵심 포인트 1  꼭 목차    
전주 여행,185, 알라딘서재  전주 시집, 전주여행 을 계획하고는 있었지만  도대체 그곳에 가서 무엇을 보고 무엇을 해야   여행  잘했다  는 생각이 들지 몰랐는데  전주 엔 내가 알고 있는 것보다 많은 것들이 있구나 싶었다  진짜 한국을 느낄 수 있는    , 알라딘서재  전주 시집  전주여행 을 계획하고는 있었지만  도대체 그곳에 가서 무엇을 보고 무엇을 해야   여행  잘했다  는 생각이 들지 몰랐는데  전주 엔 내가 알고 있는 것보다 많은 것들이 있구나 싶었다  진짜 한국을 느낄 수 있는    
전주 여행,186, 알라딘서재  생생리뷰 아는동네 아는 전주 ,그리고 친구의 입에서  그럼   전주 로 가자 라는 회신을 듣고 싶다   아는동네아는 전주    전주여행   어반플레이  urbanplay  아는동네  아는동네매거진 그럼  전주 로 가자, 알라딘서재  생생리뷰 아는동네 아는 전주  그리고 친구의 입에서  그럼   전주 로 가자 라는 회신을 듣고 싶다   아는동네아는 전주    전주여행   어반플레이  urbanplay  아는동네  아는동네매거진 그럼  전주 로 가자
전주 여행,187, 전주여행  콩나물국밥의 명가 160여 점포의 프렌차이즈  전주 맛집 현    , 전주여행  콩나물국밥의 명가 160여 점포의 프렌차이즈  전주 맛집 현대옥 전라북도  전주 는 콩나물국밥의 발생지로 유명한 콩나물국밥집이 많아 맛객들의 발길이 끊이지 않는 곳이다 특히 현대옥은 1세대인    , 전주여행  콩나물국밥의 명가 160여 점포의 프렌차이즈  전주 맛집 현      전주여행  콩나물국밥의 명가 160여 점포의 프렌차이즈  전주 맛집 현대옥 전라북도  전주 는 콩나물국밥의 발생지로 유명한 콩나물국밥집이 많아 맛객들의 발길이 끊이지 않는 곳이다 특히 현대옥은 1세대인    
전주 여행,188, 오감만족  전주  완주 여행  대한민국술테마박물관과 연꽃명소 덕진공    ,완주 여행 과  전주여행  그리고 전북 여행 에서 꼭 들려보아야할 필수 여행 코스가 바로 완주군 구이면에 있는 대한민국술테마박물관이다 2015년 10월에 개관한 대한민국술테미박물관 대만족 완주 여행  술테마박물관    , 오감만족  전주  완주 여행  대한민국술테마박물관과 연꽃명소 덕진공     완주 여행 과  전주여행  그리고 전북 여행 에서 꼭 들려보아야할 필수 여행 코스가 바로 완주군 구이면에 있는 대한민국술테마박물관이다 2015년 10월에 개관한 대한민국술테미박물관 대만족 완주 여행  술테마박물관    
전주 여행,189,  전주여행   퇴근 후 1박 2일  전주여행  1 ,  전주  1박 2일  여행    객리단길  한옥마을   완주 소양 1박 2일이라고는 하지만 퇴근 후 저녁에 출발 하루 연차 스케줄로 굉장히 짧은 일정이다  사실  전주 를 놀러 간 게 아니라 개인 일을 보러 가면서 당일치기로    ,  전주여행   퇴근 후 1박 2일  전주여행  1    전주  1박 2일  여행    객리단길  한옥마을   완주 소양 1박 2일이라고는 하지만 퇴근 후 저녁에 출발 하루 연차 스케줄로 굉장히 짧은 일정이다  사실  전주 를 놀러 간 게 아니라 개인 일을 보러 가면서 당일치기로    
전주 여행,190, 전주 맛집 조점례남문피순대  전주  가면 꼭 들려볼 곳으로 추천,11월 가을  전주  1박 2일  여행 에서 만난 음식들  피순대국밥 짧은 가을이 아쉬워 떠난  전주여행 에서 가을풍경도 기대했지만 그 보다 더 기대했던 것은 예전에 맛있게 먹었던 음식을 오랜만에 맛볼 수 있는    , 전주 맛집 조점례남문피순대  전주  가면 꼭 들려볼 곳으로 추천 11월 가을  전주  1박 2일  여행 에서 만난 음식들  피순대국밥 짧은 가을이 아쉬워 떠난  전주여행 에서 가을풍경도 기대했지만 그 보다 더 기대했던 것은 예전에 맛있게 먹었던 음식을 오랜만에 맛볼 수 있는    
전주 여행,191,군산  전주여행  5     전주  한옥마을은 낭만이 흘렀다,군산에서의  여행 을 마치고는  전주 로 오게 된다 물론 군산의 볼거리를 모두 본것은 아니다 그러나 짧은 1박2일 일정이기에  전주 로 오게 된 것이다 우선 숙소인 호텔 르윈   LE WIN  에 짐을 풀고는 바로 호텔    ,군산  전주여행  5     전주  한옥마을은 낭만이 흘렀다 군산에서의  여행 을 마치고는  전주 로 오게 된다 물론 군산의 볼거리를 모두 본것은 아니다 그러나 짧은 1박2일 일정이기에  전주 로 오게 된 것이다 우선 숙소인 호텔 르윈   LE WIN  에 짐을 풀고는 바로 호텔    
전주 여행,192,군산  전주여행  2    국내 유일의 일본식 사찰  동국사 를 탐방하다,피어 있었다 동국사 대웅전 뒷편은 울창한 대나무 숲으로 이뤄져 있었다 싱그럽기 이를데 없는 대나무가 나를 압도 했다 일본식의 동국사를 관람하고는 다음  여행 지 군산근대역사박물관으로 향하게 되었다,군산  전주여행  2    국내 유일의 일본식 사찰  동국사 를 탐방하다 피어 있었다 동국사 대웅전 뒷편은 울창한 대나무 숲으로 이뤄져 있었다 싱그럽기 이를데 없는 대나무가 나를 압도 했다 일본식의 동국사를 관람하고는 다음  여행 지 군산근대역사박물관으로 향하게 되었다
전주 여행,193,  전주여행   퇴근 후 1박 2일  전주여행  3 ,짤 때 포함하기 부담스러울 수 있다 하지만     만족하지 않은 사람이 없는 승률 100  장소로 방문을 진심으로 추천한다   전주 보다 위쪽에 있어 올라가는 길이니까 제발요      짧았지만 알찬  전주 여행  끝 ,  전주여행   퇴근 후 1박 2일  전주여행  3  짤 때 포함하기 부담스러울 수 있다 하지만     만족하지 않은 사람이 없는 승률 100  장소로 방문을 진심으로 추천한다   전주 보다 위쪽에 있어 올라가는 길이니까 제발요      짧았지만 알찬  전주 여행  끝 
전주 여행,194, 전주  도서관  여행     전주  이색  여행  프로그램    Moon ,도서관  여행    전주  기록문화의 뿌리인  전주  한지를 체험 다가 여행 자도서관  10 00   11 00    한옥마을도서관  11 20   14 00   중식    동문헌책도서관  14 20   15 20   도보     전주 천년한지관   한지체험    , 전주  도서관  여행     전주  이색  여행  프로그램    Moon  도서관  여행    전주  기록문화의 뿌리인  전주  한지를 체험 다가 여행 자도서관  10 00   11 00    한옥마을도서관  11 20   14 00   중식    동문헌책도서관  14 20   15 20   도보     전주 천년한지관   한지체험    
전주 여행,195, 전주 여행   전주 시외버스터미널 시간표,01 00  전주 여행   전주 시외버스터미널 시간표  전주여행 의 시작  전주 시외버스터미널 시간표  전주 시외버스공용터미널 전화번호   1688 1745 전북  전주 시 덕진구 금암동 705 10  전주 에서 서울남부터미널   전주 에서    , 전주 여행   전주 시외버스터미널 시간표 01 00  전주 여행   전주 시외버스터미널 시간표  전주여행 의 시작  전주 시외버스터미널 시간표  전주 시외버스공용터미널 전화번호   1688 1745 전북  전주 시 덕진구 금암동 705 10  전주 에서 서울남부터미널   전주 에서    
전주 여행,196,1박2일 전주여행  비빔밥전문점  전주 가족회관  전주 비빔밥체험   전주     ,1박2일 전주여행  비빔밥전문점  전주 가족회관  전주 비빔밥체험   전주 맛집  전주 가볼만한곳  맛의 도시  전주여행 에 빠트릴수 없는 한가지가  전주 비빔밥체험이 아닐가 싶다  전주 비빔밥축제가 열릴만큼  전주 를    ,1박2일 전주여행  비빔밥전문점  전주 가족회관  전주 비빔밥체험   전주      1박2일 전주여행  비빔밥전문점  전주 가족회관  전주 비빔밥체험   전주 맛집  전주 가볼만한곳  맛의 도시  전주여행 에 빠트릴수 없는 한가지가  전주 비빔밥체험이 아닐가 싶다  전주 비빔밥축제가 열릴만큼  전주 를    
전주 여행,197, 알라딘서재  전주 야  놀자,내가  전주  예찬론자가 된 이유 중에 하나는  전주 의 맛 때문이다  음식은 역시  전라도   저렴한 가격에     전주 하면 비빔밥이지만   우리는 꼭 한옥마을 근처에 있는 반야돌솥밥에 간다  갓지은 돌솥밥    집간장에    , 알라딘서재  전주 야  놀자 내가  전주  예찬론자가 된 이유 중에 하나는  전주 의 맛 때문이다  음식은 역시  전라도   저렴한 가격에     전주 하면 비빔밥이지만   우리는 꼭 한옥마을 근처에 있는 반야돌솥밥에 간다  갓지은 돌솥밥    집간장에    
전주 여행,198,  전주여행   이번주말  전주 의 명물 덕진공원의 연꽃축제와 연꽃촬영    ,함께  전주여행 코스에서 빠트릴수 없는 필수  여행 코스 이다 모처럼 휴가차 들린 아들이 그래도 명색이 여름휴가 인데 서울의 엄마 누나 조카  전주 의 누나와 조카만 만나보고 강원도로 또다시 훌쩍 떠나는게    ,  전주여행   이번주말  전주 의 명물 덕진공원의 연꽃축제와 연꽃촬영     함께  전주여행 코스에서 빠트릴수 없는 필수  여행 코스 이다 모처럼 휴가차 들린 아들이 그래도 명색이 여름휴가 인데 서울의 엄마 누나 조카  전주 의 누나와 조카만 만나보고 강원도로 또다시 훌쩍 떠나는게    
전주 여행,199,  전주여행   혼불 의 저자 최명희 선생의 생가터를 찾아,전국  여행 을 하면서 문필가들의 생가를 방문할 때면 그냥 지나치는 법이 없다  오늘도 여전히 발길을 멈춘다   혼불 의 저자 최명희 선생의 생가터로  전주 시 완산구 풍남동 3가 76 26번지에 위치하고    ,  전주여행   혼불 의 저자 최명희 선생의 생가터를 찾아 전국  여행 을 하면서 문필가들의 생가를 방문할 때면 그냥 지나치는 법이 없다  오늘도 여전히 발길을 멈춘다   혼불 의 저자 최명희 선생의 생가터로  전주 시 완산구 풍남동 3가 76 26번지에 위치하고    
전주 여행,200, 전주여행  남문시장 카페 로앤진    onsemiro, 전주  남문시장 청년몰을 가려고 숙소에서부터 남문시장 까지 걸어갔다가 더위에 너무 지쳐버려서 일단 좀 시원한거 마시면서 쉬자싶어서 근처 카페를 찾다가 들어간 로앤진 카페  사진으로 찍지는 못했지만    , 전주여행  남문시장 카페 로앤진    onsemiro  전주  남문시장 청년몰을 가려고 숙소에서부터 남문시장 까지 걸어갔다가 더위에 너무 지쳐버려서 일단 좀 시원한거 마시면서 쉬자싶어서 근처 카페를 찾다가 들어간 로앤진 카페  사진으로 찍지는 못했지만    
전주 여행,201,  전주여행   별누리 게스트하우스   전주 한옥마을  전주 숙소  전주 민박     ,숙소리뷰   별누리 게스트하우스 Jeollabukdo  Jeonju Hanok Village  Guest house 뜨끈뜨끈한 온돌방에서  여행 의 피로를 녹이다   전주 한옥마을 진주  사천  남해 여행 을 마치고 집으로 돌아오는길  남해에서 늦은오후에    ,  전주여행   별누리 게스트하우스   전주 한옥마을  전주 숙소  전주 민박      숙소리뷰   별누리 게스트하우스 Jeollabukdo  Jeonju Hanok Village  Guest house 뜨끈뜨끈한 온돌방에서  여행 의 피로를 녹이다   전주 한옥마을 진주  사천  남해 여행 을 마치고 집으로 돌아오는길  남해에서 늦은오후에    
전주 여행,202, 전주여행    전주 한옥마을 힐링공간으로 추천하는  경기전 , 전주여행    전주 한옥마을 힐링공간으로 추천하는  경기전   전주여행 의 볼거리   전주 한옥마을과 인근에는 대나무숲이 있는 경기전 이라는 곳이 있습니다  대나무숲과 함께 옛 한옥과 저 멀리 보이는 정동성당과의    , 전주여행    전주 한옥마을 힐링공간으로 추천하는  경기전   전주여행    전주 한옥마을 힐링공간으로 추천하는  경기전   전주여행 의 볼거리   전주 한옥마을과 인근에는 대나무숲이 있는 경기전 이라는 곳이 있습니다  대나무숲과 함께 옛 한옥과 저 멀리 보이는 정동성당과의    
전주 여행,203,  전주여행   퇴근 후 1박 2일  전주여행  2 ,  전주  1박 2일  여행    객리단길  한옥마을   완주 소양 Day 2 점심   객사 또순이네집   오전에 근처에서 일을보고 점심으로 무엇을 먹을까 고민하다가 숙소와 가까운 객사 맛집을 방문하기로 했다  전주 에 살 때 몇    ,  전주여행   퇴근 후 1박 2일  전주여행  2    전주  1박 2일  여행    객리단길  한옥마을   완주 소양 Day 2 점심   객사 또순이네집   오전에 근처에서 일을보고 점심으로 무엇을 먹을까 고민하다가 숙소와 가까운 객사 맛집을 방문하기로 했다  전주 에 살 때 몇    
전주 여행,204,  전주여행   또다시  전주 행 ,2017년 11월 L님의 결혼식을 방문하기 위하여  전주 행    가는길도 울긋불긋 단풍이 들어 예쁜 풍경이 가득했다  또다시  전주 행 오랜만에 본 얼굴들이 많았다 항상 보는 얼굴들도 많고 행복을 빌며  전주 행 끗 ,  전주여행   또다시  전주 행  2017년 11월 L님의 결혼식을 방문하기 위하여  전주 행    가는길도 울긋불긋 단풍이 들어 예쁜 풍경이 가득했다  또다시  전주 행 오랜만에 본 얼굴들이 많았다 항상 보는 얼굴들도 많고 행복을 빌며  전주 행 끗 
전주 여행,205,  전주여행   낭만적인  전주 의 밤  cafe Dal STORY  카페 달이야기  전주 한    ,  전주여행   낭만적인  전주 의 밤  cafe Dal STORY  전주 카페  전주 한옥마을 Jeonju Hanok Village cafe Dal STORY 카페 달이야기 063 288 8886 전북  전주 시 완산구 최명희길 20  풍남동3가 47 3   전주 에 도착한 밤  늦은 저녁을    ,  전주여행   낭만적인  전주 의 밤  cafe Dal STORY  카페 달이야기  전주 한       전주여행   낭만적인  전주 의 밤  cafe Dal STORY  전주 카페  전주 한옥마을 Jeonju Hanok Village cafe Dal STORY 카페 달이야기 063 288 8886 전북  전주 시 완산구 최명희길 20  풍남동3가 47 3   전주 에 도착한 밤  늦은 저녁을    
전주 여행,206, 전주 여행 에서 만난 쵸코파이, 전주 여행 에서 만단 쵸코파이 좋네요  이쁘기도 하고 부드럽고 맛있네요  선물용으로도 괜찬하요   , 전주 여행 에서 만난 쵸코파이  전주 여행 에서 만단 쵸코파이 좋네요  이쁘기도 하고 부드럽고 맛있네요  선물용으로도 괜찬하요   
전주 여행,207, 여행 이좋다    전북 김제  전주  1박2일  여행     김제  전주  가볼만한곳     ,아래는 예전에 다녀온  전주여행 코스입니다  사실 이때 다녀온  여행 지들이  전주여행 계획 짜시는데는 더 도움이 될듯 싶습니다   전주  한옥마을을 비롯해서 다양한 관광지가 있으니  참고하시면 되겠습니다    , 여행 이좋다    전북 김제  전주  1박2일  여행     김제  전주  가볼만한곳      아래는 예전에 다녀온  전주여행 코스입니다  사실 이때 다녀온  여행 지들이  전주여행 계획 짜시는데는 더 도움이 될듯 싶습니다   전주  한옥마을을 비롯해서 다양한 관광지가 있으니  참고하시면 되겠습니다    
전주 여행,208, 알라딘서재  전주 여행 이 더 즐거워지는  여행 책, 전주 여행  레시피   Happy Travel 1 김주미 지음   즐거운상상   2013년 9월 평점   구판절판 지난 주말에 다녀온  전주여행    여행 을 더욱 즐겁게 만들어준  여행 책이 바로   전주여행  레시피 이다  책에 나온 명소도    , 알라딘서재  전주 여행 이 더 즐거워지는  여행 책  전주 여행  레시피   Happy Travel 1 김주미 지음   즐거운상상   2013년 9월 평점   구판절판 지난 주말에 다녀온  전주여행    여행 을 더욱 즐겁게 만들어준  여행 책이 바로   전주여행  레시피 이다  책에 나온 명소도    
전주 여행,209,살을 에는  전주여행   10    한옥마을  그리고 경기전 ,살을 에는  전주여행   10    한옥마을  그리고 경기전  2011 02 17 06 48 Hobby  여행  Journey  글 작성자  레이니아 https   www chamchamtrip com  광고 누구나 즐거운 농촌 여행  참참 단체 숙박부터 이색 체험까지 완비     ,살을 에는  전주여행   10    한옥마을  그리고 경기전  살을 에는  전주여행   10    한옥마을  그리고 경기전  2011 02 17 06 48 Hobby  여행  Journey  글 작성자  레이니아 https   www chamchamtrip com  광고 누구나 즐거운 농촌 여행  참참 단체 숙박부터 이색 체험까지 완비     
전주 여행,210, 여행 이좋다    광장식당     전주 시 오래된 맛집  전주  먹을거리 백반    , 전주 시 오래된 맛집  전주  먹을거리 백반집 추천 광장식당 이번  전주여행 에서 마지막으로 방문한 광장식당입니다  이곳 광장식당은  전주 시청 근처에 있는 백반집으로  오랫동안 사랑받는  전주 시 맛집 중    , 여행 이좋다    광장식당     전주 시 오래된 맛집  전주  먹을거리 백반      전주 시 오래된 맛집  전주  먹을거리 백반집 추천 광장식당 이번  전주여행 에서 마지막으로 방문한 광장식당입니다  이곳 광장식당은  전주 시청 근처에 있는 백반집으로  오랫동안 사랑받는  전주 시 맛집 중    
전주 여행,211,전라북도  전주  남부시장과 남부시장 야시장 먹거리  여행 , 전주 남부시장은  전주  한옥마을과 가까이 있어서 한옥마을을 들리고 주말야간이면 많은 사람들이 찾고 있는  전주 여행 명소 중 하나이다  특히 금 토요일에만 열리는 남부시장 야시장은 삼겹살 김밥  소고기    ,전라북도  전주  남부시장과 남부시장 야시장 먹거리  여행   전주 남부시장은  전주  한옥마을과 가까이 있어서 한옥마을을 들리고 주말야간이면 많은 사람들이 찾고 있는  전주 여행 명소 중 하나이다  특히 금 토요일에만 열리는 남부시장 야시장은 삼겹살 김밥  소고기    
전주 여행,212,  바람짝  여행  맛집   전주 시   백반 한정식 전문 한국식당    ,  바람짝  여행  맛집   전주 시   백반 한정식 전문 한국식당      일시   2012 03 04 일   작성자   바람짝  글춤요리사   전주 지역의 맛집 탐방을 하였습니다  착한가격  지인들의 입소문을 통하여 알게 된    ,  바람짝  여행  맛집   전주 시   백반 한정식 전문 한국식당       바람짝  여행  맛집   전주 시   백반 한정식 전문 한국식당      일시   2012 03 04 일   작성자   바람짝  글춤요리사   전주 지역의 맛집 탐방을 하였습니다  착한가격  지인들의 입소문을 통하여 알게 된    
전주 여행,213,6월  전주 여행  2박 3일  서울의 밤  오리과자점  객사  한옥마을   전주     , 6월  전주 여행  2박 3일  서울의 밤  오리과자점  객사  한옥마을   전주 일몽  남노갈비  고자루  퇴근하고 바로  전주 행 광주에서  전주 까지 한시간 반   비가 올락말락한데 우산이없어서 불안불안   친구만나서 숙소    ,6월  전주 여행  2박 3일  서울의 밤  오리과자점  객사  한옥마을   전주       6월  전주 여행  2박 3일  서울의 밤  오리과자점  객사  한옥마을   전주 일몽  남노갈비  고자루  퇴근하고 바로  전주 행 광주에서  전주 까지 한시간 반   비가 올락말락한데 우산이없어서 불안불안   친구만나서 숙소    
전주 여행,214, 여행 이좋다     전주  전북 천리길  전주  한옥마을 둘레길, 전주 를 포함해서 전라북도 각지의 볼거리 먹거리를 한 달 동안 체험한 것이어서  전주  혹은 전북  여행 을 계획하는 분이라면 도움이 될만한 후기입니다  전라북도 한달살기 후기 전북  여행  30일 요약 정리    , 여행 이좋다     전주  전북 천리길  전주  한옥마을 둘레길  전주 를 포함해서 전라북도 각지의 볼거리 먹거리를 한 달 동안 체험한 것이어서  전주  혹은 전북  여행 을 계획하는 분이라면 도움이 될만한 후기입니다  전라북도 한달살기 후기 전북  여행  30일 요약 정리    
전주 여행,215,여름에 떠난  전주여행  With Mom,  전주 한옥마을 주차장 정보 상세  전주 한옥마을 한옥마을소개  체험콘텐츠  문화공연행사  한옥마을사진  문화시설  문화시설유적지  이색 여행 공간 전통공예  생활공예  액세서리 예술공예  쓰고 그리고 체험    ,여름에 떠난  전주여행  With Mom   전주 한옥마을 주차장 정보 상세  전주 한옥마을 한옥마을소개  체험콘텐츠  문화공연행사  한옥마을사진  문화시설  문화시설유적지  이색 여행 공간 전통공예  생활공예  액세서리 예술공예  쓰고 그리고 체험    
전주 여행,216,171216 17  전주여행  ,국내 여행 기 171216 17  전주여행   네오엔 2018  1  7  10 11 간식사러 가는 길에 추억돋는 가게가 있어 구경 카카오 캐릭터 달고나 2개랑 불량식품 3개 사가지고 나왔다 여기서 완자꼬치랑 체다치즈 완자꼬치 사고    ,171216 17  전주여행   국내 여행 기 171216 17  전주여행   네오엔 2018  1  7  10 11 간식사러 가는 길에 추억돋는 가게가 있어 구경 카카오 캐릭터 달고나 2개랑 불량식품 3개 사가지고 나왔다 여기서 완자꼬치랑 체다치즈 완자꼬치 사고    
전주 여행,217,  전주여행   풍년제과  수제초코파이  Poongnyun Bakery   PNB Bakery s Choco Pie    ,  전주여행    전주 에서 꼭 먹어봐야할 초코파이  풍년제과 Jeonju Hanok Village  PNB Bakery  Poongnyun Bakery in Jeonju si 우리밀로 만든 달달한 초코파이 어머  이건 꼭 먹어야해     전주 한옥마을에서 걷다보면 여럿 보이는    ,  전주여행   풍년제과  수제초코파이  Poongnyun Bakery   PNB Bakery s Choco Pie       전주여행    전주 에서 꼭 먹어봐야할 초코파이  풍년제과 Jeonju Hanok Village  PNB Bakery  Poongnyun Bakery in Jeonju si 우리밀로 만든 달달한 초코파이 어머  이건 꼭 먹어야해     전주 한옥마을에서 걷다보면 여럿 보이는    
전주 여행,218,  전주여행   술한잔하기 딱 좋은 분위기  구일집   전주 맛집  전주 한옥    ,  전주여행   술한잔하기 딱 좋은 분위기  구일집 Jeonju Hanok Village 밥집인듯 술집인듯  일단 맛있으면 그걸로 충분하다     전주 한옥마을맛집 오목대에서 내려와 늦은 점심을 먹고자 이곳저곳 돌아다니다 발견한    ,  전주여행   술한잔하기 딱 좋은 분위기  구일집   전주 맛집  전주 한옥       전주여행   술한잔하기 딱 좋은 분위기  구일집 Jeonju Hanok Village 밥집인듯 술집인듯  일단 맛있으면 그걸로 충분하다     전주 한옥마을맛집 오목대에서 내려와 늦은 점심을 먹고자 이곳저곳 돌아다니다 발견한    
전주 여행,219, 전주여행   전주  물 짜장 맛집  수정관  물짜장 깐풍육 강추, 전주 여행 가면 먹여줄께   하다  전주 를 오게되어 간 중화요리집입니다  인터넷에는 데프콘 이 먹었던 물짜장집으로 유명하더라고요  솔직히 물짜장  전주  어디든 먹어도 배신없이 맛있습니다  여긴    , 전주여행   전주  물 짜장 맛집  수정관  물짜장 깐풍육 강추  전주 여행 가면 먹여줄께   하다  전주 를 오게되어 간 중화요리집입니다  인터넷에는 데프콘 이 먹었던 물짜장집으로 유명하더라고요  솔직히 물짜장  전주  어디든 먹어도 배신없이 맛있습니다  여긴    
전주 여행,220, 알라딘서재  100자평   전주 여행  레시피, 전주 여행  레시피   Happy Travel 1 김주미 지음   즐거운상상   2013년 9월 평점   구판절판 처음 봤을때는 뭐가 되게 아기자기해서 기대했는데  직접 가보니  전주 가 되게 작은곳이라 편집이 너무 조잡하게    , 알라딘서재  100자평   전주 여행  레시피  전주 여행  레시피   Happy Travel 1 김주미 지음   즐거운상상   2013년 9월 평점   구판절판 처음 봤을때는 뭐가 되게 아기자기해서 기대했는데  직접 가보니  전주 가 되게 작은곳이라 편집이 너무 조잡하게    
전주 여행,221,  전주 맛집  교동 시래청   시래기국밥 전문점   전주여행    전주 한옥마    ,  전주 맛집  교동 시래청   시래기국밥 전문점  전주여행    전주 한옥마을 맛집  전주 한옥마을  아침식사로 딱이었던 시래기국밥  전주 한옥마을에서의 아침  11시즘 되었던 시각인데  아침식사가 가능한 식당은 많지    ,  전주 맛집  교동 시래청   시래기국밥 전문점   전주여행    전주 한옥마       전주 맛집  교동 시래청   시래기국밥 전문점  전주여행    전주 한옥마을 맛집  전주 한옥마을  아침식사로 딱이었던 시래기국밥  전주 한옥마을에서의 아침  11시즘 되었던 시각인데  아침식사가 가능한 식당은 많지    
전주 여행,222,  전주 여행   전동성당  입장시간 ,오늘 소개할 곳은  전주  한옥마을  여행 에 빼놓을 수 없는 명소  전동성당입니다  너무 아름다운 모습을 하고 있구요  사적 제288호로도 지정되어 있다고도 합니다  그리고 입장시간도 있어 늦지 않게 다녀와야    ,  전주 여행   전동성당  입장시간  오늘 소개할 곳은  전주  한옥마을  여행 에 빼놓을 수 없는 명소  전동성당입니다  너무 아름다운 모습을 하고 있구요  사적 제288호로도 지정되어 있다고도 합니다  그리고 입장시간도 있어 늦지 않게 다녀와야    
전주 여행,223,1박2일  전주여행  1일차  2020 08 22 23 ,2일  전주여행 을 다녀왔다  마이산 휴게소에서 마이산 배경으로    덕진공원에서    연꽃이 피었을 때 가면 좋았을 텐데 연꽃이 다져서 아쉬웠다  예약한  전주 영화호텔에 체크인하고  전주 맛집인 한국집에서    ,1박2일  전주여행  1일차  2020 08 22 23  2일  전주여행 을 다녀왔다  마이산 휴게소에서 마이산 배경으로    덕진공원에서    연꽃이 피었을 때 가면 좋았을 텐데 연꽃이 다져서 아쉬웠다  예약한  전주 영화호텔에 체크인하고  전주 맛집인 한국집에서    
전주 여행,224, 전주여행 가면 꼭 가봐야할 곳  전주 비빔밥 맛집 가족회관 , 전주여행 하면 꼭 가봐야 할 곳  전주 비빔밥 맛집 가족회관  전주  상담하러 갔다가  전주 에 계신 팀원과 합류해서 저녁먹으러 간곳   전주 에 오면  전주 비빔밥 꼭 먹고 가야하는데 맛집을 추천해주셔서 고고씽    , 전주여행 가면 꼭 가봐야할 곳  전주 비빔밥 맛집 가족회관   전주여행 하면 꼭 가봐야 할 곳  전주 비빔밥 맛집 가족회관  전주  상담하러 갔다가  전주 에 계신 팀원과 합류해서 저녁먹으러 간곳   전주 에 오면  전주 비빔밥 꼭 먹고 가야하는데 맛집을 추천해주셔서 고고씽    
전주 여행,225, 전주 여행    전주 생선구이본가 조기매운탕, 전주 여행 도 할 겸  겸사겸사 갔다  도착해서 조기매운탕이 너무 먹고 싶어서 검색해서 찾아간 곳   전주 생선구이본가 바로 맞은 편이 주차장  아주 좋구먼 식사 때가 아니라 널널하다  실내도 단정하고 깨끗하다     , 전주 여행    전주 생선구이본가 조기매운탕  전주 여행 도 할 겸  겸사겸사 갔다  도착해서 조기매운탕이 너무 먹고 싶어서 검색해서 찾아간 곳   전주 생선구이본가 바로 맞은 편이 주차장  아주 좋구먼 식사 때가 아니라 널널하다  실내도 단정하고 깨끗하다     
전주 여행,226,  전주여행   브런치가 먹고 싶어 찾아간 예쁜 카페  투리스타  turista , 전주여행  마지막날 오전부터 브런치가 너무 먹고 싶었다 아쉽게도  전주 엔 브런치 카페가 거의 없었으나   폭풍 검색으로 찾아낸  전주  브런치 카페 투리스타 한옥마을 근처  호텔 아래 붙어있는 한적한 카페다    ,  전주여행   브런치가 먹고 싶어 찾아간 예쁜 카페  투리스타  turista   전주여행  마지막날 오전부터 브런치가 너무 먹고 싶었다 아쉽게도  전주 엔 브런치 카페가 거의 없었으나   폭풍 검색으로 찾아낸  전주  브런치 카페 투리스타 한옥마을 근처  호텔 아래 붙어있는 한적한 카페다    
전주 여행,227, 전주 맛집 전북도청 연남물갈비  전주여행 추천, 전주 에 맛집이 굉장히 많은데  전주여행  하면서 연남물갈비 먹으러 전북도청 근처로 갔다 산처럼 쌓인 물갈비 위에 태극기가 꽂혀있는게 너무 귀엽다 먹기 좋게 얇은 갈비가 올라가있는데 너무 부드럽고    , 전주 맛집 전북도청 연남물갈비  전주여행 추천  전주 에 맛집이 굉장히 많은데  전주여행  하면서 연남물갈비 먹으러 전북도청 근처로 갔다 산처럼 쌓인 물갈비 위에 태극기가 꽂혀있는게 너무 귀엽다 먹기 좋게 얇은 갈비가 올라가있는데 너무 부드럽고    
전주 여행,228, 여행 이좋다     전주  피순대 맛집 마이산피순대 본점,다음은 예전  전주여행 길에 맛있게 먹은 맛집     전주여행  맛집 추천  전주  육일식당 고구마순 감자탕  전주여행  맛집 추천 육일식당 고구마순 감자탕 오늘은 이번  전주여행 길에 첫 식사를 해결한 식당 한곳    , 여행 이좋다     전주  피순대 맛집 마이산피순대 본점 다음은 예전  전주여행 길에 맛있게 먹은 맛집     전주여행  맛집 추천  전주  육일식당 고구마순 감자탕  전주여행  맛집 추천 육일식당 고구마순 감자탕 오늘은 이번  전주여행 길에 첫 식사를 해결한 식당 한곳    
전주 여행,229, 여행  맛집 이야기,개인적으로  전주여행  가게된다면 농가레스토랑 다시 방문하고 싶은 곳이다   전주 맛집으로 추천해 드리는 메뉴  후식은 요렇게 깔끔하게 간단히 먹기  사실 반찬을 많이 먹어서 배가 엄청 불렀다  마음 같아서는    , 여행  맛집 이야기 개인적으로  전주여행  가게된다면 농가레스토랑 다시 방문하고 싶은 곳이다   전주 맛집으로 추천해 드리는 메뉴  후식은 요렇게 깔끔하게 간단히 먹기  사실 반찬을 많이 먹어서 배가 엄청 불렀다  마음 같아서는    
전주 여행,230, 여행 이좋다    삼백집     전주  먹거리 콩나물국밥 맛집   전주  오래된     , 한국인이 사랑하는 오래된 한식당 100선  농림수산식품부 한식재단 선정  그러면 맛있는  전주  먹거리 많이들 드시구요  좋은 추억 많이 남기는  전주여행  되시길 바라겠습니다 , 여행 이좋다    삼백집     전주  먹거리 콩나물국밥 맛집   전주  오래된       한국인이 사랑하는 오래된 한식당 100선  농림수산식품부 한식재단 선정  그러면 맛있는  전주  먹거리 많이들 드시구요  좋은 추억 많이 남기는  전주여행  되시길 바라겠습니다 
전주 여행,231,  전주여행   전주 한옥마을 여행 에서 들려보아야할  전주 산책코스  전주     ,볼일차  전주 에 왔다가 팔자에도 없는 보너스 시간이 와이투케이에게 주어지었다 와이투케이에게 주어진 시간은 달랑 1시간30분  전주 천 산책에 이 시간을 투자하기로 하고 롯대백화점 부근에서  전주 천으로    ,  전주여행   전주 한옥마을 여행 에서 들려보아야할  전주 산책코스  전주      볼일차  전주 에 왔다가 팔자에도 없는 보너스 시간이 와이투케이에게 주어지었다 와이투케이에게 주어진 시간은 달랑 1시간30분  전주 천 산책에 이 시간을 투자하기로 하고 롯대백화점 부근에서  전주 천으로    
전주 여행,232,  전주여행  친구   전주 에 와서 한옥마을만 보고 갈 텐가 한옥 레일바    , 전주 의 새로운 즐길거리  전주  한옥 레일바이크 사랑하는 연인과  전주  한옥마을에서 한복을 입고 데이트도 즐기고 다시 아중역에서 한옥 레일바이크도 같이 타 본다면 영원한 추억이 될것이다 대한믹  국    ,  전주여행  친구   전주 에 와서 한옥마을만 보고 갈 텐가 한옥 레일바      전주 의 새로운 즐길거리  전주  한옥 레일바이크 사랑하는 연인과  전주  한옥마을에서 한복을 입고 데이트도 즐기고 다시 아중역에서 한옥 레일바이크도 같이 타 본다면 영원한 추억이 될것이다 대한믹  국    
전주 여행,233,  전주여행   마전고분군이 있는 서부신시가지의 문학대공원,문화공간으로 조성되었다 고분군들이 모여있는곳이다  전주여행 에서 한반쯤은 들려봐야할 곳이다 공원으로 오르는 길이다 오른쪽에도 계단으로 되어있는 입구가 있다 바로 옆에 있는 이씨조선의  전주 이씨 문종    ,  전주여행   마전고분군이 있는 서부신시가지의 문학대공원 문화공간으로 조성되었다 고분군들이 모여있는곳이다  전주여행 에서 한반쯤은 들려봐야할 곳이다 공원으로 오르는 길이다 오른쪽에도 계단으로 되어있는 입구가 있다 바로 옆에 있는 이씨조선의  전주 이씨 문종    
전주 여행,234, 알라딘서재  100자평   전주 여행  레시피, 전주 여행  레시피   Happy Travel 1 김주미 지음   즐거운상상   2013년 9월 평점   구판절판  전주 여행  다녀오며 구입한 책  편집이 깔끔하고 보기에 좋다  굿 , 알라딘서재  100자평   전주 여행  레시피  전주 여행  레시피   Happy Travel 1 김주미 지음   즐거운상상   2013년 9월 평점   구판절판  전주 여행  다녀오며 구입한 책  편집이 깔끔하고 보기에 좋다  굿 
전주 여행,235,  전주여행   후백제 견훤왕의 숨결을 느낄수 있는  전주  승암산의 동    ,조선왕조의 본향  전주  후백제의 도읍지  전주  후백제의 견훤왕이 숨결을 느낄수있는곳이 동고산성의 동고서 이다 완산  전주  이 그립군아 하고 유언을 남기고 죽었다는 견훤왕이  전주 에 도읍을 정하고 사고사    ,  전주여행   후백제 견훤왕의 숨결을 느낄수 있는  전주  승암산의 동     조선왕조의 본향  전주  후백제의 도읍지  전주  후백제의 견훤왕이 숨결을 느낄수있는곳이 동고산성의 동고서 이다 완산  전주  이 그립군아 하고 유언을 남기고 죽었다는 견훤왕이  전주 에 도읍을 정하고 사고사    
전주 여행,236,  전주여행  일제 강점기 아픈 역사의 흔적이 있는 역사 깊은 공원      , 전주  다가공원        전주  옛완산 의 오래된 역사 깊은 공원 그러나 슬픈 아픈 역사를 지니고 있는 공원 이다  전주 천을 끼고 우뚝 솟아있는 다가산 정상에 서면  전주 가 훤히 내려다 보이는 명단중의 명당    ,  전주여행  일제 강점기 아픈 역사의 흔적이 있는 역사 깊은 공원        전주  다가공원        전주  옛완산 의 오래된 역사 깊은 공원 그러나 슬픈 아픈 역사를 지니고 있는 공원 이다  전주 천을 끼고 우뚝 솟아있는 다가산 정상에 서면  전주 가 훤히 내려다 보이는 명단중의 명당    
전주 여행,237,  전주여행  조선시대 별장  전주 8경 한옥마을의 한벽당과 한벽굴, 전주  한벽당 임실 슬치고개에서 발원한  전주 천이 한벽당과 만나 아름다운 경관을 만들어 내고 있다    하여  전주  8경의 하나로 꼽았다 조선의 개국을 도운 공신이며 집현전 직제학을 지낸 월당 최담 선생이 태조    ,  전주여행  조선시대 별장  전주 8경 한옥마을의 한벽당과 한벽굴  전주  한벽당 임실 슬치고개에서 발원한  전주 천이 한벽당과 만나 아름다운 경관을 만들어 내고 있다    하여  전주  8경의 하나로 꼽았다 조선의 개국을 도운 공신이며 집현전 직제학을 지낸 월당 최담 선생이 태조    
전주 여행,238,   전주여행  아중호숫가에 있는 작은 소공원 호동골 어린이공원, 전주  호동골  전주  시민이면 누구나 다 알고있는 이름이다 예전 쓰래기매립장 이었다 지금은 호공골    하였다  전주  딸집에 들렸다가 오후시간 시간을 내어 들려보았던 아중호수와 아중리레일바이크 그리고    ,   전주여행  아중호숫가에 있는 작은 소공원 호동골 어린이공원  전주  호동골  전주  시민이면 누구나 다 알고있는 이름이다 예전 쓰래기매립장 이었다 지금은 호공골    하였다  전주  딸집에 들렸다가 오후시간 시간을 내어 들려보았던 아중호수와 아중리레일바이크 그리고    
전주 여행,239,  전주여행  완산칠봉에 있는 도심속 하늘정원   전주  완산공원 꽃동    , 전주  완산공원 완산공원 꽃동산  전주  완산칠봉에 있는 도심속 공원 이다 후백제의 도읍지이며 조선왕조의 본향  전주 를 대표하는 산이 완산칠봉 이다  전주  완산고원의 꽃동산  전주 시립도서관에서 하늘을    ,  전주여행  완산칠봉에 있는 도심속 하늘정원   전주  완산공원 꽃동      전주  완산공원 완산공원 꽃동산  전주  완산칠봉에 있는 도심속 공원 이다 후백제의 도읍지이며 조선왕조의 본향  전주 를 대표하는 산이 완산칠봉 이다  전주  완산고원의 꽃동산  전주 시립도서관에서 하늘을    
전주 여행,240,  전주여행   조선왕조실록의 피난등 수난사를 알수있는  전주 사고, 전주 사고 국보제151호인 조선왕조실록을 안전하게 보관하기 위해 만들어진  전주  경기전안의 건물이다 이  전주 사고에 가보면 임진왜란 당시 조성왕조실록의 피신과 수난사를 한눈에 볼수 있다  전주 사고는    ,  전주여행   조선왕조실록의 피난등 수난사를 알수있는  전주 사고  전주 사고 국보제151호인 조선왕조실록을 안전하게 보관하기 위해 만들어진  전주  경기전안의 건물이다 이  전주 사고에 가보면 임진왜란 당시 조성왕조실록의 피신과 수난사를 한눈에 볼수 있다  전주 사고는    
전주 여행,241, 연꽃 여행  대한민국 연꽃 대표 관광지인  전주  덕진공원 덕진연못 201    ,덕진공원은  전주여행 코스에서 빠트릴수 없는 필수  여행 코스 이다 덕진연못의 연꽃은 덕진호수 한가운데를 가로지르는 현수교와 연지교등 주변경관이 무척 아름다워 사진을 찍으면 무척 아름답다 연꽃밭이    , 연꽃 여행  대한민국 연꽃 대표 관광지인  전주  덕진공원 덕진연못 201     덕진공원은  전주여행 코스에서 빠트릴수 없는 필수  여행 코스 이다 덕진연못의 연꽃은 덕진호수 한가운데를 가로지르는 현수교와 연지교등 주변경관이 무척 아름다워 사진을 찍으면 무척 아름답다 연꽃밭이    
전주 여행,242,  전주여행  친환경 생태도시 에코시티의 자랑거리 세병호와 세병공    ,에코시티가 조성되었다 세병공원은  전주 한옥마을 여행 에서 나아가  전주여행 에서 꼭 들려가야 하는  전주여행 코스 이다 와이투케이는 손자들이 에코시티에 살고 있어 자주 들리는 세병호 이고 세병공원 이다,  전주여행  친환경 생태도시 에코시티의 자랑거리 세병호와 세병공     에코시티가 조성되었다 세병공원은  전주 한옥마을 여행 에서 나아가  전주여행 에서 꼭 들려가야 하는  전주여행 코스 이다 와이투케이는 손자들이 에코시티에 살고 있어 자주 들리는 세병호 이고 세병공원 이다
전주 여행,243,  전주여행   이씨조선의 본향  전주 한옥마을에 있는 경기전의 어진박    ,이씨 조선의 본향인  전주   전주  한옥마을 한옥마을로는 전국에서 제일 유명한곳이  전주  한옥마을 이다 이  전주 한옥마을에는 경기전이 있고 이 경기전안에 태조 이성계의 어진을 모시고 있는 어진    ,  전주여행   이씨조선의 본향  전주 한옥마을에 있는 경기전의 어진박     이씨 조선의 본향인  전주   전주  한옥마을 한옥마을로는 전국에서 제일 유명한곳이  전주  한옥마을 이다 이  전주 한옥마을에는 경기전이 있고 이 경기전안에 태조 이성계의 어진을 모시고 있는 어진    
전주 여행,244,  전주여행    전주 천에서의 달랑 20분의 산책과 추억,일요일 오후 볼일차  전주 에 왔다가 팔자에도 없는 보너스 시간 30여분이 와이투케이에게 주어지었다 작은 자트리 시간 보내기엔 안성맞춤안 곳이  전주 천이다  전주 천 산책에 이 시간을 투자하기로 하고    ,  전주여행    전주 천에서의 달랑 20분의 산책과 추억 일요일 오후 볼일차  전주 에 왔다가 팔자에도 없는 보너스 시간 30여분이 와이투케이에게 주어지었다 작은 자트리 시간 보내기엔 안성맞춤안 곳이  전주 천이다  전주 천 산책에 이 시간을 투자하기로 하고    
전주 여행,245,180812아이들과  전주여행  한옥마을속으로,산책  전주여행 은 군것질과 함께   개인적으로 가장 만족 스러웠던 마약육전 추억 남겨줄 사진에 조미료를 위해 한복대여 헤어 사진 세트라고하여 온가족이 한복체험 시작   사진관에서 사진 촬영후 마을투어    ,180812아이들과  전주여행  한옥마을속으로 산책  전주여행 은 군것질과 함께   개인적으로 가장 만족 스러웠던 마약육전 추억 남겨줄 사진에 조미료를 위해 한복대여 헤어 사진 세트라고하여 온가족이 한복체험 시작   사진관에서 사진 촬영후 마을투어    
전주 여행,246,  전주여행   후백제 숨결이 숨어있는 황방산 서고사,후백제의 도읍지  전주  구 완산  후백제의 견훤왕이 숨결을 느낄수있는곳이  전주  효자동 서곡지구 황방산의 서고사 이다 완산  전주  이 그립군아 하고 유언을 남기고 죽었다는 견훤왕이  전주 에 도읍을 정하고    ,  전주여행   후백제 숨결이 숨어있는 황방산 서고사 후백제의 도읍지  전주  구 완산  후백제의 견훤왕이 숨결을 느낄수있는곳이  전주  효자동 서곡지구 황방산의 서고사 이다 완산  전주  이 그립군아 하고 유언을 남기고 죽었다는 견훤왕이  전주 에 도읍을 정하고    
전주 여행,247, 알라딘서재 언제라도  전주 ,제가 가봤던 곳도 있었고요  다음에  전주 를 가면 가고 싶은곳도 있었어요   가장 가보고 싶은곳은 북카페 카프카   다음  전주여행 때 들고다니면서  여행 해봐야겠어요  날 좋아진 요즘  전주여행 가고싶다아    , 알라딘서재 언제라도  전주  제가 가봤던 곳도 있었고요  다음에  전주 를 가면 가고 싶은곳도 있었어요   가장 가보고 싶은곳은 북카페 카프카   다음  전주여행 때 들고다니면서  여행 해봐야겠어요  날 좋아진 요즘  전주여행 가고싶다아    
전주 여행,248,  전주여행    전주  에코시티의 친환경 생태공원  세병공원과 세병호    ,한다는 뜻 이다 한다 세병공원은  전주 한옥마을 여행 에서 나아가  전주여행 에서 꼭 들려가야 하는  전주여행 코스 이다 와이투케이는 에코시티에 손자들이 살고 있어 자주 가는 에코시티인데 처음으로 포스팅한다,  전주여행    전주  에코시티의 친환경 생태공원  세병공원과 세병호     한다는 뜻 이다 한다 세병공원은  전주 한옥마을 여행 에서 나아가  전주여행 에서 꼭 들려가야 하는  전주여행 코스 이다 와이투케이는 에코시티에 손자들이 살고 있어 자주 가는 에코시티인데 처음으로 포스팅한다
전주 여행,249, 전동성당 최초순교지이자  전주 한옥마을  여행 의 필수 여행 코스,함께  전주여행 에서 꼭 들려봐야하는 필수  전주여행 코스 이다 자주 가는  전주  그리고 한옥마을 아내와 남문시장 맛집에서 순대국 한그릇하고  전주 한옥마을에 들린김에 전동성당도 자세히 둘러보았다    , 전동성당 최초순교지이자  전주 한옥마을  여행 의 필수 여행 코스 함께  전주여행 에서 꼭 들려봐야하는 필수  전주여행 코스 이다 자주 가는  전주  그리고 한옥마을 아내와 남문시장 맛집에서 순대국 한그릇하고  전주 한옥마을에 들린김에 전동성당도 자세히 둘러보았다    
전주 여행,250,  전주여행   예향도시  전주 의 자랑거리 국립무형유산원,박물관이  전주 에 있다 예향의 도시 답게 무형유산박물관이 있어  전주 가 자랑스럽다 어렴풋이 알고는    2013년도에  전주 에 개관한  전주 의 자랑거리 이다  전주 에 사는 시민들은 신나겠다 각종 무료공연이 계속    ,  전주여행   예향도시  전주 의 자랑거리 국립무형유산원 박물관이  전주 에 있다 예향의 도시 답게 무형유산박물관이 있어  전주 가 자랑스럽다 어렴풋이 알고는    2013년도에  전주 에 개관한  전주 의 자랑거리 이다  전주 에 사는 시민들은 신나겠다 각종 무료공연이 계속    
전주 여행,251,  전주여행  완산칠봉의 작은 생태공원인 완산칠봉생태습지원,완산칠봉생태습지원 완산    은  전주 의 옛 지명이고 이싸조선의 본향이요 후백제의 도읍지이다    실제로  전주 천을 따라 산책 하다보면  전주 천변의 산세는 비경 이다 완산에는 완산칠봉이 있고    ,  전주여행  완산칠봉의 작은 생태공원인 완산칠봉생태습지원 완산칠봉생태습지원 완산    은  전주 의 옛 지명이고 이싸조선의 본향이요 후백제의 도읍지이다    실제로  전주 천을 따라 산책 하다보면  전주 천변의 산세는 비경 이다 완산에는 완산칠봉이 있고    
전주 여행,252,  전주여행  국내 최고수준의 복합문화예술공간  전주  한국소리문화의    ,전북  전주 에서 매년 개최되고 있는  전주 세계소리축제가 열리는 곳 한국소리문화의 전당 2001년    이다  전주 의 자랑 전북의 자랑 이다 대지면적이 30 184평에 건물면적이 11 064평이나 되는 대형 아트센터이다    ,  전주여행  국내 최고수준의 복합문화예술공간  전주  한국소리문화의     전북  전주 에서 매년 개최되고 있는  전주 세계소리축제가 열리는 곳 한국소리문화의 전당 2001년    이다  전주 의 자랑 전북의 자랑 이다 대지면적이 30 184평에 건물면적이 11 064평이나 되는 대형 아트센터이다    
전주 여행,253,  전주여행   한옥마을 분위기에 딱 어울리는  전주 한옥마을 부채박물    , 전주 한옥마을 부채박물관 선조들의 지혜가 담긴 부채의 모든것을  전주 한옥마을에 가면 볼수가 있다 글자그대로 조선시대 부채부터 중국 일본 부채까지 모든 부채가 전시되어있는 부채박물관 이다  전주 한옥마을    ,  전주여행   한옥마을 분위기에 딱 어울리는  전주 한옥마을 부채박물      전주 한옥마을 부채박물관 선조들의 지혜가 담긴 부채의 모든것을  전주 한옥마을에 가면 볼수가 있다 글자그대로 조선시대 부채부터 중국 일본 부채까지 모든 부채가 전시되어있는 부채박물관 이다  전주 한옥마을    
전주 여행,254, 전주여행 , 여행 지    전주 시 일원  여행 일   2014  12  14 일요일  코스    전주 한옥마을 둘러보기   전주 전통비빔밥시식   덕진공원  유적지 저녁으로  전주 떡갈비시식 등  , 전주여행   여행 지    전주 시 일원  여행 일   2014  12  14 일요일  코스    전주 한옥마을 둘러보기   전주 전통비빔밥시식   덕진공원  유적지 저녁으로  전주 떡갈비시식 등  
전주 여행,255,  전주여행   덕진호수의 옛 연화교가 변신을 하고있는 덕진공원 210425    , 전주 에서 나홀로  전주  가볼만한곳 중 첫번째로 꼽는  전주  덕진공원에 들려보았다 연화교 없는 덕진공원의 모습은 어떤 모습일까  연화교는 어떤 모습으로 변신을 하고 있을까 궁금한 마음으로 한시간의 자투리    ,  전주여행   덕진호수의 옛 연화교가 변신을 하고있는 덕진공원 210425      전주 에서 나홀로  전주  가볼만한곳 중 첫번째로 꼽는  전주  덕진공원에 들려보았다 연화교 없는 덕진공원의 모습은 어떤 모습일까  연화교는 어떤 모습으로 변신을 하고 있을까 궁금한 마음으로 한시간의 자투리    
전주 여행,256,2015 01 30     전주여행  1일차  한옥마을 야시장  남부시장  청년몰 구경    ,2015 01 30     전주여행  1일차  한옥스테이 태조마루  한옥마을 먹거리 구경  http   sweetcity tistory com 1725 사장님이 알려주신 야시장 구경가는길   광화문처럼   세월호 천막에 울컥  조명받아 멋진 풍남문    ,2015 01 30     전주여행  1일차  한옥마을 야시장  남부시장  청년몰 구경     2015 01 30     전주여행  1일차  한옥스테이 태조마루  한옥마을 먹거리 구경  http   sweetcity tistory com 1725 사장님이 알려주신 야시장 구경가는길   광화문처럼   세월호 천막에 울컥  조명받아 멋진 풍남문    
전주 여행,257,  전주여행   전주 대사습놀이에 가면  전주 한옥마을도 구경할수 있다,맞추어  전주여행 을 왔다 매년 열리는 전국대회로 판소리명창과 일반 농악 무용 기악 시조 민요 가야금명창 궁도 명고수까지 10개부분으로 치러지는 전국 경연대회 이다  전주 대사습놀이는 전국대회 로서 무척    ,  전주여행   전주 대사습놀이에 가면  전주 한옥마을도 구경할수 있다 맞추어  전주여행 을 왔다 매년 열리는 전국대회로 판소리명창과 일반 농악 무용 기악 시조 민요 가야금명창 궁도 명고수까지 10개부분으로 치러지는 전국 경연대회 이다  전주 대사습놀이는 전국대회 로서 무척    
전주 여행,258,  전주여행   옛날 물건들 모두 이곳에 전시 되어 있다  전주 한옥마을    , 전주 한옥마을의 루이엘모자박물관 바로 옆에는 추억박물관도 있다 같은 건물에 있다 입장료 3 000원    전시공간을 전라북도 든  전주 시 든 문화예술재단 이든 어느곳 이든 지원 된다면 얼마나 좋을까 생각해 본다,  전주여행   옛날 물건들 모두 이곳에 전시 되어 있다  전주 한옥마을      전주 한옥마을의 루이엘모자박물관 바로 옆에는 추억박물관도 있다 같은 건물에 있다 입장료 3 000원    전시공간을 전라북도 든  전주 시 든 문화예술재단 이든 어느곳 이든 지원 된다면 얼마나 좋을까 생각해 본다
전주 여행,259,  전주여행   전주 한옥마을  여행 에서 꼭 가봐야 할곳  전주  풍남문,이씨조선의 본향인  전주 의 한옥마을  여행 에서 꼭 들려보아야할곳이 있다 경기전과 어진박물관도 가보아야할 곳이지만  전주  풍남문도 꼭 가봐야한다 보물제308호인 풍남문     은  전주 를 대표하는    ,  전주여행   전주 한옥마을  여행 에서 꼭 가봐야 할곳  전주  풍남문 이씨조선의 본향인  전주 의 한옥마을  여행 에서 꼭 들려보아야할곳이 있다 경기전과 어진박물관도 가보아야할 곳이지만  전주  풍남문도 꼭 가봐야한다 보물제308호인 풍남문     은  전주 를 대표하는    
전주 여행,260,  전주여행  가즈아   전주  젊음이 넘치는 거리로    전주  객사 길과 영    ,가볼만한곳  전주여행 에서 꼭 가보아야 하는 필수  전주여행 코스 이다 결혼식 참석차  전주 에 온 김에 벚꽃명소 이자 데이트코스로 유명한 아중리저수지를 들린후 영화의거리 객사길까지 한바뀌 돌아보았다    ,  전주여행  가즈아   전주  젊음이 넘치는 거리로    전주  객사 길과 영     가볼만한곳  전주여행 에서 꼭 가보아야 하는 필수  전주여행 코스 이다 결혼식 참석차  전주 에 온 김에 벚꽃명소 이자 데이트코스로 유명한 아중리저수지를 들린후 영화의거리 객사길까지 한바뀌 돌아보았다    
전주 여행,261,  전주여행  한옥마을 전망대 이성계 장군의 승전 연회 장소  오목대, 전주 한옥마을  여행 을 다녀왔다 한옥마을과 경기정  어진박물관  풍남문  남문시장 그리고 최근 개장한 전라감영까지 돌아보고 오목대에 올랐다 가까이 있어 자주 들리는 곳이나 올 때마다 새롭고 또 다시    ,  전주여행  한옥마을 전망대 이성계 장군의 승전 연회 장소  오목대  전주 한옥마을  여행 을 다녀왔다 한옥마을과 경기정  어진박물관  풍남문  남문시장 그리고 최근 개장한 전라감영까지 돌아보고 오목대에 올랐다 가까이 있어 자주 들리는 곳이나 올 때마다 새롭고 또 다시    
전주 여행,262,  전주여행   전주  한옥마을  한국관광 100선에 빛나는 우리나라 대표     ,이외에도  전주 향교와 이목대 그리고 벽화마을  전통주박물관  승광재 등도 들려 볼 만한 곳이다  전주 한옥마을  여행 에서는 은퇴 후 사진작가로 왕성하게 활동 중인 절친도 우연히 만나 사진도 서로 찍어주곤했다,  전주여행   전주  한옥마을  한국관광 100선에 빛나는 우리나라 대표      이외에도  전주 향교와 이목대 그리고 벽화마을  전통주박물관  승광재 등도 들려 볼 만한 곳이다  전주 한옥마을  여행 에서는 은퇴 후 사진작가로 왕성하게 활동 중인 절친도 우연히 만나 사진도 서로 찍어주곤했다
전주 여행,263, 전주 가볼만한곳  전주여행  필수코스 천상의 정원인 한국도로공사 수    ,천년고도 그리고 이씨조선의 본향  전주   전주 에 가면 꼭 들려보아야 할곳이자  전주여행 의 필수코스인 한국도로공사 수목원이다 월드컵경기장 부근 고속도로 입구 큰 도로변에 있다  전주 에 딸집이 있어    , 전주 가볼만한곳  전주여행  필수코스 천상의 정원인 한국도로공사 수     천년고도 그리고 이씨조선의 본향  전주   전주 에 가면 꼭 들려보아야 할곳이자  전주여행 의 필수코스인 한국도로공사 수목원이다 월드컵경기장 부근 고속도로 입구 큰 도로변에 있다  전주 에 딸집이 있어    
전주 여행,264,SK LTE  어디까지 가봤니    맛있는  여행    전주  ,  맛있는  여행    전주   2012 08 27 06 30 IT 웹   서비스 Web   Service  글 작성자  레이니아 https   map naver com p entry place 1589368656 광고 제주유럽코티지감성 자쿠지독채 프라이빗 제주 여행   유럽감성    ,SK LTE  어디까지 가봤니    맛있는  여행    전주     맛있는  여행    전주   2012 08 27 06 30 IT 웹   서비스 Web   Service  글 작성자  레이니아 https   map naver com p entry place 1589368656 광고 제주유럽코티지감성 자쿠지독채 프라이빗 제주 여행   유럽감성    
전주 여행,265,  전주여행   전주 의 첫 인상  전주 역 앞   전주  첫 마중길 도로공원 2011    , 전주 역 앞  전주 첫마중길 기차를 타고  전주 역에서 내리면 처음으로 만나는  전주 첫마중길 이다  전주 의 첫인상이  전주 첫마중길 이다 한 여름이면 이  전주 첫마중길이 한여름 무더위를 피할수있는 어린이    ,  전주여행   전주 의 첫 인상  전주 역 앞   전주  첫 마중길 도로공원 2011      전주 역 앞  전주 첫마중길 기차를 타고  전주 역에서 내리면 처음으로 만나는  전주 첫마중길 이다  전주 의 첫인상이  전주 첫마중길 이다 한 여름이면 이  전주 첫마중길이 한여름 무더위를 피할수있는 어린이    
전주 여행,266,  전주여행   아중호수 나무데크 산책로를 따라 봄 산책 220403 ,예전 오래 전부터  전주  아중리 아중호수는 밤이면 불야성을 이루는 유명한 곳이다 벚꽃 구경하러 갈까 또는 민물매운탕 먹으러 갈까 기린봉 등산하러 등등 여러가지 목적을 핑게삼아 일년이면 여러번 들리는    ,  전주여행   아중호수 나무데크 산책로를 따라 봄 산책 220403  예전 오래 전부터  전주  아중리 아중호수는 밤이면 불야성을 이루는 유명한 곳이다 벚꽃 구경하러 갈까 또는 민물매운탕 먹으러 갈까 기린봉 등산하러 등등 여러가지 목적을 핑게삼아 일년이면 여러번 들리는    
전주 여행,267,  전주여행   한국도로공사 수목원 코앞에 있는  전주  시민들의 쉼터인    ,총화의 탑 그리고 기독교 방송국이 있는곳 예전 고속도로  전주  나들목이 있던 그자리 그곳엔 지금은  전주 시민을 위한 쉼터가 조성되어있다  전주  나들목 가족공원 이다  전주  인터체인지와 월드컵경기장에서    ,  전주여행   한국도로공사 수목원 코앞에 있는  전주  시민들의 쉼터인     총화의 탑 그리고 기독교 방송국이 있는곳 예전 고속도로  전주  나들목이 있던 그자리 그곳엔 지금은  전주 시민을 위한 쉼터가 조성되어있다  전주  나들목 가족공원 이다  전주  인터체인지와 월드컵경기장에서    
전주 여행,268,  전주여행   이씨 조선의 본향인  전주 의 자랑거리 덕진연못의 연꽃, 전주  덕진공원 이씨 조선의 본향인  전주 의 명물이자  전주 를 상징하고 있는 덕진공원  전주여행 의 필수코스 이다 덕진호수 한가운데를 현수교와 연꽃이 양분하고 잇어 아름다운 덕진연못이다  전주     ,  전주여행   이씨 조선의 본향인  전주 의 자랑거리 덕진연못의 연꽃  전주  덕진공원 이씨 조선의 본향인  전주 의 명물이자  전주 를 상징하고 있는 덕진공원  전주여행 의 필수코스 이다 덕진호수 한가운데를 현수교와 연꽃이 양분하고 잇어 아름다운 덕진연못이다  전주     
전주 여행,269,광주출발  당신이 놓치지 말아야 할  여행 지 5곳,각 지역의 특색과  여행  팁을 함께 살펴보세요  1   전주   한옥마을의 매력  전주 는 광주에서 차로 약 1시간 거리에 위치해 있습니다   전주  한옥마을은 한국 전통 가옥의 아름다움을 느낄 수 있는 장소로  많은    ,광주출발  당신이 놓치지 말아야 할  여행 지 5곳 각 지역의 특색과  여행  팁을 함께 살펴보세요  1   전주   한옥마을의 매력  전주 는 광주에서 차로 약 1시간 거리에 위치해 있습니다   전주  한옥마을은 한국 전통 가옥의 아름다움을 느낄 수 있는 장소로  많은    
전주 여행,270,  전주여행    전주  한옥마을  대한민국 대표  여행 지,com 15815131   전주여행    전주  난장 박물관   전주  한옥마을의 이색적인 옛날 볼거리 생일을 맞은 손자들과  전주  한옥마을에서 신나게 하루를 보냈다점심을  전주  한옥마을에서 제일 유명한 먹거리인 물갈비로    ,  전주여행    전주  한옥마을  대한민국 대표  여행 지 com 15815131   전주여행    전주  난장 박물관   전주  한옥마을의 이색적인 옛날 볼거리 생일을 맞은 손자들과  전주  한옥마을에서 신나게 하루를 보냈다점심을  전주  한옥마을에서 제일 유명한 먹거리인 물갈비로    
전주 여행,271, 전주 홈페이지제작   해외 여행   골프투어 전문  여행 사 온라인 견적문    ,com  하나단독투어   하나투어 공식인증 예약센터  해외 여행   단체 여행   하나투어   전주여행 사 하나단독투어  주 글로벌투어   하나투어 공식인증 예약센터  해외 여행   단체 여행   하나투어   전주여행 사    , 전주 홈페이지제작   해외 여행   골프투어 전문  여행 사 온라인 견적문     com  하나단독투어   하나투어 공식인증 예약센터  해외 여행   단체 여행   하나투어   전주여행 사 하나단독투어  주 글로벌투어   하나투어 공식인증 예약센터  해외 여행   단체 여행   하나투어   전주여행 사    
전주 여행,272,  전주여행   정월 대보름 공연 전북 달맞이 굿 good   보러가세,보러가세 음식의 고장 이자 한옥마을의 고장인  전주 의 한복판을 흐르고 있는  전주 천 통일광장    net y2k2041 15812600  임실 여행   가장 한국적인 신명나는 축제 필봉마을 정월대보름굿 정월대보름날 일년에    ,  전주여행   정월 대보름 공연 전북 달맞이 굿 good   보러가세 보러가세 음식의 고장 이자 한옥마을의 고장인  전주 의 한복판을 흐르고 있는  전주 천 통일광장    net y2k2041 15812600  임실 여행   가장 한국적인 신명나는 축제 필봉마을 정월대보름굿 정월대보름날 일년에    
전주 여행,273,  전주여행  지구촌 모자들은 모두 이곳에 이색 박물관  루이엘 모자    , 전주 한옥마을  여행 에서 모자박물관도 구경하여 보자  전주  한옥마을 서쪽 끝자락엔 루이엘모자박물관과 추억박물관 있다 별별 박물관도 다 있다 두 박물관 구경거리가 많아 좋다 입장료 3 000원이면 두 박물관을    ,  전주여행  지구촌 모자들은 모두 이곳에 이색 박물관  루이엘 모자      전주 한옥마을  여행 에서 모자박물관도 구경하여 보자  전주  한옥마을 서쪽 끝자락엔 루이엘모자박물관과 추억박물관 있다 별별 박물관도 다 있다 두 박물관 구경거리가 많아 좋다 입장료 3 000원이면 두 박물관을    
전주 여행,274,  전주여행   전동성당에서,지란지교를 꿈꾸며  전주 를 달려간 친구들과 약속시간은 오후 5시 한시간 틈새  여행 을 전동성당으로 향하는데 1월31일 수요일 오후 성당에 행사가 있어 관계자 외 차량 출임도 금하지만 꼬까 한복을 입은    ,  전주여행   전동성당에서 지란지교를 꿈꾸며  전주 를 달려간 친구들과 약속시간은 오후 5시 한시간 틈새  여행 을 전동성당으로 향하는데 1월31일 수요일 오후 성당에 행사가 있어 관계자 외 차량 출임도 금하지만 꼬까 한복을 입은    
전주 여행,275, 전주   여행 가, 여행 가   https   blog naver com allga79 전화번호   063 231 3040 도로명    전주 시 완산구 은행로 74 11 지번    전주 시 완산구 교동 91 5 장점    전주 숙박업에서 못보던 샤워타월과 빗  화장용 거울  큰 비누  폼클렌징이 있음    , 전주   여행 가  여행 가   https   blog naver com allga79 전화번호   063 231 3040 도로명    전주 시 완산구 은행로 74 11 지번    전주 시 완산구 교동 91 5 장점    전주 숙박업에서 못보던 샤워타월과 빗  화장용 거울  큰 비누  폼클렌징이 있음    
전주 여행,276,  전주 역 1년 안에 꼭 가보아야 하는 아시아  여행 명소 3위  전주여행 은    , 전주 역  전주 KTX역  전주 한옥마을등  전주여행 은  전주 역에서 부터 시작된다  전주 답게  전주 역사도 한옥마을 이다  전주 역 광장에 나오면 한복입고 부채들고 서 있는 예쁜 아가씨가 관광객들을 반겨준다  전주 역    ,  전주 역 1년 안에 꼭 가보아야 하는 아시아  여행 명소 3위  전주여행 은      전주 역  전주 KTX역  전주 한옥마을등  전주여행 은  전주 역에서 부터 시작된다  전주 답게  전주 역사도 한옥마을 이다  전주 역 광장에 나오면 한복입고 부채들고 서 있는 예쁜 아가씨가 관광객들을 반겨준다  전주 역    
전주 여행,277, 전주 가볼만한곳  전주 난장 테마박물관 7080 감수성이 있는곳,06 00  전주여행 에서 이번에 들린 곳은 전북 유일의 테마박물관이며 7080 감수성을 그대로 재현해 낸 곳입니다  요즘 어딜가나 7080 을 내세우고 있는 장소가 많이 있지만 특히 이곳  전주 난장은 그대의 그 감성을    , 전주 가볼만한곳  전주 난장 테마박물관 7080 감수성이 있는곳 06 00  전주여행 에서 이번에 들린 곳은 전북 유일의 테마박물관이며 7080 감수성을 그대로 재현해 낸 곳입니다  요즘 어딜가나 7080 을 내세우고 있는 장소가 많이 있지만 특히 이곳  전주 난장은 그대의 그 감성을    
전주 여행,278, 전주  한옥마을  한울밥상  맛집 오짱  한벽터널, 전주 여행 기 한울밥상   오짱   한벽터널  전주 는 맛과 멋이 공존하는 도시라 늘 기대가 됩니다  이번  여행 은 조금 특별했는데  원래는 한옥마을 안쪽 맛집을 갈 계획이었지만  우연히 들른 가게 사장님의    , 전주  한옥마을  한울밥상  맛집 오짱  한벽터널  전주 여행 기 한울밥상   오짱   한벽터널  전주 는 맛과 멋이 공존하는 도시라 늘 기대가 됩니다  이번  여행 은 조금 특별했는데  원래는 한옥마을 안쪽 맛집을 갈 계획이었지만  우연히 들른 가게 사장님의    
전주 여행,279, 전주  하숙영가마솥비빔밥 된장찌개와 비빔밥의 잘 어울리는 조합, 전주 맛집 투어 하숙영비빔밥 방문 오래전 다녀온  전주여행 에서 못 먹고 온 음식이 하나 있다면  비빔밥 이었다  이번에는 꼭 먹어보고 와야지 하는 생각에  전주 의 수많은 비빔밥가게를 검색하던 중 눈에    , 전주  하숙영가마솥비빔밥 된장찌개와 비빔밥의 잘 어울리는 조합  전주 맛집 투어 하숙영비빔밥 방문 오래전 다녀온  전주여행 에서 못 먹고 온 음식이 하나 있다면  비빔밥 이었다  이번에는 꼭 먹어보고 와야지 하는 생각에  전주 의 수많은 비빔밥가게를 검색하던 중 눈에    
전주 여행,280, 전주 여행  예정   럴럴럴 월드,티스토리 뷰 Diary  전주 여행  예정 랄랄라 lalalabro 2018 03 27 11 36 Let s Go  전주  2018 3 30 4 2  전주  막걸리  여행   안주 낮에는 한옥마을 밤에는 막걸리골목 얼마전  생생정보를 보다가   전주  막걸리    , 전주 여행  예정   럴럴럴 월드 티스토리 뷰 Diary  전주 여행  예정 랄랄라 lalalabro 2018 03 27 11 36 Let s Go  전주  2018 3 30 4 2  전주  막걸리  여행   안주 낮에는 한옥마을 밤에는 막걸리골목 얼마전  생생정보를 보다가   전주  막걸리    
전주 여행,281, 알라딘서재 조용하면서도 다양한 매력의 로컬  여행  가이드  소도시    ,소도시트래블 완주   소도시트래블 맛조이코리아 편집부 지음   맛조이코리아   2022년 11월 평점   품절 얼마 전  전주 여행 을 다녀왔는데 소도시트래블 완주편을 보고 조금만 빨리 알았으면 정말 좋았겠다는    , 알라딘서재 조용하면서도 다양한 매력의 로컬  여행  가이드  소도시     소도시트래블 완주   소도시트래블 맛조이코리아 편집부 지음   맛조이코리아   2022년 11월 평점   품절 얼마 전  전주 여행 을 다녀왔는데 소도시트래블 완주편을 보고 조금만 빨리 알았으면 정말 좋았겠다는    
전주 여행,282, 알라딘서재  생생리뷰 아는동네 아는 전주 ,그리고 친구의 입에서  그럼   전주 로 가자 라는 회신을 듣고 싶다   아는동네아는 전주    전주여행   어반플레이  urbanplay  아는동네  아는동네매거진 그럼  전주 로 가자, 알라딘서재  생생리뷰 아는동네 아는 전주  그리고 친구의 입에서  그럼   전주 로 가자 라는 회신을 듣고 싶다   아는동네아는 전주    전주여행   어반플레이  urbanplay  아는동네  아는동네매거진 그럼  전주 로 가자
전주 여행,283, 알라딘서재  전주 시집, 전주여행 을 계획하고는 있었지만  도대체 그곳에 가서 무엇을 보고 무엇을 해야   여행  잘했다  는 생각이 들지 몰랐는데  전주 엔 내가 알고 있는 것보다 많은 것들이 있구나 싶었다  진짜 한국을 느낄 수 있는    , 알라딘서재  전주 시집  전주여행 을 계획하고는 있었지만  도대체 그곳에 가서 무엇을 보고 무엇을 해야   여행  잘했다  는 생각이 들지 몰랐는데  전주 엔 내가 알고 있는 것보다 많은 것들이 있구나 싶었다  진짜 한국을 느낄 수 있는    
전주 여행,284, 알라딘서재 언제라도  전주 , 전주 여행 을 계획하고 계신 분들  따듯한 위로를 책에서 받고 싶은 분들이 있다면 한 번 꼭 읽어보시길 권유해본다  그저 그런  여행 서가 아니다  가슴이 따뜻해지는 에세이같은  여행 서다  핵심 포인트 1  꼭 목차    , 알라딘서재 언제라도  전주   전주 여행 을 계획하고 계신 분들  따듯한 위로를 책에서 받고 싶은 분들이 있다면 한 번 꼭 읽어보시길 권유해본다  그저 그런  여행 서가 아니다  가슴이 따뜻해지는 에세이같은  여행 서다  핵심 포인트 1  꼭 목차    
전주 여행,285, 전주  맛집 추천 리스트, 전주여행 을 해본게 엊그제 같은데 벌써 3년이 지났네요  지인과 함께 1박2일  전주 먹방 여행 을 다녀왔습니다   전주 맛집 조점례 남문피순대  전주 역에서 남부시장까지 한 30분정도  시장에 도착하니 시장의    , 전주  맛집 추천 리스트  전주여행 을 해본게 엊그제 같은데 벌써 3년이 지났네요  지인과 함께 1박2일  전주 먹방 여행 을 다녀왔습니다   전주 맛집 조점례 남문피순대  전주 역에서 남부시장까지 한 30분정도  시장에 도착하니 시장의    
전주 여행,286, 알라딘서재 오렌지캬라멜 청춘 여행 ,그런 생각을 갖고 있던 중 급 떠나게 된  전주여행    서울에 있는곳은 언제든지 갈 수 있기에  전주  한옥마을로  여행 을 갔다왔다  오렌지 카라멜의  여행  경로를 따라 한옥도 구경하고  한복입고 하는 전통체험은    , 알라딘서재 오렌지캬라멜 청춘 여행  그런 생각을 갖고 있던 중 급 떠나게 된  전주여행    서울에 있는곳은 언제든지 갈 수 있기에  전주  한옥마을로  여행 을 갔다왔다  오렌지 카라멜의  여행  경로를 따라 한옥도 구경하고  한복입고 하는 전통체험은    
전주 여행,287, 전주여행  콩나물국밥의 명가 160여 점포의 프렌차이즈  전주 맛집 현    , 전주여행  콩나물국밥의 명가 160여 점포의 프렌차이즈  전주 맛집 현대옥 전라북도  전주 는 콩나물국밥의 발생지로 유명한 콩나물국밥집이 많아 맛객들의 발길이 끊이지 않는 곳이다 특히 현대옥은 1세대인    , 전주여행  콩나물국밥의 명가 160여 점포의 프렌차이즈  전주 맛집 현      전주여행  콩나물국밥의 명가 160여 점포의 프렌차이즈  전주 맛집 현대옥 전라북도  전주 는 콩나물국밥의 발생지로 유명한 콩나물국밥집이 많아 맛객들의 발길이 끊이지 않는 곳이다 특히 현대옥은 1세대인    
전주 여행,288, 오감만족  전주  완주 여행  대한민국술테마박물관과 연꽃명소 덕진공    ,완주 여행 과  전주여행  그리고 전북 여행 에서 꼭 들려보아야할 필수 여행 코스가 바로 완주군 구이면에 있는 대한민국술테마박물관이다 2015년 10월에 개관한 대한민국술테미박물관 대만족 완주 여행  술테마박물관    , 오감만족  전주  완주 여행  대한민국술테마박물관과 연꽃명소 덕진공     완주 여행 과  전주여행  그리고 전북 여행 에서 꼭 들려보아야할 필수 여행 코스가 바로 완주군 구이면에 있는 대한민국술테마박물관이다 2015년 10월에 개관한 대한민국술테미박물관 대만족 완주 여행  술테마박물관    
전주 여행,289,  전주여행   퇴근 후 1박 2일  전주여행  1 ,  전주  1박 2일  여행    객리단길  한옥마을   완주 소양 1박 2일이라고는 하지만 퇴근 후 저녁에 출발 하루 연차 스케줄로 굉장히 짧은 일정이다  사실  전주 를 놀러 간 게 아니라 개인 일을 보러 가면서 당일치기로    ,  전주여행   퇴근 후 1박 2일  전주여행  1    전주  1박 2일  여행    객리단길  한옥마을   완주 소양 1박 2일이라고는 하지만 퇴근 후 저녁에 출발 하루 연차 스케줄로 굉장히 짧은 일정이다  사실  전주 를 놀러 간 게 아니라 개인 일을 보러 가면서 당일치기로    
전주 여행,290, 전주 맛집 조점례남문피순대  전주  가면 꼭 들려볼 곳으로 추천,11월 가을  전주  1박 2일  여행 에서 만난 음식들  피순대국밥 짧은 가을이 아쉬워 떠난  전주여행 에서 가을풍경도 기대했지만 그 보다 더 기대했던 것은 예전에 맛있게 먹었던 음식을 오랜만에 맛볼 수 있는    , 전주 맛집 조점례남문피순대  전주  가면 꼭 들려볼 곳으로 추천 11월 가을  전주  1박 2일  여행 에서 만난 음식들  피순대국밥 짧은 가을이 아쉬워 떠난  전주여행 에서 가을풍경도 기대했지만 그 보다 더 기대했던 것은 예전에 맛있게 먹었던 음식을 오랜만에 맛볼 수 있는    
전주 여행,291,군산  전주여행  5     전주  한옥마을은 낭만이 흘렀다,군산에서의  여행 을 마치고는  전주 로 오게 된다 물론 군산의 볼거리를 모두 본것은 아니다 그러나 짧은 1박2일 일정이기에  전주 로 오게 된 것이다 우선 숙소인 호텔 르윈   LE WIN  에 짐을 풀고는 바로 호텔    ,군산  전주여행  5     전주  한옥마을은 낭만이 흘렀다 군산에서의  여행 을 마치고는  전주 로 오게 된다 물론 군산의 볼거리를 모두 본것은 아니다 그러나 짧은 1박2일 일정이기에  전주 로 오게 된 것이다 우선 숙소인 호텔 르윈   LE WIN  에 짐을 풀고는 바로 호텔    
전주 여행,292,군산  전주여행  2    국내 유일의 일본식 사찰  동국사 를 탐방하다,피어 있었다 동국사 대웅전 뒷편은 울창한 대나무 숲으로 이뤄져 있었다 싱그럽기 이를데 없는 대나무가 나를 압도 했다 일본식의 동국사를 관람하고는 다음  여행 지 군산근대역사박물관으로 향하게 되었다,군산  전주여행  2    국내 유일의 일본식 사찰  동국사 를 탐방하다 피어 있었다 동국사 대웅전 뒷편은 울창한 대나무 숲으로 이뤄져 있었다 싱그럽기 이를데 없는 대나무가 나를 압도 했다 일본식의 동국사를 관람하고는 다음  여행 지 군산근대역사박물관으로 향하게 되었다
전주 여행,293,1박2일 전주여행  비빔밥전문점  전주 가족회관  전주 비빔밥체험   전주     ,1박2일 전주여행  비빔밥전문점  전주 가족회관  전주 비빔밥체험   전주 맛집  전주 가볼만한곳  맛의 도시  전주여행 에 빠트릴수 없는 한가지가  전주 비빔밥체험이 아닐가 싶다  전주 비빔밥축제가 열릴만큼  전주 를    ,1박2일 전주여행  비빔밥전문점  전주 가족회관  전주 비빔밥체험   전주      1박2일 전주여행  비빔밥전문점  전주 가족회관  전주 비빔밥체험   전주 맛집  전주 가볼만한곳  맛의 도시  전주여행 에 빠트릴수 없는 한가지가  전주 비빔밥체험이 아닐가 싶다  전주 비빔밥축제가 열릴만큼  전주 를    
전주 여행,294, 전주 여행   전주 시외버스터미널 시간표,01 00  전주 여행   전주 시외버스터미널 시간표  전주여행 의 시작  전주 시외버스터미널 시간표  전주 시외버스공용터미널 전화번호   1688 1745 전북  전주 시 덕진구 금암동 705 10  전주 에서 서울남부터미널   전주 에서    , 전주 여행   전주 시외버스터미널 시간표 01 00  전주 여행   전주 시외버스터미널 시간표  전주여행 의 시작  전주 시외버스터미널 시간표  전주 시외버스공용터미널 전화번호   1688 1745 전북  전주 시 덕진구 금암동 705 10  전주 에서 서울남부터미널   전주 에서    
전주 여행,295,  전주여행   퇴근 후 1박 2일  전주여행  3 ,짤 때 포함하기 부담스러울 수 있다 하지만     만족하지 않은 사람이 없는 승률 100  장소로 방문을 진심으로 추천한다   전주 보다 위쪽에 있어 올라가는 길이니까 제발요      짧았지만 알찬  전주 여행  끝 ,  전주여행   퇴근 후 1박 2일  전주여행  3  짤 때 포함하기 부담스러울 수 있다 하지만     만족하지 않은 사람이 없는 승률 100  장소로 방문을 진심으로 추천한다   전주 보다 위쪽에 있어 올라가는 길이니까 제발요      짧았지만 알찬  전주 여행  끝 
전주 여행,296, 전주  도서관  여행     전주  이색  여행  프로그램    Moon ,도서관  여행    전주  기록문화의 뿌리인  전주  한지를 체험 다가 여행 자도서관  10 00   11 00    한옥마을도서관  11 20   14 00   중식    동문헌책도서관  14 20   15 20   도보     전주 천년한지관   한지체험    , 전주  도서관  여행     전주  이색  여행  프로그램    Moon  도서관  여행    전주  기록문화의 뿌리인  전주  한지를 체험 다가 여행 자도서관  10 00   11 00    한옥마을도서관  11 20   14 00   중식    동문헌책도서관  14 20   15 20   도보     전주 천년한지관   한지체험    
전주 여행,297, 알라딘서재  전주 야  놀자,내가  전주  예찬론자가 된 이유 중에 하나는  전주 의 맛 때문이다  음식은 역시  전라도   저렴한 가격에     전주 하면 비빔밥이지만   우리는 꼭 한옥마을 근처에 있는 반야돌솥밥에 간다  갓지은 돌솥밥    집간장에    , 알라딘서재  전주 야  놀자 내가  전주  예찬론자가 된 이유 중에 하나는  전주 의 맛 때문이다  음식은 역시  전라도   저렴한 가격에     전주 하면 비빔밥이지만   우리는 꼭 한옥마을 근처에 있는 반야돌솥밥에 간다  갓지은 돌솥밥    집간장에    
전주 여행,298,  전주여행   이번주말  전주 의 명물 덕진공원의 연꽃축제와 연꽃촬영    ,함께  전주여행 코스에서 빠트릴수 없는 필수  여행 코스 이다 모처럼 휴가차 들린 아들이 그래도 명색이 여름휴가 인데 서울의 엄마 누나 조카  전주 의 누나와 조카만 만나보고 강원도로 또다시 훌쩍 떠나는게    ,  전주여행   이번주말  전주 의 명물 덕진공원의 연꽃축제와 연꽃촬영     함께  전주여행 코스에서 빠트릴수 없는 필수  여행 코스 이다 모처럼 휴가차 들린 아들이 그래도 명색이 여름휴가 인데 서울의 엄마 누나 조카  전주 의 누나와 조카만 만나보고 강원도로 또다시 훌쩍 떠나는게    
전주 여행,299,  전주 여행   한옥마을 내  전주  전통 한지원,전라북도  전주 시 일원에서 생산되는 한지  이곳의 한지제조업은 입지와  전주 천의 깨끗한 수질  원재료     전주 지방 근교에 닥나무가 많이 생산되기 때문에 이를 원재료로 한 한지제조업이 성황을 이루고 있다     ,  전주 여행   한옥마을 내  전주  전통 한지원 전라북도  전주 시 일원에서 생산되는 한지  이곳의 한지제조업은 입지와  전주 천의 깨끗한 수질  원재료     전주 지방 근교에 닥나무가 많이 생산되기 때문에 이를 원재료로 한 한지제조업이 성황을 이루고 있다     
전주 여행,300,  전주여행    전주  한옥마을에서 느끼는 정감, 전주 한옥생활체험관 대문이 보인다  방 안의 풍경이 마치 옛날로 돌아가 시간 여행 을 하는 듯 하다  모두 정겨운 물건 들이다  방 안의 냉장고와 쓰레기통만 요즘의 물건이다  대나무를 길게 가로질러 옷걸이로    ,  전주여행    전주  한옥마을에서 느끼는 정감  전주 한옥생활체험관 대문이 보인다  방 안의 풍경이 마치 옛날로 돌아가 시간 여행 을 하는 듯 하다  모두 정겨운 물건 들이다  방 안의 냉장고와 쓰레기통만 요즘의 물건이다  대나무를 길게 가로질러 옷걸이로    
전주 여행,301, 전주여행    전주 한옥마을 힐링공간으로 추천하는  경기전 , 전주여행    전주 한옥마을 힐링공간으로 추천하는  경기전   전주여행 의 볼거리   전주 한옥마을과 인근에는 대나무숲이 있는 경기전 이라는 곳이 있습니다  대나무숲과 함께 옛 한옥과 저 멀리 보이는 정동성당과의    , 전주여행    전주 한옥마을 힐링공간으로 추천하는  경기전   전주여행    전주 한옥마을 힐링공간으로 추천하는  경기전   전주여행 의 볼거리   전주 한옥마을과 인근에는 대나무숲이 있는 경기전 이라는 곳이 있습니다  대나무숲과 함께 옛 한옥과 저 멀리 보이는 정동성당과의    
전주 여행,302,  전주여행   퇴근 후 1박 2일  전주여행  2 ,  전주  1박 2일  여행    객리단길  한옥마을   완주 소양 Day 2 점심   객사 또순이네집   오전에 근처에서 일을보고 점심으로 무엇을 먹을까 고민하다가 숙소와 가까운 객사 맛집을 방문하기로 했다  전주 에 살 때 몇    ,  전주여행   퇴근 후 1박 2일  전주여행  2    전주  1박 2일  여행    객리단길  한옥마을   완주 소양 Day 2 점심   객사 또순이네집   오전에 근처에서 일을보고 점심으로 무엇을 먹을까 고민하다가 숙소와 가까운 객사 맛집을 방문하기로 했다  전주 에 살 때 몇    
전주 여행,303,  전주여행   또다시  전주 행 ,2017년 11월 L님의 결혼식을 방문하기 위하여  전주 행    가는길도 울긋불긋 단풍이 들어 예쁜 풍경이 가득했다  또다시  전주 행 오랜만에 본 얼굴들이 많았다 항상 보는 얼굴들도 많고 행복을 빌며  전주 행 끗 ,  전주여행   또다시  전주 행  2017년 11월 L님의 결혼식을 방문하기 위하여  전주 행    가는길도 울긋불긋 단풍이 들어 예쁜 풍경이 가득했다  또다시  전주 행 오랜만에 본 얼굴들이 많았다 항상 보는 얼굴들도 많고 행복을 빌며  전주 행 끗 
전주 여행,304,  전주여행   낭만적인  전주 의 밤  cafe Dal STORY  카페 달이야기  전주 한    ,  전주여행   낭만적인  전주 의 밤  cafe Dal STORY  전주 카페  전주 한옥마을 Jeonju Hanok Village cafe Dal STORY 카페 달이야기 063 288 8886 전북  전주 시 완산구 최명희길 20  풍남동3가 47 3   전주 에 도착한 밤  늦은 저녁을    ,  전주여행   낭만적인  전주 의 밤  cafe Dal STORY  카페 달이야기  전주 한       전주여행   낭만적인  전주 의 밤  cafe Dal STORY  전주 카페  전주 한옥마을 Jeonju Hanok Village cafe Dal STORY 카페 달이야기 063 288 8886 전북  전주 시 완산구 최명희길 20  풍남동3가 47 3   전주 에 도착한 밤  늦은 저녁을    
전주 여행,305, 전주 여행 에서 만난 쵸코파이, 전주 여행 에서 만단 쵸코파이 좋네요  이쁘기도 하고 부드럽고 맛있네요  선물용으로도 괜찬하요   , 전주 여행 에서 만난 쵸코파이  전주 여행 에서 만단 쵸코파이 좋네요  이쁘기도 하고 부드럽고 맛있네요  선물용으로도 괜찬하요   
전주 여행,306, 여행 이좋다    전북 김제  전주  1박2일  여행     김제  전주  가볼만한곳     ,아래는 예전에 다녀온  전주여행 코스입니다  사실 이때 다녀온  여행 지들이  전주여행 계획 짜시는데는 더 도움이 될듯 싶습니다   전주  한옥마을을 비롯해서 다양한 관광지가 있으니  참고하시면 되겠습니다    , 여행 이좋다    전북 김제  전주  1박2일  여행     김제  전주  가볼만한곳      아래는 예전에 다녀온  전주여행 코스입니다  사실 이때 다녀온  여행 지들이  전주여행 계획 짜시는데는 더 도움이 될듯 싶습니다   전주  한옥마을을 비롯해서 다양한 관광지가 있으니  참고하시면 되겠습니다    
전주 여행,307, 알라딘서재  전주 여행 이 더 즐거워지는  여행 책, 전주 여행  레시피   Happy Travel 1 김주미 지음   즐거운상상   2013년 9월 평점   구판절판 지난 주말에 다녀온  전주여행    여행 을 더욱 즐겁게 만들어준  여행 책이 바로   전주여행  레시피 이다  책에 나온 명소도    , 알라딘서재  전주 여행 이 더 즐거워지는  여행 책  전주 여행  레시피   Happy Travel 1 김주미 지음   즐거운상상   2013년 9월 평점   구판절판 지난 주말에 다녀온  전주여행    여행 을 더욱 즐겁게 만들어준  여행 책이 바로   전주여행  레시피 이다  책에 나온 명소도    
전주 여행,308,살을 에는  전주여행   10    한옥마을  그리고 경기전 ,살을 에는  전주여행   10    한옥마을  그리고 경기전  2011 02 17 06 48 Hobby  여행  Journey  글 작성자  레이니아 https   www chamchamtrip com  광고 누구나 즐거운 농촌 여행  참참 단체 숙박부터 이색 체험까지 완비     ,살을 에는  전주여행   10    한옥마을  그리고 경기전  살을 에는  전주여행   10    한옥마을  그리고 경기전  2011 02 17 06 48 Hobby  여행  Journey  글 작성자  레이니아 https   www chamchamtrip com  광고 누구나 즐거운 농촌 여행  참참 단체 숙박부터 이색 체험까지 완비     
전주 여행,309, 여행 이좋다    광장식당     전주 시 오래된 맛집  전주  먹을거리 백반    , 전주 시 오래된 맛집  전주  먹을거리 백반집 추천 광장식당 이번  전주여행 에서 마지막으로 방문한 광장식당입니다  이곳 광장식당은  전주 시청 근처에 있는 백반집으로  오랫동안 사랑받는  전주 시 맛집 중    , 여행 이좋다    광장식당     전주 시 오래된 맛집  전주  먹을거리 백반      전주 시 오래된 맛집  전주  먹을거리 백반집 추천 광장식당 이번  전주여행 에서 마지막으로 방문한 광장식당입니다  이곳 광장식당은  전주 시청 근처에 있는 백반집으로  오랫동안 사랑받는  전주 시 맛집 중    
전주 여행,310,전라북도  전주  남부시장과 남부시장 야시장 먹거리  여행 , 전주 남부시장은  전주  한옥마을과 가까이 있어서 한옥마을을 들리고 주말야간이면 많은 사람들이 찾고 있는  전주 여행 명소 중 하나이다  특히 금 토요일에만 열리는 남부시장 야시장은 삼겹살 김밥  소고기    ,전라북도  전주  남부시장과 남부시장 야시장 먹거리  여행   전주 남부시장은  전주  한옥마을과 가까이 있어서 한옥마을을 들리고 주말야간이면 많은 사람들이 찾고 있는  전주 여행 명소 중 하나이다  특히 금 토요일에만 열리는 남부시장 야시장은 삼겹살 김밥  소고기    
전주 여행,311,  바람짝  여행  맛집   전주 시   백반 한정식 전문 한국식당    ,  바람짝  여행  맛집   전주 시   백반 한정식 전문 한국식당      일시   2012 03 04 일   작성자   바람짝  글춤요리사   전주 지역의 맛집 탐방을 하였습니다  착한가격  지인들의 입소문을 통하여 알게 된    ,  바람짝  여행  맛집   전주 시   백반 한정식 전문 한국식당       바람짝  여행  맛집   전주 시   백반 한정식 전문 한국식당      일시   2012 03 04 일   작성자   바람짝  글춤요리사   전주 지역의 맛집 탐방을 하였습니다  착한가격  지인들의 입소문을 통하여 알게 된    
전주 여행,312,6월  전주 여행  2박 3일  서울의 밤  오리과자점  객사  한옥마을   전주     , 6월  전주 여행  2박 3일  서울의 밤  오리과자점  객사  한옥마을   전주 일몽  남노갈비  고자루  퇴근하고 바로  전주 행 광주에서  전주 까지 한시간 반   비가 올락말락한데 우산이없어서 불안불안   친구만나서 숙소    ,6월  전주 여행  2박 3일  서울의 밤  오리과자점  객사  한옥마을   전주       6월  전주 여행  2박 3일  서울의 밤  오리과자점  객사  한옥마을   전주 일몽  남노갈비  고자루  퇴근하고 바로  전주 행 광주에서  전주 까지 한시간 반   비가 올락말락한데 우산이없어서 불안불안   친구만나서 숙소    
전주 여행,313, 여행 이좋다     전주  전북 천리길  전주  한옥마을 둘레길, 전주 를 포함해서 전라북도 각지의 볼거리 먹거리를 한 달 동안 체험한 것이어서  전주  혹은 전북  여행 을 계획하는 분이라면 도움이 될만한 후기입니다  전라북도 한달살기 후기 전북  여행  30일 요약 정리    , 여행 이좋다     전주  전북 천리길  전주  한옥마을 둘레길  전주 를 포함해서 전라북도 각지의 볼거리 먹거리를 한 달 동안 체험한 것이어서  전주  혹은 전북  여행 을 계획하는 분이라면 도움이 될만한 후기입니다  전라북도 한달살기 후기 전북  여행  30일 요약 정리    
전주 여행,314,여름에 떠난  전주여행  With Mom,  전주 한옥마을 주차장 정보 상세  전주 한옥마을 한옥마을소개  체험콘텐츠  문화공연행사  한옥마을사진  문화시설  문화시설유적지  이색 여행 공간 전통공예  생활공예  액세서리 예술공예  쓰고 그리고 체험    ,여름에 떠난  전주여행  With Mom   전주 한옥마을 주차장 정보 상세  전주 한옥마을 한옥마을소개  체험콘텐츠  문화공연행사  한옥마을사진  문화시설  문화시설유적지  이색 여행 공간 전통공예  생활공예  액세서리 예술공예  쓰고 그리고 체험    
전주 여행,315, 전주여행   전주  물 짜장 맛집  수정관  물짜장 깐풍육 강추, 전주 여행 가면 먹여줄께   하다  전주 를 오게되어 간 중화요리집입니다  인터넷에는 데프콘 이 먹었던 물짜장집으로 유명하더라고요  솔직히 물짜장  전주  어디든 먹어도 배신없이 맛있습니다  여긴    , 전주여행   전주  물 짜장 맛집  수정관  물짜장 깐풍육 강추  전주 여행 가면 먹여줄께   하다  전주 를 오게되어 간 중화요리집입니다  인터넷에는 데프콘 이 먹었던 물짜장집으로 유명하더라고요  솔직히 물짜장  전주  어디든 먹어도 배신없이 맛있습니다  여긴    
전주 여행,316,  전주 여행   전동성당  입장시간 ,오늘 소개할 곳은  전주  한옥마을  여행 에 빼놓을 수 없는 명소  전동성당입니다  너무 아름다운 모습을 하고 있구요  사적 제288호로도 지정되어 있다고도 합니다  그리고 입장시간도 있어 늦지 않게 다녀와야    ,  전주 여행   전동성당  입장시간  오늘 소개할 곳은  전주  한옥마을  여행 에 빼놓을 수 없는 명소  전동성당입니다  너무 아름다운 모습을 하고 있구요  사적 제288호로도 지정되어 있다고도 합니다  그리고 입장시간도 있어 늦지 않게 다녀와야    
전주 여행,317,  전주여행   풍년제과  수제초코파이  Poongnyun Bakery   PNB Bakery s Choco Pie    ,  전주여행    전주 에서 꼭 먹어봐야할 초코파이  풍년제과 Jeonju Hanok Village  PNB Bakery  Poongnyun Bakery in Jeonju si 우리밀로 만든 달달한 초코파이 어머  이건 꼭 먹어야해     전주 한옥마을에서 걷다보면 여럿 보이는    ,  전주여행   풍년제과  수제초코파이  Poongnyun Bakery   PNB Bakery s Choco Pie       전주여행    전주 에서 꼭 먹어봐야할 초코파이  풍년제과 Jeonju Hanok Village  PNB Bakery  Poongnyun Bakery in Jeonju si 우리밀로 만든 달달한 초코파이 어머  이건 꼭 먹어야해     전주 한옥마을에서 걷다보면 여럿 보이는    
전주 여행,318,  전주여행   술한잔하기 딱 좋은 분위기  구일집   전주 맛집  전주 한옥    ,  전주여행   술한잔하기 딱 좋은 분위기  구일집 Jeonju Hanok Village 밥집인듯 술집인듯  일단 맛있으면 그걸로 충분하다     전주 한옥마을맛집 오목대에서 내려와 늦은 점심을 먹고자 이곳저곳 돌아다니다 발견한    ,  전주여행   술한잔하기 딱 좋은 분위기  구일집   전주 맛집  전주 한옥       전주여행   술한잔하기 딱 좋은 분위기  구일집 Jeonju Hanok Village 밥집인듯 술집인듯  일단 맛있으면 그걸로 충분하다     전주 한옥마을맛집 오목대에서 내려와 늦은 점심을 먹고자 이곳저곳 돌아다니다 발견한    
전주 여행,319, 알라딘서재  100자평   전주 여행  레시피, 전주 여행  레시피   Happy Travel 1 김주미 지음   즐거운상상   2013년 9월 평점   구판절판 처음 봤을때는 뭐가 되게 아기자기해서 기대했는데  직접 가보니  전주 가 되게 작은곳이라 편집이 너무 조잡하게    , 알라딘서재  100자평   전주 여행  레시피  전주 여행  레시피   Happy Travel 1 김주미 지음   즐거운상상   2013년 9월 평점   구판절판 처음 봤을때는 뭐가 되게 아기자기해서 기대했는데  직접 가보니  전주 가 되게 작은곳이라 편집이 너무 조잡하게    
전주 여행,320,  전주 맛집  교동 시래청   시래기국밥 전문점   전주여행    전주 한옥마    ,  전주 맛집  교동 시래청   시래기국밥 전문점  전주여행    전주 한옥마을 맛집  전주 한옥마을  아침식사로 딱이었던 시래기국밥  전주 한옥마을에서의 아침  11시즘 되었던 시각인데  아침식사가 가능한 식당은 많지    ,  전주 맛집  교동 시래청   시래기국밥 전문점   전주여행    전주 한옥마       전주 맛집  교동 시래청   시래기국밥 전문점  전주여행    전주 한옥마을 맛집  전주 한옥마을  아침식사로 딱이었던 시래기국밥  전주 한옥마을에서의 아침  11시즘 되었던 시각인데  아침식사가 가능한 식당은 많지    
전주 여행,321,171216 17  전주여행  ,국내 여행 기 171216 17  전주여행   네오엔 2018  1  7  10 11 간식사러 가는 길에 추억돋는 가게가 있어 구경 카카오 캐릭터 달고나 2개랑 불량식품 3개 사가지고 나왔다 여기서 완자꼬치랑 체다치즈 완자꼬치 사고    ,171216 17  전주여행   국내 여행 기 171216 17  전주여행   네오엔 2018  1  7  10 11 간식사러 가는 길에 추억돋는 가게가 있어 구경 카카오 캐릭터 달고나 2개랑 불량식품 3개 사가지고 나왔다 여기서 완자꼬치랑 체다치즈 완자꼬치 사고    
전주 여행,322,1박2일  전주여행  1일차  2020 08 22 23 ,2일  전주여행 을 다녀왔다  마이산 휴게소에서 마이산 배경으로    덕진공원에서    연꽃이 피었을 때 가면 좋았을 텐데 연꽃이 다져서 아쉬웠다  예약한  전주 영화호텔에 체크인하고  전주 맛집인 한국집에서    ,1박2일  전주여행  1일차  2020 08 22 23  2일  전주여행 을 다녀왔다  마이산 휴게소에서 마이산 배경으로    덕진공원에서    연꽃이 피었을 때 가면 좋았을 텐데 연꽃이 다져서 아쉬웠다  예약한  전주 영화호텔에 체크인하고  전주 맛집인 한국집에서    
전주 여행,323, 전주여행 가면 꼭 가봐야할 곳  전주 비빔밥 맛집 가족회관 , 전주여행 하면 꼭 가봐야 할 곳  전주 비빔밥 맛집 가족회관  전주  상담하러 갔다가  전주 에 계신 팀원과 합류해서 저녁먹으러 간곳   전주 에 오면  전주 비빔밥 꼭 먹고 가야하는데 맛집을 추천해주셔서 고고씽    , 전주여행 가면 꼭 가봐야할 곳  전주 비빔밥 맛집 가족회관   전주여행 하면 꼭 가봐야 할 곳  전주 비빔밥 맛집 가족회관  전주  상담하러 갔다가  전주 에 계신 팀원과 합류해서 저녁먹으러 간곳   전주 에 오면  전주 비빔밥 꼭 먹고 가야하는데 맛집을 추천해주셔서 고고씽    
전주 여행,324, 전주 여행    전주 생선구이본가 조기매운탕, 전주 여행 도 할 겸  겸사겸사 갔다  도착해서 조기매운탕이 너무 먹고 싶어서 검색해서 찾아간 곳   전주 생선구이본가 바로 맞은 편이 주차장  아주 좋구먼 식사 때가 아니라 널널하다  실내도 단정하고 깨끗하다     , 전주 여행    전주 생선구이본가 조기매운탕  전주 여행 도 할 겸  겸사겸사 갔다  도착해서 조기매운탕이 너무 먹고 싶어서 검색해서 찾아간 곳   전주 생선구이본가 바로 맞은 편이 주차장  아주 좋구먼 식사 때가 아니라 널널하다  실내도 단정하고 깨끗하다     
전주 여행,325,  전주여행   브런치가 먹고 싶어 찾아간 예쁜 카페  투리스타  turista , 전주여행  마지막날 오전부터 브런치가 너무 먹고 싶었다 아쉽게도  전주 엔 브런치 카페가 거의 없었으나   폭풍 검색으로 찾아낸  전주  브런치 카페 투리스타 한옥마을 근처  호텔 아래 붙어있는 한적한 카페다    ,  전주여행   브런치가 먹고 싶어 찾아간 예쁜 카페  투리스타  turista   전주여행  마지막날 오전부터 브런치가 너무 먹고 싶었다 아쉽게도  전주 엔 브런치 카페가 거의 없었으나   폭풍 검색으로 찾아낸  전주  브런치 카페 투리스타 한옥마을 근처  호텔 아래 붙어있는 한적한 카페다    
전주 여행,326, 전주 맛집 전북도청 연남물갈비  전주여행 추천, 전주 에 맛집이 굉장히 많은데  전주여행  하면서 연남물갈비 먹으러 전북도청 근처로 갔다 산처럼 쌓인 물갈비 위에 태극기가 꽂혀있는게 너무 귀엽다 먹기 좋게 얇은 갈비가 올라가있는데 너무 부드럽고    , 전주 맛집 전북도청 연남물갈비  전주여행 추천  전주 에 맛집이 굉장히 많은데  전주여행  하면서 연남물갈비 먹으러 전북도청 근처로 갔다 산처럼 쌓인 물갈비 위에 태극기가 꽂혀있는게 너무 귀엽다 먹기 좋게 얇은 갈비가 올라가있는데 너무 부드럽고    
전주 여행,327, 여행  맛집 이야기,개인적으로  전주여행  가게된다면 농가레스토랑 다시 방문하고 싶은 곳이다   전주 맛집으로 추천해 드리는 메뉴  후식은 요렇게 깔끔하게 간단히 먹기  사실 반찬을 많이 먹어서 배가 엄청 불렀다  마음 같아서는    , 여행  맛집 이야기 개인적으로  전주여행  가게된다면 농가레스토랑 다시 방문하고 싶은 곳이다   전주 맛집으로 추천해 드리는 메뉴  후식은 요렇게 깔끔하게 간단히 먹기  사실 반찬을 많이 먹어서 배가 엄청 불렀다  마음 같아서는    
전주 여행,328, 여행 이좋다     전주  피순대 맛집 마이산피순대 본점,다음은 예전  전주여행 길에 맛있게 먹은 맛집     전주여행  맛집 추천  전주  육일식당 고구마순 감자탕  전주여행  맛집 추천 육일식당 고구마순 감자탕 오늘은 이번  전주여행 길에 첫 식사를 해결한 식당 한곳    , 여행 이좋다     전주  피순대 맛집 마이산피순대 본점 다음은 예전  전주여행 길에 맛있게 먹은 맛집     전주여행  맛집 추천  전주  육일식당 고구마순 감자탕  전주여행  맛집 추천 육일식당 고구마순 감자탕 오늘은 이번  전주여행 길에 첫 식사를 해결한 식당 한곳    
전주 여행,329, 여행 이좋다    삼백집     전주  먹거리 콩나물국밥 맛집   전주  오래된     , 한국인이 사랑하는 오래된 한식당 100선  농림수산식품부 한식재단 선정  그러면 맛있는  전주  먹거리 많이들 드시구요  좋은 추억 많이 남기는  전주여행  되시길 바라겠습니다 , 여행 이좋다    삼백집     전주  먹거리 콩나물국밥 맛집   전주  오래된       한국인이 사랑하는 오래된 한식당 100선  농림수산식품부 한식재단 선정  그러면 맛있는  전주  먹거리 많이들 드시구요  좋은 추억 많이 남기는  전주여행  되시길 바라겠습니다 
전주 여행,330,10년 연애 후 26살에 결혼한 고교 동창  부모님께 거짓말하고 단둘이     ,몰래 데이트하던 학창 시절 있었는데  마침내 9주년 프러포즈까지 성공 승규  학생 때 연애를 하면서는 부모님 허락 없이 둘이  전주 여행 을 갔던 일이 기억에 남아요  친구들과 다 같이 간다고 거짓말을    ,10년 연애 후 26살에 결혼한 고교 동창  부모님께 거짓말하고 단둘이      몰래 데이트하던 학창 시절 있었는데  마침내 9주년 프러포즈까지 성공 승규  학생 때 연애를 하면서는 부모님 허락 없이 둘이  전주 여행 을 갔던 일이 기억에 남아요  친구들과 다 같이 간다고 거짓말을    
전주 여행,331,  전주여행   전주 한옥마을 여행 에서 들려보아야할  전주 산책코스  전주     ,볼일차  전주 에 왔다가 팔자에도 없는 보너스 시간이 와이투케이에게 주어지었다 와이투케이에게 주어진 시간은 달랑 1시간30분  전주 천 산책에 이 시간을 투자하기로 하고 롯대백화점 부근에서  전주 천으로    ,  전주여행   전주 한옥마을 여행 에서 들려보아야할  전주 산책코스  전주      볼일차  전주 에 왔다가 팔자에도 없는 보너스 시간이 와이투케이에게 주어지었다 와이투케이에게 주어진 시간은 달랑 1시간30분  전주 천 산책에 이 시간을 투자하기로 하고 롯대백화점 부근에서  전주 천으로    
전주 여행,332,  전주여행  친구   전주 에 와서 한옥마을만 보고 갈 텐가 한옥 레일바    , 전주 의 새로운 즐길거리  전주  한옥 레일바이크 사랑하는 연인과  전주  한옥마을에서 한복을 입고 데이트도 즐기고 다시 아중역에서 한옥 레일바이크도 같이 타 본다면 영원한 추억이 될것이다 대한믹  국    ,  전주여행  친구   전주 에 와서 한옥마을만 보고 갈 텐가 한옥 레일바      전주 의 새로운 즐길거리  전주  한옥 레일바이크 사랑하는 연인과  전주  한옥마을에서 한복을 입고 데이트도 즐기고 다시 아중역에서 한옥 레일바이크도 같이 타 본다면 영원한 추억이 될것이다 대한믹  국    
전주 여행,333,  전주여행   마전고분군이 있는 서부신시가지의 문학대공원,문화공간으로 조성되었다 고분군들이 모여있는곳이다  전주여행 에서 한반쯤은 들려봐야할 곳이다 공원으로 오르는 길이다 오른쪽에도 계단으로 되어있는 입구가 있다 바로 옆에 있는 이씨조선의  전주 이씨 문종    ,  전주여행   마전고분군이 있는 서부신시가지의 문학대공원 문화공간으로 조성되었다 고분군들이 모여있는곳이다  전주여행 에서 한반쯤은 들려봐야할 곳이다 공원으로 오르는 길이다 오른쪽에도 계단으로 되어있는 입구가 있다 바로 옆에 있는 이씨조선의  전주 이씨 문종    
전주 여행,334, 알라딘서재  100자평   전주 여행  레시피, 전주 여행  레시피   Happy Travel 1 김주미 지음   즐거운상상   2013년 9월 평점   구판절판  전주 여행  다녀오며 구입한 책  편집이 깔끔하고 보기에 좋다  굿 , 알라딘서재  100자평   전주 여행  레시피  전주 여행  레시피   Happy Travel 1 김주미 지음   즐거운상상   2013년 9월 평점   구판절판  전주 여행  다녀오며 구입한 책  편집이 깔끔하고 보기에 좋다  굿 
전주 여행,335,  전주여행   후백제 견훤왕의 숨결을 느낄수 있는  전주  승암산의 동    ,조선왕조의 본향  전주  후백제의 도읍지  전주  후백제의 견훤왕이 숨결을 느낄수있는곳이 동고산성의 동고서 이다 완산  전주  이 그립군아 하고 유언을 남기고 죽었다는 견훤왕이  전주 에 도읍을 정하고 사고사    ,  전주여행   후백제 견훤왕의 숨결을 느낄수 있는  전주  승암산의 동     조선왕조의 본향  전주  후백제의 도읍지  전주  후백제의 견훤왕이 숨결을 느낄수있는곳이 동고산성의 동고서 이다 완산  전주  이 그립군아 하고 유언을 남기고 죽었다는 견훤왕이  전주 에 도읍을 정하고 사고사    
전주 여행,336,  전주여행  일제 강점기 아픈 역사의 흔적이 있는 역사 깊은 공원      , 전주  다가공원        전주  옛완산 의 오래된 역사 깊은 공원 그러나 슬픈 아픈 역사를 지니고 있는 공원 이다  전주 천을 끼고 우뚝 솟아있는 다가산 정상에 서면  전주 가 훤히 내려다 보이는 명단중의 명당    ,  전주여행  일제 강점기 아픈 역사의 흔적이 있는 역사 깊은 공원        전주  다가공원        전주  옛완산 의 오래된 역사 깊은 공원 그러나 슬픈 아픈 역사를 지니고 있는 공원 이다  전주 천을 끼고 우뚝 솟아있는 다가산 정상에 서면  전주 가 훤히 내려다 보이는 명단중의 명당    
전주 여행,337,   전주여행  아중호숫가에 있는 작은 소공원 호동골 어린이공원, 전주  호동골  전주  시민이면 누구나 다 알고있는 이름이다 예전 쓰래기매립장 이었다 지금은 호공골    하였다  전주  딸집에 들렸다가 오후시간 시간을 내어 들려보았던 아중호수와 아중리레일바이크 그리고    ,   전주여행  아중호숫가에 있는 작은 소공원 호동골 어린이공원  전주  호동골  전주  시민이면 누구나 다 알고있는 이름이다 예전 쓰래기매립장 이었다 지금은 호공골    하였다  전주  딸집에 들렸다가 오후시간 시간을 내어 들려보았던 아중호수와 아중리레일바이크 그리고    
전주 여행,338,  전주여행  조선시대 별장  전주 8경 한옥마을의 한벽당과 한벽굴, 전주  한벽당 임실 슬치고개에서 발원한  전주 천이 한벽당과 만나 아름다운 경관을 만들어 내고 있다    하여  전주  8경의 하나로 꼽았다 조선의 개국을 도운 공신이며 집현전 직제학을 지낸 월당 최담 선생이 태조    ,  전주여행  조선시대 별장  전주 8경 한옥마을의 한벽당과 한벽굴  전주  한벽당 임실 슬치고개에서 발원한  전주 천이 한벽당과 만나 아름다운 경관을 만들어 내고 있다    하여  전주  8경의 하나로 꼽았다 조선의 개국을 도운 공신이며 집현전 직제학을 지낸 월당 최담 선생이 태조    
전주 여행,339,  전주여행  완산칠봉에 있는 도심속 하늘정원   전주  완산공원 꽃동    , 전주  완산공원 완산공원 꽃동산  전주  완산칠봉에 있는 도심속 공원 이다 후백제의 도읍지이며 조선왕조의 본향  전주 를 대표하는 산이 완산칠봉 이다  전주  완산고원의 꽃동산  전주 시립도서관에서 하늘을    ,  전주여행  완산칠봉에 있는 도심속 하늘정원   전주  완산공원 꽃동      전주  완산공원 완산공원 꽃동산  전주  완산칠봉에 있는 도심속 공원 이다 후백제의 도읍지이며 조선왕조의 본향  전주 를 대표하는 산이 완산칠봉 이다  전주  완산고원의 꽃동산  전주 시립도서관에서 하늘을    
전주 여행,340,180812아이들과  전주여행  한옥마을속으로,산책  전주여행 은 군것질과 함께   개인적으로 가장 만족 스러웠던 마약육전 추억 남겨줄 사진에 조미료를 위해 한복대여 헤어 사진 세트라고하여 온가족이 한복체험 시작   사진관에서 사진 촬영후 마을투어    ,180812아이들과  전주여행  한옥마을속으로 산책  전주여행 은 군것질과 함께   개인적으로 가장 만족 스러웠던 마약육전 추억 남겨줄 사진에 조미료를 위해 한복대여 헤어 사진 세트라고하여 온가족이 한복체험 시작   사진관에서 사진 촬영후 마을투어    
전주 여행,341,  전주여행   이씨조선의 본향  전주 한옥마을에 있는 경기전의 어진박    ,이씨 조선의 본향인  전주   전주  한옥마을 한옥마을로는 전국에서 제일 유명한곳이  전주  한옥마을 이다 이  전주 한옥마을에는 경기전이 있고 이 경기전안에 태조 이성계의 어진을 모시고 있는 어진    ,  전주여행   이씨조선의 본향  전주 한옥마을에 있는 경기전의 어진박     이씨 조선의 본향인  전주   전주  한옥마을 한옥마을로는 전국에서 제일 유명한곳이  전주  한옥마을 이다 이  전주 한옥마을에는 경기전이 있고 이 경기전안에 태조 이성계의 어진을 모시고 있는 어진    
전주 여행,342,  전주여행  친환경 생태도시 에코시티의 자랑거리 세병호와 세병공    ,에코시티가 조성되었다 세병공원은  전주 한옥마을 여행 에서 나아가  전주여행 에서 꼭 들려가야 하는  전주여행 코스 이다 와이투케이는 손자들이 에코시티에 살고 있어 자주 들리는 세병호 이고 세병공원 이다,  전주여행  친환경 생태도시 에코시티의 자랑거리 세병호와 세병공     에코시티가 조성되었다 세병공원은  전주 한옥마을 여행 에서 나아가  전주여행 에서 꼭 들려가야 하는  전주여행 코스 이다 와이투케이는 손자들이 에코시티에 살고 있어 자주 들리는 세병호 이고 세병공원 이다
전주 여행,343,  전주여행   조선왕조실록의 피난등 수난사를 알수있는  전주 사고, 전주 사고 국보제151호인 조선왕조실록을 안전하게 보관하기 위해 만들어진  전주  경기전안의 건물이다 이  전주 사고에 가보면 임진왜란 당시 조성왕조실록의 피신과 수난사를 한눈에 볼수 있다  전주 사고는    ,  전주여행   조선왕조실록의 피난등 수난사를 알수있는  전주 사고  전주 사고 국보제151호인 조선왕조실록을 안전하게 보관하기 위해 만들어진  전주  경기전안의 건물이다 이  전주 사고에 가보면 임진왜란 당시 조성왕조실록의 피신과 수난사를 한눈에 볼수 있다  전주 사고는    
전주 여행,344, 연꽃 여행  대한민국 연꽃 대표 관광지인  전주  덕진공원 덕진연못 201    ,덕진공원은  전주여행 코스에서 빠트릴수 없는 필수  여행 코스 이다 덕진연못의 연꽃은 덕진호수 한가운데를 가로지르는 현수교와 연지교등 주변경관이 무척 아름다워 사진을 찍으면 무척 아름답다 연꽃밭이    , 연꽃 여행  대한민국 연꽃 대표 관광지인  전주  덕진공원 덕진연못 201     덕진공원은  전주여행 코스에서 빠트릴수 없는 필수  여행 코스 이다 덕진연못의 연꽃은 덕진호수 한가운데를 가로지르는 현수교와 연지교등 주변경관이 무척 아름다워 사진을 찍으면 무척 아름답다 연꽃밭이    
전주 여행,345,  전주여행    전주 천에서의 달랑 20분의 산책과 추억,일요일 오후 볼일차  전주 에 왔다가 팔자에도 없는 보너스 시간 30여분이 와이투케이에게 주어지었다 작은 자트리 시간 보내기엔 안성맞춤안 곳이  전주 천이다  전주 천 산책에 이 시간을 투자하기로 하고    ,  전주여행    전주 천에서의 달랑 20분의 산책과 추억 일요일 오후 볼일차  전주 에 왔다가 팔자에도 없는 보너스 시간 30여분이 와이투케이에게 주어지었다 작은 자트리 시간 보내기엔 안성맞춤안 곳이  전주 천이다  전주 천 산책에 이 시간을 투자하기로 하고    
전주 여행,346,  전주여행   후백제 숨결이 숨어있는 황방산 서고사,후백제의 도읍지  전주  구 완산  후백제의 견훤왕이 숨결을 느낄수있는곳이  전주  효자동 서곡지구 황방산의 서고사 이다 완산  전주  이 그립군아 하고 유언을 남기고 죽었다는 견훤왕이  전주 에 도읍을 정하고    ,  전주여행   후백제 숨결이 숨어있는 황방산 서고사 후백제의 도읍지  전주  구 완산  후백제의 견훤왕이 숨결을 느낄수있는곳이  전주  효자동 서곡지구 황방산의 서고사 이다 완산  전주  이 그립군아 하고 유언을 남기고 죽었다는 견훤왕이  전주 에 도읍을 정하고    
전주 여행,347, 알라딘서재 언제라도  전주 ,제가 가봤던 곳도 있었고요  다음에  전주 를 가면 가고 싶은곳도 있었어요   가장 가보고 싶은곳은 북카페 카프카   다음  전주여행 때 들고다니면서  여행 해봐야겠어요  날 좋아진 요즘  전주여행 가고싶다아    , 알라딘서재 언제라도  전주  제가 가봤던 곳도 있었고요  다음에  전주 를 가면 가고 싶은곳도 있었어요   가장 가보고 싶은곳은 북카페 카프카   다음  전주여행 때 들고다니면서  여행 해봐야겠어요  날 좋아진 요즘  전주여행 가고싶다아    
전주 여행,348,  전주여행   예향도시  전주 의 자랑거리 국립무형유산원,박물관이  전주 에 있다 예향의 도시 답게 무형유산박물관이 있어  전주 가 자랑스럽다 어렴풋이 알고는    2013년도에  전주 에 개관한  전주 의 자랑거리 이다  전주 에 사는 시민들은 신나겠다 각종 무료공연이 계속    ,  전주여행   예향도시  전주 의 자랑거리 국립무형유산원 박물관이  전주 에 있다 예향의 도시 답게 무형유산박물관이 있어  전주 가 자랑스럽다 어렴풋이 알고는    2013년도에  전주 에 개관한  전주 의 자랑거리 이다  전주 에 사는 시민들은 신나겠다 각종 무료공연이 계속    
전주 여행,349,  전주여행  완산칠봉의 작은 생태공원인 완산칠봉생태습지원,완산칠봉생태습지원 완산    은  전주 의 옛 지명이고 이싸조선의 본향이요 후백제의 도읍지이다    실제로  전주 천을 따라 산책 하다보면  전주 천변의 산세는 비경 이다 완산에는 완산칠봉이 있고    ,  전주여행  완산칠봉의 작은 생태공원인 완산칠봉생태습지원 완산칠봉생태습지원 완산    은  전주 의 옛 지명이고 이싸조선의 본향이요 후백제의 도읍지이다    실제로  전주 천을 따라 산책 하다보면  전주 천변의 산세는 비경 이다 완산에는 완산칠봉이 있고    
전주 여행,350,  전주여행    전주  에코시티의 친환경 생태공원  세병공원과 세병호    ,한다는 뜻 이다 한다 세병공원은  전주 한옥마을 여행 에서 나아가  전주여행 에서 꼭 들려가야 하는  전주여행 코스 이다 와이투케이는 에코시티에 손자들이 살고 있어 자주 가는 에코시티인데 처음으로 포스팅한다,  전주여행    전주  에코시티의 친환경 생태공원  세병공원과 세병호     한다는 뜻 이다 한다 세병공원은  전주 한옥마을 여행 에서 나아가  전주여행 에서 꼭 들려가야 하는  전주여행 코스 이다 와이투케이는 에코시티에 손자들이 살고 있어 자주 가는 에코시티인데 처음으로 포스팅한다
전주 여행,351, 전동성당 최초순교지이자  전주 한옥마을  여행 의 필수 여행 코스,함께  전주여행 에서 꼭 들려봐야하는 필수  전주여행 코스 이다 자주 가는  전주  그리고 한옥마을 아내와 남문시장 맛집에서 순대국 한그릇하고  전주 한옥마을에 들린김에 전동성당도 자세히 둘러보았다    , 전동성당 최초순교지이자  전주 한옥마을  여행 의 필수 여행 코스 함께  전주여행 에서 꼭 들려봐야하는 필수  전주여행 코스 이다 자주 가는  전주  그리고 한옥마을 아내와 남문시장 맛집에서 순대국 한그릇하고  전주 한옥마을에 들린김에 전동성당도 자세히 둘러보았다    
전주 여행,352,  전주여행   한옥마을 분위기에 딱 어울리는  전주 한옥마을 부채박물    , 전주 한옥마을 부채박물관 선조들의 지혜가 담긴 부채의 모든것을  전주 한옥마을에 가면 볼수가 있다 글자그대로 조선시대 부채부터 중국 일본 부채까지 모든 부채가 전시되어있는 부채박물관 이다  전주 한옥마을    ,  전주여행   한옥마을 분위기에 딱 어울리는  전주 한옥마을 부채박물      전주 한옥마을 부채박물관 선조들의 지혜가 담긴 부채의 모든것을  전주 한옥마을에 가면 볼수가 있다 글자그대로 조선시대 부채부터 중국 일본 부채까지 모든 부채가 전시되어있는 부채박물관 이다  전주 한옥마을    
전주 여행,353,  전주여행  국내 최고수준의 복합문화예술공간  전주  한국소리문화의    ,전북  전주 에서 매년 개최되고 있는  전주 세계소리축제가 열리는 곳 한국소리문화의 전당 2001년    이다  전주 의 자랑 전북의 자랑 이다 대지면적이 30 184평에 건물면적이 11 064평이나 되는 대형 아트센터이다    ,  전주여행  국내 최고수준의 복합문화예술공간  전주  한국소리문화의     전북  전주 에서 매년 개최되고 있는  전주 세계소리축제가 열리는 곳 한국소리문화의 전당 2001년    이다  전주 의 자랑 전북의 자랑 이다 대지면적이 30 184평에 건물면적이 11 064평이나 되는 대형 아트센터이다    
전주 여행,354, 전주여행 , 여행 지    전주 시 일원  여행 일   2014  12  14 일요일  코스    전주 한옥마을 둘러보기   전주 전통비빔밥시식   덕진공원  유적지 저녁으로  전주 떡갈비시식 등  , 전주여행   여행 지    전주 시 일원  여행 일   2014  12  14 일요일  코스    전주 한옥마을 둘러보기   전주 전통비빔밥시식   덕진공원  유적지 저녁으로  전주 떡갈비시식 등  
전주 여행,355,  전주여행   덕진호수의 옛 연화교가 변신을 하고있는 덕진공원 210425    , 전주 에서 나홀로  전주  가볼만한곳 중 첫번째로 꼽는  전주  덕진공원에 들려보았다 연화교 없는 덕진공원의 모습은 어떤 모습일까  연화교는 어떤 모습으로 변신을 하고 있을까 궁금한 마음으로 한시간의 자투리    ,  전주여행   덕진호수의 옛 연화교가 변신을 하고있는 덕진공원 210425      전주 에서 나홀로  전주  가볼만한곳 중 첫번째로 꼽는  전주  덕진공원에 들려보았다 연화교 없는 덕진공원의 모습은 어떤 모습일까  연화교는 어떤 모습으로 변신을 하고 있을까 궁금한 마음으로 한시간의 자투리    
전주 여행,356,2015 01 30     전주여행  1일차  한옥마을 야시장  남부시장  청년몰 구경    ,2015 01 30     전주여행  1일차  한옥스테이 태조마루  한옥마을 먹거리 구경  http   sweetcity tistory com 1725 사장님이 알려주신 야시장 구경가는길   광화문처럼   세월호 천막에 울컥  조명받아 멋진 풍남문    ,2015 01 30     전주여행  1일차  한옥마을 야시장  남부시장  청년몰 구경     2015 01 30     전주여행  1일차  한옥스테이 태조마루  한옥마을 먹거리 구경  http   sweetcity tistory com 1725 사장님이 알려주신 야시장 구경가는길   광화문처럼   세월호 천막에 울컥  조명받아 멋진 풍남문    
전주 여행,357,  전주여행   전주 대사습놀이에 가면  전주 한옥마을도 구경할수 있다,맞추어  전주여행 을 왔다 매년 열리는 전국대회로 판소리명창과 일반 농악 무용 기악 시조 민요 가야금명창 궁도 명고수까지 10개부분으로 치러지는 전국 경연대회 이다  전주 대사습놀이는 전국대회 로서 무척    ,  전주여행   전주 대사습놀이에 가면  전주 한옥마을도 구경할수 있다 맞추어  전주여행 을 왔다 매년 열리는 전국대회로 판소리명창과 일반 농악 무용 기악 시조 민요 가야금명창 궁도 명고수까지 10개부분으로 치러지는 전국 경연대회 이다  전주 대사습놀이는 전국대회 로서 무척    
전주 여행,358,  전주여행   옛날 물건들 모두 이곳에 전시 되어 있다  전주 한옥마을    , 전주 한옥마을의 루이엘모자박물관 바로 옆에는 추억박물관도 있다 같은 건물에 있다 입장료 3 000원    전시공간을 전라북도 든  전주 시 든 문화예술재단 이든 어느곳 이든 지원 된다면 얼마나 좋을까 생각해 본다,  전주여행   옛날 물건들 모두 이곳에 전시 되어 있다  전주 한옥마을      전주 한옥마을의 루이엘모자박물관 바로 옆에는 추억박물관도 있다 같은 건물에 있다 입장료 3 000원    전시공간을 전라북도 든  전주 시 든 문화예술재단 이든 어느곳 이든 지원 된다면 얼마나 좋을까 생각해 본다
전주 여행,359,  전주여행   전주 한옥마을  여행 에서 꼭 가봐야 할곳  전주  풍남문,이씨조선의 본향인  전주 의 한옥마을  여행 에서 꼭 들려보아야할곳이 있다 경기전과 어진박물관도 가보아야할 곳이지만  전주  풍남문도 꼭 가봐야한다 보물제308호인 풍남문     은  전주 를 대표하는    ,  전주여행   전주 한옥마을  여행 에서 꼭 가봐야 할곳  전주  풍남문 이씨조선의 본향인  전주 의 한옥마을  여행 에서 꼭 들려보아야할곳이 있다 경기전과 어진박물관도 가보아야할 곳이지만  전주  풍남문도 꼭 가봐야한다 보물제308호인 풍남문     은  전주 를 대표하는    
전주 여행,360,  전주여행  가즈아   전주  젊음이 넘치는 거리로    전주  객사 길과 영    ,가볼만한곳  전주여행 에서 꼭 가보아야 하는 필수  전주여행 코스 이다 결혼식 참석차  전주 에 온 김에 벚꽃명소 이자 데이트코스로 유명한 아중리저수지를 들린후 영화의거리 객사길까지 한바뀌 돌아보았다    ,  전주여행  가즈아   전주  젊음이 넘치는 거리로    전주  객사 길과 영     가볼만한곳  전주여행 에서 꼭 가보아야 하는 필수  전주여행 코스 이다 결혼식 참석차  전주 에 온 김에 벚꽃명소 이자 데이트코스로 유명한 아중리저수지를 들린후 영화의거리 객사길까지 한바뀌 돌아보았다    
전주 여행,361,  전주여행   전주  한옥마을  한국관광 100선에 빛나는 우리나라 대표     ,이외에도  전주 향교와 이목대 그리고 벽화마을  전통주박물관  승광재 등도 들려 볼 만한 곳이다  전주 한옥마을  여행 에서는 은퇴 후 사진작가로 왕성하게 활동 중인 절친도 우연히 만나 사진도 서로 찍어주곤했다,  전주여행   전주  한옥마을  한국관광 100선에 빛나는 우리나라 대표      이외에도  전주 향교와 이목대 그리고 벽화마을  전통주박물관  승광재 등도 들려 볼 만한 곳이다  전주 한옥마을  여행 에서는 은퇴 후 사진작가로 왕성하게 활동 중인 절친도 우연히 만나 사진도 서로 찍어주곤했다
전주 여행,362,  전주여행  한옥마을 전망대 이성계 장군의 승전 연회 장소  오목대, 전주 한옥마을  여행 을 다녀왔다 한옥마을과 경기정  어진박물관  풍남문  남문시장 그리고 최근 개장한 전라감영까지 돌아보고 오목대에 올랐다 가까이 있어 자주 들리는 곳이나 올 때마다 새롭고 또 다시    ,  전주여행  한옥마을 전망대 이성계 장군의 승전 연회 장소  오목대  전주 한옥마을  여행 을 다녀왔다 한옥마을과 경기정  어진박물관  풍남문  남문시장 그리고 최근 개장한 전라감영까지 돌아보고 오목대에 올랐다 가까이 있어 자주 들리는 곳이나 올 때마다 새롭고 또 다시    
전주 여행,363, 전주 가볼만한곳  전주여행  필수코스 천상의 정원인 한국도로공사 수    ,천년고도 그리고 이씨조선의 본향  전주   전주 에 가면 꼭 들려보아야 할곳이자  전주여행 의 필수코스인 한국도로공사 수목원이다 월드컵경기장 부근 고속도로 입구 큰 도로변에 있다  전주 에 딸집이 있어    , 전주 가볼만한곳  전주여행  필수코스 천상의 정원인 한국도로공사 수     천년고도 그리고 이씨조선의 본향  전주   전주 에 가면 꼭 들려보아야 할곳이자  전주여행 의 필수코스인 한국도로공사 수목원이다 월드컵경기장 부근 고속도로 입구 큰 도로변에 있다  전주 에 딸집이 있어    
전주 여행,364,SK LTE  어디까지 가봤니    맛있는  여행    전주  ,  맛있는  여행    전주   2012 08 27 06 30 IT 웹   서비스 Web   Service  글 작성자  레이니아 https   map naver com p entry place 1589368656 광고 제주유럽코티지감성 자쿠지독채 프라이빗 제주 여행   유럽감성    ,SK LTE  어디까지 가봤니    맛있는  여행    전주     맛있는  여행    전주   2012 08 27 06 30 IT 웹   서비스 Web   Service  글 작성자  레이니아 https   map naver com p entry place 1589368656 광고 제주유럽코티지감성 자쿠지독채 프라이빗 제주 여행   유럽감성    
전주 여행,365,  전주여행   전주 의 첫 인상  전주 역 앞   전주  첫 마중길 도로공원 2011    , 전주 역 앞  전주 첫마중길 기차를 타고  전주 역에서 내리면 처음으로 만나는  전주 첫마중길 이다  전주 의 첫인상이  전주 첫마중길 이다 한 여름이면 이  전주 첫마중길이 한여름 무더위를 피할수있는 어린이    ,  전주여행   전주 의 첫 인상  전주 역 앞   전주  첫 마중길 도로공원 2011      전주 역 앞  전주 첫마중길 기차를 타고  전주 역에서 내리면 처음으로 만나는  전주 첫마중길 이다  전주 의 첫인상이  전주 첫마중길 이다 한 여름이면 이  전주 첫마중길이 한여름 무더위를 피할수있는 어린이    
전주 여행,366,  전주여행   아중호수 나무데크 산책로를 따라 봄 산책 220403 ,예전 오래 전부터  전주  아중리 아중호수는 밤이면 불야성을 이루는 유명한 곳이다 벚꽃 구경하러 갈까 또는 민물매운탕 먹으러 갈까 기린봉 등산하러 등등 여러가지 목적을 핑게삼아 일년이면 여러번 들리는    ,  전주여행   아중호수 나무데크 산책로를 따라 봄 산책 220403  예전 오래 전부터  전주  아중리 아중호수는 밤이면 불야성을 이루는 유명한 곳이다 벚꽃 구경하러 갈까 또는 민물매운탕 먹으러 갈까 기린봉 등산하러 등등 여러가지 목적을 핑게삼아 일년이면 여러번 들리는    
전주 여행,367,  전주여행   한국도로공사 수목원 코앞에 있는  전주  시민들의 쉼터인    ,총화의 탑 그리고 기독교 방송국이 있는곳 예전 고속도로  전주  나들목이 있던 그자리 그곳엔 지금은  전주 시민을 위한 쉼터가 조성되어있다  전주  나들목 가족공원 이다  전주  인터체인지와 월드컵경기장에서    ,  전주여행   한국도로공사 수목원 코앞에 있는  전주  시민들의 쉼터인     총화의 탑 그리고 기독교 방송국이 있는곳 예전 고속도로  전주  나들목이 있던 그자리 그곳엔 지금은  전주 시민을 위한 쉼터가 조성되어있다  전주  나들목 가족공원 이다  전주  인터체인지와 월드컵경기장에서    
전주 여행,368,  전주여행   이씨 조선의 본향인  전주 의 자랑거리 덕진연못의 연꽃, 전주  덕진공원 이씨 조선의 본향인  전주 의 명물이자  전주 를 상징하고 있는 덕진공원  전주여행 의 필수코스 이다 덕진호수 한가운데를 현수교와 연꽃이 양분하고 잇어 아름다운 덕진연못이다  전주     ,  전주여행   이씨 조선의 본향인  전주 의 자랑거리 덕진연못의 연꽃  전주  덕진공원 이씨 조선의 본향인  전주 의 명물이자  전주 를 상징하고 있는 덕진공원  전주여행 의 필수코스 이다 덕진호수 한가운데를 현수교와 연꽃이 양분하고 잇어 아름다운 덕진연못이다  전주     
전주 여행,369,광주출발  당신이 놓치지 말아야 할  여행 지 5곳,각 지역의 특색과  여행  팁을 함께 살펴보세요  1   전주   한옥마을의 매력  전주 는 광주에서 차로 약 1시간 거리에 위치해 있습니다   전주  한옥마을은 한국 전통 가옥의 아름다움을 느낄 수 있는 장소로  많은    ,광주출발  당신이 놓치지 말아야 할  여행 지 5곳 각 지역의 특색과  여행  팁을 함께 살펴보세요  1   전주   한옥마을의 매력  전주 는 광주에서 차로 약 1시간 거리에 위치해 있습니다   전주  한옥마을은 한국 전통 가옥의 아름다움을 느낄 수 있는 장소로  많은    
전주 여행,370,  전주여행    전주  한옥마을  대한민국 대표  여행 지,com 15815131   전주여행    전주  난장 박물관   전주  한옥마을의 이색적인 옛날 볼거리 생일을 맞은 손자들과  전주  한옥마을에서 신나게 하루를 보냈다점심을  전주  한옥마을에서 제일 유명한 먹거리인 물갈비로    ,  전주여행    전주  한옥마을  대한민국 대표  여행 지 com 15815131   전주여행    전주  난장 박물관   전주  한옥마을의 이색적인 옛날 볼거리 생일을 맞은 손자들과  전주  한옥마을에서 신나게 하루를 보냈다점심을  전주  한옥마을에서 제일 유명한 먹거리인 물갈비로    
전주 여행,371, 전주 홈페이지제작   해외 여행   골프투어 전문  여행 사 온라인 견적문    ,com  하나단독투어   하나투어 공식인증 예약센터  해외 여행   단체 여행   하나투어   전주여행 사 하나단독투어  주 글로벌투어   하나투어 공식인증 예약센터  해외 여행   단체 여행   하나투어   전주여행 사    , 전주 홈페이지제작   해외 여행   골프투어 전문  여행 사 온라인 견적문     com  하나단독투어   하나투어 공식인증 예약센터  해외 여행   단체 여행   하나투어   전주여행 사 하나단독투어  주 글로벌투어   하나투어 공식인증 예약센터  해외 여행   단체 여행   하나투어   전주여행 사    
전주 여행,372,  전주여행   정월 대보름 공연 전북 달맞이 굿 good   보러가세,보러가세 음식의 고장 이자 한옥마을의 고장인  전주 의 한복판을 흐르고 있는  전주 천 통일광장    net y2k2041 15812600  임실 여행   가장 한국적인 신명나는 축제 필봉마을 정월대보름굿 정월대보름날 일년에    ,  전주여행   정월 대보름 공연 전북 달맞이 굿 good   보러가세 보러가세 음식의 고장 이자 한옥마을의 고장인  전주 의 한복판을 흐르고 있는  전주 천 통일광장    net y2k2041 15812600  임실 여행   가장 한국적인 신명나는 축제 필봉마을 정월대보름굿 정월대보름날 일년에    
전주 여행,373,  전주여행  지구촌 모자들은 모두 이곳에 이색 박물관  루이엘 모자    , 전주 한옥마을  여행 에서 모자박물관도 구경하여 보자  전주  한옥마을 서쪽 끝자락엔 루이엘모자박물관과 추억박물관 있다 별별 박물관도 다 있다 두 박물관 구경거리가 많아 좋다 입장료 3 000원이면 두 박물관을    ,  전주여행  지구촌 모자들은 모두 이곳에 이색 박물관  루이엘 모자      전주 한옥마을  여행 에서 모자박물관도 구경하여 보자  전주  한옥마을 서쪽 끝자락엔 루이엘모자박물관과 추억박물관 있다 별별 박물관도 다 있다 두 박물관 구경거리가 많아 좋다 입장료 3 000원이면 두 박물관을    
전주 여행,374,  전주여행   전동성당에서,지란지교를 꿈꾸며  전주 를 달려간 친구들과 약속시간은 오후 5시 한시간 틈새  여행 을 전동성당으로 향하는데 1월31일 수요일 오후 성당에 행사가 있어 관계자 외 차량 출임도 금하지만 꼬까 한복을 입은    ,  전주여행   전동성당에서 지란지교를 꿈꾸며  전주 를 달려간 친구들과 약속시간은 오후 5시 한시간 틈새  여행 을 전동성당으로 향하는데 1월31일 수요일 오후 성당에 행사가 있어 관계자 외 차량 출임도 금하지만 꼬까 한복을 입은    
전주 여행,375, 전주   여행 가, 여행 가   https   blog naver com allga79 전화번호   063 231 3040 도로명    전주 시 완산구 은행로 74 11 지번    전주 시 완산구 교동 91 5 장점    전주 숙박업에서 못보던 샤워타월과 빗  화장용 거울  큰 비누  폼클렌징이 있음    , 전주   여행 가  여행 가   https   blog naver com allga79 전화번호   063 231 3040 도로명    전주 시 완산구 은행로 74 11 지번    전주 시 완산구 교동 91 5 장점    전주 숙박업에서 못보던 샤워타월과 빗  화장용 거울  큰 비누  폼클렌징이 있음    
전주 여행,376,  전주 역 1년 안에 꼭 가보아야 하는 아시아  여행 명소 3위  전주여행 은    , 전주 역  전주 KTX역  전주 한옥마을등  전주여행 은  전주 역에서 부터 시작된다  전주 답게  전주 역사도 한옥마을 이다  전주 역 광장에 나오면 한복입고 부채들고 서 있는 예쁜 아가씨가 관광객들을 반겨준다  전주 역    ,  전주 역 1년 안에 꼭 가보아야 하는 아시아  여행 명소 3위  전주여행 은      전주 역  전주 KTX역  전주 한옥마을등  전주여행 은  전주 역에서 부터 시작된다  전주 답게  전주 역사도 한옥마을 이다  전주 역 광장에 나오면 한복입고 부채들고 서 있는 예쁜 아가씨가 관광객들을 반겨준다  전주 역    
전주 여행,377, 전주  한옥마을  한울밥상  맛집 오짱  한벽터널, 전주 여행 기 한울밥상   오짱   한벽터널  전주 는 맛과 멋이 공존하는 도시라 늘 기대가 됩니다  이번  여행 은 조금 특별했는데  원래는 한옥마을 안쪽 맛집을 갈 계획이었지만  우연히 들른 가게 사장님의    , 전주  한옥마을  한울밥상  맛집 오짱  한벽터널  전주 여행 기 한울밥상   오짱   한벽터널  전주 는 맛과 멋이 공존하는 도시라 늘 기대가 됩니다  이번  여행 은 조금 특별했는데  원래는 한옥마을 안쪽 맛집을 갈 계획이었지만  우연히 들른 가게 사장님의    
전주 여행,378, 전주 가볼만한곳  전주 난장 테마박물관 7080 감수성이 있는곳,06 00  전주여행 에서 이번에 들린 곳은 전북 유일의 테마박물관이며 7080 감수성을 그대로 재현해 낸 곳입니다  요즘 어딜가나 7080 을 내세우고 있는 장소가 많이 있지만 특히 이곳  전주 난장은 그대의 그 감성을    , 전주 가볼만한곳  전주 난장 테마박물관 7080 감수성이 있는곳 06 00  전주여행 에서 이번에 들린 곳은 전북 유일의 테마박물관이며 7080 감수성을 그대로 재현해 낸 곳입니다  요즘 어딜가나 7080 을 내세우고 있는 장소가 많이 있지만 특히 이곳  전주 난장은 그대의 그 감성을    
전주 여행,379, 전주  하숙영가마솥비빔밥 된장찌개와 비빔밥의 잘 어울리는 조합, 전주 맛집 투어 하숙영비빔밥 방문 오래전 다녀온  전주여행 에서 못 먹고 온 음식이 하나 있다면  비빔밥 이었다  이번에는 꼭 먹어보고 와야지 하는 생각에  전주 의 수많은 비빔밥가게를 검색하던 중 눈에    , 전주  하숙영가마솥비빔밥 된장찌개와 비빔밥의 잘 어울리는 조합  전주 맛집 투어 하숙영비빔밥 방문 오래전 다녀온  전주여행 에서 못 먹고 온 음식이 하나 있다면  비빔밥 이었다  이번에는 꼭 먹어보고 와야지 하는 생각에  전주 의 수많은 비빔밥가게를 검색하던 중 눈에    
전주 여행,380, 전주 여행  예정   럴럴럴 월드,티스토리 뷰 Diary  전주 여행  예정 랄랄라 lalalabro 2018 03 27 11 36 Let s Go  전주  2018 3 30 4 2  전주  막걸리  여행   안주 낮에는 한옥마을 밤에는 막걸리골목 얼마전  생생정보를 보다가   전주  막걸리    , 전주 여행  예정   럴럴럴 월드 티스토리 뷰 Diary  전주 여행  예정 랄랄라 lalalabro 2018 03 27 11 36 Let s Go  전주  2018 3 30 4 2  전주  막걸리  여행   안주 낮에는 한옥마을 밤에는 막걸리골목 얼마전  생생정보를 보다가   전주  막걸리    
전주 여행,381, 알라딘서재  생생리뷰 아는동네 아는 전주 ,그리고 친구의 입에서  그럼   전주 로 가자 라는 회신을 듣고 싶다   아는동네아는 전주    전주여행   어반플레이  urbanplay  아는동네  아는동네매거진 그럼  전주 로 가자, 알라딘서재  생생리뷰 아는동네 아는 전주  그리고 친구의 입에서  그럼   전주 로 가자 라는 회신을 듣고 싶다   아는동네아는 전주    전주여행   어반플레이  urbanplay  아는동네  아는동네매거진 그럼  전주 로 가자
전주 여행,382, 알라딘서재 언제라도  전주 , 전주 여행 을 계획하고 계신 분들  따듯한 위로를 책에서 받고 싶은 분들이 있다면 한 번 꼭 읽어보시길 권유해본다  그저 그런  여행 서가 아니다  가슴이 따뜻해지는 에세이같은  여행 서다  핵심 포인트 1  꼭 목차    , 알라딘서재 언제라도  전주   전주 여행 을 계획하고 계신 분들  따듯한 위로를 책에서 받고 싶은 분들이 있다면 한 번 꼭 읽어보시길 권유해본다  그저 그런  여행 서가 아니다  가슴이 따뜻해지는 에세이같은  여행 서다  핵심 포인트 1  꼭 목차    
전주 여행,383, 알라딘서재  전주 시집, 전주여행 을 계획하고는 있었지만  도대체 그곳에 가서 무엇을 보고 무엇을 해야   여행  잘했다  는 생각이 들지 몰랐는데  전주 엔 내가 알고 있는 것보다 많은 것들이 있구나 싶었다  진짜 한국을 느낄 수 있는    , 알라딘서재  전주 시집  전주여행 을 계획하고는 있었지만  도대체 그곳에 가서 무엇을 보고 무엇을 해야   여행  잘했다  는 생각이 들지 몰랐는데  전주 엔 내가 알고 있는 것보다 많은 것들이 있구나 싶었다  진짜 한국을 느낄 수 있는    
전주 여행,384, 알라딘서재 조용하면서도 다양한 매력의 로컬  여행  가이드  소도시    ,소도시트래블 완주   소도시트래블 맛조이코리아 편집부 지음   맛조이코리아   2022년 11월 평점   품절 얼마 전  전주 여행 을 다녀왔는데 소도시트래블 완주편을 보고 조금만 빨리 알았으면 정말 좋았겠다는    , 알라딘서재 조용하면서도 다양한 매력의 로컬  여행  가이드  소도시     소도시트래블 완주   소도시트래블 맛조이코리아 편집부 지음   맛조이코리아   2022년 11월 평점   품절 얼마 전  전주 여행 을 다녀왔는데 소도시트래블 완주편을 보고 조금만 빨리 알았으면 정말 좋았겠다는    
전주 여행,385, 알라딘서재 오렌지캬라멜 청춘 여행 ,그런 생각을 갖고 있던 중 급 떠나게 된  전주여행    서울에 있는곳은 언제든지 갈 수 있기에  전주  한옥마을로  여행 을 갔다왔다  오렌지 카라멜의  여행  경로를 따라 한옥도 구경하고  한복입고 하는 전통체험은    , 알라딘서재 오렌지캬라멜 청춘 여행  그런 생각을 갖고 있던 중 급 떠나게 된  전주여행    서울에 있는곳은 언제든지 갈 수 있기에  전주  한옥마을로  여행 을 갔다왔다  오렌지 카라멜의  여행  경로를 따라 한옥도 구경하고  한복입고 하는 전통체험은    
전주 여행,386, 전주  맛집 추천 리스트, 전주여행 을 해본게 엊그제 같은데 벌써 3년이 지났네요  지인과 함께 1박2일  전주 먹방 여행 을 다녀왔습니다   전주 맛집 조점례 남문피순대  전주 역에서 남부시장까지 한 30분정도  시장에 도착하니 시장의    , 전주  맛집 추천 리스트  전주여행 을 해본게 엊그제 같은데 벌써 3년이 지났네요  지인과 함께 1박2일  전주 먹방 여행 을 다녀왔습니다   전주 맛집 조점례 남문피순대  전주 역에서 남부시장까지 한 30분정도  시장에 도착하니 시장의    
전주 여행,387, 전주여행  콩나물국밥의 명가 160여 점포의 프렌차이즈  전주 맛집 현    , 전주여행  콩나물국밥의 명가 160여 점포의 프렌차이즈  전주 맛집 현대옥 전라북도  전주 는 콩나물국밥의 발생지로 유명한 콩나물국밥집이 많아 맛객들의 발길이 끊이지 않는 곳이다 특히 현대옥은 1세대인    , 전주여행  콩나물국밥의 명가 160여 점포의 프렌차이즈  전주 맛집 현      전주여행  콩나물국밥의 명가 160여 점포의 프렌차이즈  전주 맛집 현대옥 전라북도  전주 는 콩나물국밥의 발생지로 유명한 콩나물국밥집이 많아 맛객들의 발길이 끊이지 않는 곳이다 특히 현대옥은 1세대인    
전주 여행,388, 오감만족  전주  완주 여행  대한민국술테마박물관과 연꽃명소 덕진공    ,완주 여행 과  전주여행  그리고 전북 여행 에서 꼭 들려보아야할 필수 여행 코스가 바로 완주군 구이면에 있는 대한민국술테마박물관이다 2015년 10월에 개관한 대한민국술테미박물관 대만족 완주 여행  술테마박물관    , 오감만족  전주  완주 여행  대한민국술테마박물관과 연꽃명소 덕진공     완주 여행 과  전주여행  그리고 전북 여행 에서 꼭 들려보아야할 필수 여행 코스가 바로 완주군 구이면에 있는 대한민국술테마박물관이다 2015년 10월에 개관한 대한민국술테미박물관 대만족 완주 여행  술테마박물관    
전주 여행,389,  전주여행   퇴근 후 1박 2일  전주여행  1 ,  전주  1박 2일  여행    객리단길  한옥마을   완주 소양 1박 2일이라고는 하지만 퇴근 후 저녁에 출발 하루 연차 스케줄로 굉장히 짧은 일정이다  사실  전주 를 놀러 간 게 아니라 개인 일을 보러 가면서 당일치기로    ,  전주여행   퇴근 후 1박 2일  전주여행  1    전주  1박 2일  여행    객리단길  한옥마을   완주 소양 1박 2일이라고는 하지만 퇴근 후 저녁에 출발 하루 연차 스케줄로 굉장히 짧은 일정이다  사실  전주 를 놀러 간 게 아니라 개인 일을 보러 가면서 당일치기로    
전주 여행,390, 전주 맛집 조점례남문피순대  전주  가면 꼭 들려볼 곳으로 추천,11월 가을  전주  1박 2일  여행 에서 만난 음식들  피순대국밥 짧은 가을이 아쉬워 떠난  전주여행 에서 가을풍경도 기대했지만 그 보다 더 기대했던 것은 예전에 맛있게 먹었던 음식을 오랜만에 맛볼 수 있는    , 전주 맛집 조점례남문피순대  전주  가면 꼭 들려볼 곳으로 추천 11월 가을  전주  1박 2일  여행 에서 만난 음식들  피순대국밥 짧은 가을이 아쉬워 떠난  전주여행 에서 가을풍경도 기대했지만 그 보다 더 기대했던 것은 예전에 맛있게 먹었던 음식을 오랜만에 맛볼 수 있는    
전주 여행,391,군산  전주여행  5     전주  한옥마을은 낭만이 흘렀다,군산에서의  여행 을 마치고는  전주 로 오게 된다 물론 군산의 볼거리를 모두 본것은 아니다 그러나 짧은 1박2일 일정이기에  전주 로 오게 된 것이다 우선 숙소인 호텔 르윈   LE WIN  에 짐을 풀고는 바로 호텔    ,군산  전주여행  5     전주  한옥마을은 낭만이 흘렀다 군산에서의  여행 을 마치고는  전주 로 오게 된다 물론 군산의 볼거리를 모두 본것은 아니다 그러나 짧은 1박2일 일정이기에  전주 로 오게 된 것이다 우선 숙소인 호텔 르윈   LE WIN  에 짐을 풀고는 바로 호텔    
전주 여행,392,군산  전주여행  2    국내 유일의 일본식 사찰  동국사 를 탐방하다,피어 있었다 동국사 대웅전 뒷편은 울창한 대나무 숲으로 이뤄져 있었다 싱그럽기 이를데 없는 대나무가 나를 압도 했다 일본식의 동국사를 관람하고는 다음  여행 지 군산근대역사박물관으로 향하게 되었다,군산  전주여행  2    국내 유일의 일본식 사찰  동국사 를 탐방하다 피어 있었다 동국사 대웅전 뒷편은 울창한 대나무 숲으로 이뤄져 있었다 싱그럽기 이를데 없는 대나무가 나를 압도 했다 일본식의 동국사를 관람하고는 다음  여행 지 군산근대역사박물관으로 향하게 되었다
전주 여행,393,1박2일 전주여행  비빔밥전문점  전주 가족회관  전주 비빔밥체험   전주     ,1박2일 전주여행  비빔밥전문점  전주 가족회관  전주 비빔밥체험   전주 맛집  전주 가볼만한곳  맛의 도시  전주여행 에 빠트릴수 없는 한가지가  전주 비빔밥체험이 아닐가 싶다  전주 비빔밥축제가 열릴만큼  전주 를    ,1박2일 전주여행  비빔밥전문점  전주 가족회관  전주 비빔밥체험   전주      1박2일 전주여행  비빔밥전문점  전주 가족회관  전주 비빔밥체험   전주 맛집  전주 가볼만한곳  맛의 도시  전주여행 에 빠트릴수 없는 한가지가  전주 비빔밥체험이 아닐가 싶다  전주 비빔밥축제가 열릴만큼  전주 를    
전주 여행,394, 전주 여행   전주 시외버스터미널 시간표,01 00  전주 여행   전주 시외버스터미널 시간표  전주여행 의 시작  전주 시외버스터미널 시간표  전주 시외버스공용터미널 전화번호   1688 1745 전북  전주 시 덕진구 금암동 705 10  전주 에서 서울남부터미널   전주 에서    , 전주 여행   전주 시외버스터미널 시간표 01 00  전주 여행   전주 시외버스터미널 시간표  전주여행 의 시작  전주 시외버스터미널 시간표  전주 시외버스공용터미널 전화번호   1688 1745 전북  전주 시 덕진구 금암동 705 10  전주 에서 서울남부터미널   전주 에서    
전주 여행,395, 전주  도서관  여행     전주  이색  여행  프로그램    Moon ,도서관  여행    전주  기록문화의 뿌리인  전주  한지를 체험 다가 여행 자도서관  10 00   11 00    한옥마을도서관  11 20   14 00   중식    동문헌책도서관  14 20   15 20   도보     전주 천년한지관   한지체험    , 전주  도서관  여행     전주  이색  여행  프로그램    Moon  도서관  여행    전주  기록문화의 뿌리인  전주  한지를 체험 다가 여행 자도서관  10 00   11 00    한옥마을도서관  11 20   14 00   중식    동문헌책도서관  14 20   15 20   도보     전주 천년한지관   한지체험    
전주 여행,396,  전주여행   퇴근 후 1박 2일  전주여행  3 ,짤 때 포함하기 부담스러울 수 있다 하지만     만족하지 않은 사람이 없는 승률 100  장소로 방문을 진심으로 추천한다   전주 보다 위쪽에 있어 올라가는 길이니까 제발요      짧았지만 알찬  전주 여행  끝 ,  전주여행   퇴근 후 1박 2일  전주여행  3  짤 때 포함하기 부담스러울 수 있다 하지만     만족하지 않은 사람이 없는 승률 100  장소로 방문을 진심으로 추천한다   전주 보다 위쪽에 있어 올라가는 길이니까 제발요      짧았지만 알찬  전주 여행  끝 
전주 여행,397, 알라딘서재  전주 야  놀자,내가  전주  예찬론자가 된 이유 중에 하나는  전주 의 맛 때문이다  음식은 역시  전라도   저렴한 가격에     전주 하면 비빔밥이지만   우리는 꼭 한옥마을 근처에 있는 반야돌솥밥에 간다  갓지은 돌솥밥    집간장에    , 알라딘서재  전주 야  놀자 내가  전주  예찬론자가 된 이유 중에 하나는  전주 의 맛 때문이다  음식은 역시  전라도   저렴한 가격에     전주 하면 비빔밥이지만   우리는 꼭 한옥마을 근처에 있는 반야돌솥밥에 간다  갓지은 돌솥밥    집간장에    
전주 여행,398,  전주여행   이번주말  전주 의 명물 덕진공원의 연꽃축제와 연꽃촬영    ,함께  전주여행 코스에서 빠트릴수 없는 필수  여행 코스 이다 모처럼 휴가차 들린 아들이 그래도 명색이 여름휴가 인데 서울의 엄마 누나 조카  전주 의 누나와 조카만 만나보고 강원도로 또다시 훌쩍 떠나는게    ,  전주여행   이번주말  전주 의 명물 덕진공원의 연꽃축제와 연꽃촬영     함께  전주여행 코스에서 빠트릴수 없는 필수  여행 코스 이다 모처럼 휴가차 들린 아들이 그래도 명색이 여름휴가 인데 서울의 엄마 누나 조카  전주 의 누나와 조카만 만나보고 강원도로 또다시 훌쩍 떠나는게    
전주 여행,399,  전주 여행   한옥마을 내  전주  전통 한지원,전라북도  전주 시 일원에서 생산되는 한지  이곳의 한지제조업은 입지와  전주 천의 깨끗한 수질  원재료     전주 지방 근교에 닥나무가 많이 생산되기 때문에 이를 원재료로 한 한지제조업이 성황을 이루고 있다     ,  전주 여행   한옥마을 내  전주  전통 한지원 전라북도  전주 시 일원에서 생산되는 한지  이곳의 한지제조업은 입지와  전주 천의 깨끗한 수질  원재료     전주 지방 근교에 닥나무가 많이 생산되기 때문에 이를 원재료로 한 한지제조업이 성황을 이루고 있다     
전주 여행,400,  전주여행    전주  한옥마을에서 느끼는 정감, 전주 한옥생활체험관 대문이 보인다  방 안의 풍경이 마치 옛날로 돌아가 시간 여행 을 하는 듯 하다  모두 정겨운 물건 들이다  방 안의 냉장고와 쓰레기통만 요즘의 물건이다  대나무를 길게 가로질러 옷걸이로    ,  전주여행    전주  한옥마을에서 느끼는 정감  전주 한옥생활체험관 대문이 보인다  방 안의 풍경이 마치 옛날로 돌아가 시간 여행 을 하는 듯 하다  모두 정겨운 물건 들이다  방 안의 냉장고와 쓰레기통만 요즘의 물건이다  대나무를 길게 가로질러 옷걸이로    
전주 여행,401, 전주여행 코스 전동성당 고풍스러운 멋이 좋아요 , 전주여행 코스 전동성당 고풍스러운 멋이 좋아요  당일로 다녀왔던  전주  예전에 가서 보지 못한 곳까지 잘 둘러보고 왔습니다  이렇게 좋은 봄날에  여행 만 다니면 얼마나 좋을까 라는    철없는 생각을 해    , 전주여행 코스 전동성당 고풍스러운 멋이 좋아요   전주여행 코스 전동성당 고풍스러운 멋이 좋아요  당일로 다녀왔던  전주  예전에 가서 보지 못한 곳까지 잘 둘러보고 왔습니다  이렇게 좋은 봄날에  여행 만 다니면 얼마나 좋을까 라는    철없는 생각을 해    
전주 여행,402,  전주여행   또다시  전주 행 ,2017년 11월 L님의 결혼식을 방문하기 위하여  전주 행    가는길도 울긋불긋 단풍이 들어 예쁜 풍경이 가득했다  또다시  전주 행 오랜만에 본 얼굴들이 많았다 항상 보는 얼굴들도 많고 행복을 빌며  전주 행 끗 ,  전주여행   또다시  전주 행  2017년 11월 L님의 결혼식을 방문하기 위하여  전주 행    가는길도 울긋불긋 단풍이 들어 예쁜 풍경이 가득했다  또다시  전주 행 오랜만에 본 얼굴들이 많았다 항상 보는 얼굴들도 많고 행복을 빌며  전주 행 끗 
전주 여행,403,  전주여행   낭만적인  전주 의 밤  cafe Dal STORY  카페 달이야기  전주 한    ,  전주여행   낭만적인  전주 의 밤  cafe Dal STORY  전주 카페  전주 한옥마을 Jeonju Hanok Village cafe Dal STORY 카페 달이야기 063 288 8886 전북  전주 시 완산구 최명희길 20  풍남동3가 47 3   전주 에 도착한 밤  늦은 저녁을    ,  전주여행   낭만적인  전주 의 밤  cafe Dal STORY  카페 달이야기  전주 한       전주여행   낭만적인  전주 의 밤  cafe Dal STORY  전주 카페  전주 한옥마을 Jeonju Hanok Village cafe Dal STORY 카페 달이야기 063 288 8886 전북  전주 시 완산구 최명희길 20  풍남동3가 47 3   전주 에 도착한 밤  늦은 저녁을    
전주 여행,404, 전주 여행 에서 만난 쵸코파이, 전주 여행 에서 만단 쵸코파이 좋네요  이쁘기도 하고 부드럽고 맛있네요  선물용으로도 괜찬하요   , 전주 여행 에서 만난 쵸코파이  전주 여행 에서 만단 쵸코파이 좋네요  이쁘기도 하고 부드럽고 맛있네요  선물용으로도 괜찬하요   
전주 여행,405, 여행 이좋다    전북 김제  전주  1박2일  여행     김제  전주  가볼만한곳     ,아래는 예전에 다녀온  전주여행 코스입니다  사실 이때 다녀온  여행 지들이  전주여행 계획 짜시는데는 더 도움이 될듯 싶습니다   전주  한옥마을을 비롯해서 다양한 관광지가 있으니  참고하시면 되겠습니다    , 여행 이좋다    전북 김제  전주  1박2일  여행     김제  전주  가볼만한곳      아래는 예전에 다녀온  전주여행 코스입니다  사실 이때 다녀온  여행 지들이  전주여행 계획 짜시는데는 더 도움이 될듯 싶습니다   전주  한옥마을을 비롯해서 다양한 관광지가 있으니  참고하시면 되겠습니다    
전주 여행,406,살을 에는  전주여행   10    한옥마을  그리고 경기전 ,살을 에는  전주여행   10    한옥마을  그리고 경기전  2011 02 17 06 48 Hobby  여행  Journey  글 작성자  레이니아 https   www chamchamtrip com  광고 누구나 즐거운 농촌 여행  참참 단체 숙박부터 이색 체험까지 완비     ,살을 에는  전주여행   10    한옥마을  그리고 경기전  살을 에는  전주여행   10    한옥마을  그리고 경기전  2011 02 17 06 48 Hobby  여행  Journey  글 작성자  레이니아 https   www chamchamtrip com  광고 누구나 즐거운 농촌 여행  참참 단체 숙박부터 이색 체험까지 완비     
전주 여행,407, 알라딘서재  전주 여행 이 더 즐거워지는  여행 책, 전주 여행  레시피   Happy Travel 1 김주미 지음   즐거운상상   2013년 9월 평점   구판절판 지난 주말에 다녀온  전주여행    여행 을 더욱 즐겁게 만들어준  여행 책이 바로   전주여행  레시피 이다  책에 나온 명소도    , 알라딘서재  전주 여행 이 더 즐거워지는  여행 책  전주 여행  레시피   Happy Travel 1 김주미 지음   즐거운상상   2013년 9월 평점   구판절판 지난 주말에 다녀온  전주여행    여행 을 더욱 즐겁게 만들어준  여행 책이 바로   전주여행  레시피 이다  책에 나온 명소도    
전주 여행,408, 여행 이좋다    광장식당     전주 시 오래된 맛집  전주  먹을거리 백반    , 전주 시 오래된 맛집  전주  먹을거리 백반집 추천 광장식당 이번  전주여행 에서 마지막으로 방문한 광장식당입니다  이곳 광장식당은  전주 시청 근처에 있는 백반집으로  오랫동안 사랑받는  전주 시 맛집 중    , 여행 이좋다    광장식당     전주 시 오래된 맛집  전주  먹을거리 백반      전주 시 오래된 맛집  전주  먹을거리 백반집 추천 광장식당 이번  전주여행 에서 마지막으로 방문한 광장식당입니다  이곳 광장식당은  전주 시청 근처에 있는 백반집으로  오랫동안 사랑받는  전주 시 맛집 중    
전주 여행,409,전라북도  전주  남부시장과 남부시장 야시장 먹거리  여행 , 전주 남부시장은  전주  한옥마을과 가까이 있어서 한옥마을을 들리고 주말야간이면 많은 사람들이 찾고 있는  전주 여행 명소 중 하나이다  특히 금 토요일에만 열리는 남부시장 야시장은 삼겹살 김밥  소고기    ,전라북도  전주  남부시장과 남부시장 야시장 먹거리  여행   전주 남부시장은  전주  한옥마을과 가까이 있어서 한옥마을을 들리고 주말야간이면 많은 사람들이 찾고 있는  전주 여행 명소 중 하나이다  특히 금 토요일에만 열리는 남부시장 야시장은 삼겹살 김밥  소고기    
전주 여행,410,  바람짝  여행  맛집   전주 시   백반 한정식 전문 한국식당    ,  바람짝  여행  맛집   전주 시   백반 한정식 전문 한국식당      일시   2012 03 04 일   작성자   바람짝  글춤요리사   전주 지역의 맛집 탐방을 하였습니다  착한가격  지인들의 입소문을 통하여 알게 된    ,  바람짝  여행  맛집   전주 시   백반 한정식 전문 한국식당       바람짝  여행  맛집   전주 시   백반 한정식 전문 한국식당      일시   2012 03 04 일   작성자   바람짝  글춤요리사   전주 지역의 맛집 탐방을 하였습니다  착한가격  지인들의 입소문을 통하여 알게 된    
전주 여행,411,6월  전주 여행  2박 3일  서울의 밤  오리과자점  객사  한옥마을   전주     , 6월  전주 여행  2박 3일  서울의 밤  오리과자점  객사  한옥마을   전주 일몽  남노갈비  고자루  퇴근하고 바로  전주 행 광주에서  전주 까지 한시간 반   비가 올락말락한데 우산이없어서 불안불안   친구만나서 숙소    ,6월  전주 여행  2박 3일  서울의 밤  오리과자점  객사  한옥마을   전주       6월  전주 여행  2박 3일  서울의 밤  오리과자점  객사  한옥마을   전주 일몽  남노갈비  고자루  퇴근하고 바로  전주 행 광주에서  전주 까지 한시간 반   비가 올락말락한데 우산이없어서 불안불안   친구만나서 숙소    
전주 여행,412, 여행 이좋다     전주  전북 천리길  전주  한옥마을 둘레길, 전주 를 포함해서 전라북도 각지의 볼거리 먹거리를 한 달 동안 체험한 것이어서  전주  혹은 전북  여행 을 계획하는 분이라면 도움이 될만한 후기입니다  전라북도 한달살기 후기 전북  여행  30일 요약 정리    , 여행 이좋다     전주  전북 천리길  전주  한옥마을 둘레길  전주 를 포함해서 전라북도 각지의 볼거리 먹거리를 한 달 동안 체험한 것이어서  전주  혹은 전북  여행 을 계획하는 분이라면 도움이 될만한 후기입니다  전라북도 한달살기 후기 전북  여행  30일 요약 정리    
전주 여행,413,여름에 떠난  전주여행  With Mom,  전주 한옥마을 주차장 정보 상세  전주 한옥마을 한옥마을소개  체험콘텐츠  문화공연행사  한옥마을사진  문화시설  문화시설유적지  이색 여행 공간 전통공예  생활공예  액세서리 예술공예  쓰고 그리고 체험    ,여름에 떠난  전주여행  With Mom   전주 한옥마을 주차장 정보 상세  전주 한옥마을 한옥마을소개  체험콘텐츠  문화공연행사  한옥마을사진  문화시설  문화시설유적지  이색 여행 공간 전통공예  생활공예  액세서리 예술공예  쓰고 그리고 체험    
전주 여행,414, 전주여행   전주  물 짜장 맛집  수정관  물짜장 깐풍육 강추, 전주 여행 가면 먹여줄께   하다  전주 를 오게되어 간 중화요리집입니다  인터넷에는 데프콘 이 먹었던 물짜장집으로 유명하더라고요  솔직히 물짜장  전주  어디든 먹어도 배신없이 맛있습니다  여긴    , 전주여행   전주  물 짜장 맛집  수정관  물짜장 깐풍육 강추  전주 여행 가면 먹여줄께   하다  전주 를 오게되어 간 중화요리집입니다  인터넷에는 데프콘 이 먹었던 물짜장집으로 유명하더라고요  솔직히 물짜장  전주  어디든 먹어도 배신없이 맛있습니다  여긴    
전주 여행,415,  전주여행   풍년제과  수제초코파이  Poongnyun Bakery   PNB Bakery s Choco Pie    ,  전주여행    전주 에서 꼭 먹어봐야할 초코파이  풍년제과 Jeonju Hanok Village  PNB Bakery  Poongnyun Bakery in Jeonju si 우리밀로 만든 달달한 초코파이 어머  이건 꼭 먹어야해     전주 한옥마을에서 걷다보면 여럿 보이는    ,  전주여행   풍년제과  수제초코파이  Poongnyun Bakery   PNB Bakery s Choco Pie       전주여행    전주 에서 꼭 먹어봐야할 초코파이  풍년제과 Jeonju Hanok Village  PNB Bakery  Poongnyun Bakery in Jeonju si 우리밀로 만든 달달한 초코파이 어머  이건 꼭 먹어야해     전주 한옥마을에서 걷다보면 여럿 보이는    
전주 여행,416,  전주여행   술한잔하기 딱 좋은 분위기  구일집   전주 맛집  전주 한옥    ,  전주여행   술한잔하기 딱 좋은 분위기  구일집 Jeonju Hanok Village 밥집인듯 술집인듯  일단 맛있으면 그걸로 충분하다     전주 한옥마을맛집 오목대에서 내려와 늦은 점심을 먹고자 이곳저곳 돌아다니다 발견한    ,  전주여행   술한잔하기 딱 좋은 분위기  구일집   전주 맛집  전주 한옥       전주여행   술한잔하기 딱 좋은 분위기  구일집 Jeonju Hanok Village 밥집인듯 술집인듯  일단 맛있으면 그걸로 충분하다     전주 한옥마을맛집 오목대에서 내려와 늦은 점심을 먹고자 이곳저곳 돌아다니다 발견한    
전주 여행,417, 알라딘서재  100자평   전주 여행  레시피, 전주 여행  레시피   Happy Travel 1 김주미 지음   즐거운상상   2013년 9월 평점   구판절판 처음 봤을때는 뭐가 되게 아기자기해서 기대했는데  직접 가보니  전주 가 되게 작은곳이라 편집이 너무 조잡하게    , 알라딘서재  100자평   전주 여행  레시피  전주 여행  레시피   Happy Travel 1 김주미 지음   즐거운상상   2013년 9월 평점   구판절판 처음 봤을때는 뭐가 되게 아기자기해서 기대했는데  직접 가보니  전주 가 되게 작은곳이라 편집이 너무 조잡하게    
전주 여행,418,171216 17  전주여행  ,국내 여행 기 171216 17  전주여행   네오엔 2018  1  7  10 11 간식사러 가는 길에 추억돋는 가게가 있어 구경 카카오 캐릭터 달고나 2개랑 불량식품 3개 사가지고 나왔다 여기서 완자꼬치랑 체다치즈 완자꼬치 사고    ,171216 17  전주여행   국내 여행 기 171216 17  전주여행   네오엔 2018  1  7  10 11 간식사러 가는 길에 추억돋는 가게가 있어 구경 카카오 캐릭터 달고나 2개랑 불량식품 3개 사가지고 나왔다 여기서 완자꼬치랑 체다치즈 완자꼬치 사고    
전주 여행,419,  전주 여행   전동성당  입장시간 ,오늘 소개할 곳은  전주  한옥마을  여행 에 빼놓을 수 없는 명소  전동성당입니다  너무 아름다운 모습을 하고 있구요  사적 제288호로도 지정되어 있다고도 합니다  그리고 입장시간도 있어 늦지 않게 다녀와야    ,  전주 여행   전동성당  입장시간  오늘 소개할 곳은  전주  한옥마을  여행 에 빼놓을 수 없는 명소  전동성당입니다  너무 아름다운 모습을 하고 있구요  사적 제288호로도 지정되어 있다고도 합니다  그리고 입장시간도 있어 늦지 않게 다녀와야    
전주 여행,420,  전주 맛집  교동 시래청   시래기국밥 전문점   전주여행    전주 한옥마    ,  전주 맛집  교동 시래청   시래기국밥 전문점  전주여행    전주 한옥마을 맛집  전주 한옥마을  아침식사로 딱이었던 시래기국밥  전주 한옥마을에서의 아침  11시즘 되었던 시각인데  아침식사가 가능한 식당은 많지    ,  전주 맛집  교동 시래청   시래기국밥 전문점   전주여행    전주 한옥마       전주 맛집  교동 시래청   시래기국밥 전문점  전주여행    전주 한옥마을 맛집  전주 한옥마을  아침식사로 딱이었던 시래기국밥  전주 한옥마을에서의 아침  11시즘 되었던 시각인데  아침식사가 가능한 식당은 많지    
전주 여행,421,  전주여행   브런치가 먹고 싶어 찾아간 예쁜 카페  투리스타  turista , 전주여행  마지막날 오전부터 브런치가 너무 먹고 싶었다 아쉽게도  전주 엔 브런치 카페가 거의 없었으나   폭풍 검색으로 찾아낸  전주  브런치 카페 투리스타 한옥마을 근처  호텔 아래 붙어있는 한적한 카페다    ,  전주여행   브런치가 먹고 싶어 찾아간 예쁜 카페  투리스타  turista   전주여행  마지막날 오전부터 브런치가 너무 먹고 싶었다 아쉽게도  전주 엔 브런치 카페가 거의 없었으나   폭풍 검색으로 찾아낸  전주  브런치 카페 투리스타 한옥마을 근처  호텔 아래 붙어있는 한적한 카페다    
전주 여행,422, 전주여행 가면 꼭 가봐야할 곳  전주 비빔밥 맛집 가족회관 , 전주여행 하면 꼭 가봐야 할 곳  전주 비빔밥 맛집 가족회관  전주  상담하러 갔다가  전주 에 계신 팀원과 합류해서 저녁먹으러 간곳   전주 에 오면  전주 비빔밥 꼭 먹고 가야하는데 맛집을 추천해주셔서 고고씽    , 전주여행 가면 꼭 가봐야할 곳  전주 비빔밥 맛집 가족회관   전주여행 하면 꼭 가봐야 할 곳  전주 비빔밥 맛집 가족회관  전주  상담하러 갔다가  전주 에 계신 팀원과 합류해서 저녁먹으러 간곳   전주 에 오면  전주 비빔밥 꼭 먹고 가야하는데 맛집을 추천해주셔서 고고씽    
전주 여행,423,1박2일  전주여행  1일차  2020 08 22 23 ,2일  전주여행 을 다녀왔다  마이산 휴게소에서 마이산 배경으로    덕진공원에서    연꽃이 피었을 때 가면 좋았을 텐데 연꽃이 다져서 아쉬웠다  예약한  전주 영화호텔에 체크인하고  전주 맛집인 한국집에서    ,1박2일  전주여행  1일차  2020 08 22 23  2일  전주여행 을 다녀왔다  마이산 휴게소에서 마이산 배경으로    덕진공원에서    연꽃이 피었을 때 가면 좋았을 텐데 연꽃이 다져서 아쉬웠다  예약한  전주 영화호텔에 체크인하고  전주 맛집인 한국집에서    
전주 여행,424, 전주 여행    전주 생선구이본가 조기매운탕, 전주 여행 도 할 겸  겸사겸사 갔다  도착해서 조기매운탕이 너무 먹고 싶어서 검색해서 찾아간 곳   전주 생선구이본가 바로 맞은 편이 주차장  아주 좋구먼 식사 때가 아니라 널널하다  실내도 단정하고 깨끗하다     , 전주 여행    전주 생선구이본가 조기매운탕  전주 여행 도 할 겸  겸사겸사 갔다  도착해서 조기매운탕이 너무 먹고 싶어서 검색해서 찾아간 곳   전주 생선구이본가 바로 맞은 편이 주차장  아주 좋구먼 식사 때가 아니라 널널하다  실내도 단정하고 깨끗하다     
전주 여행,425, 전주 맛집 전북도청 연남물갈비  전주여행 추천, 전주 에 맛집이 굉장히 많은데  전주여행  하면서 연남물갈비 먹으러 전북도청 근처로 갔다 산처럼 쌓인 물갈비 위에 태극기가 꽂혀있는게 너무 귀엽다 먹기 좋게 얇은 갈비가 올라가있는데 너무 부드럽고    , 전주 맛집 전북도청 연남물갈비  전주여행 추천  전주 에 맛집이 굉장히 많은데  전주여행  하면서 연남물갈비 먹으러 전북도청 근처로 갔다 산처럼 쌓인 물갈비 위에 태극기가 꽂혀있는게 너무 귀엽다 먹기 좋게 얇은 갈비가 올라가있는데 너무 부드럽고    
전주 여행,426, 여행 이좋다     전주  피순대 맛집 마이산피순대 본점,다음은 예전  전주여행 길에 맛있게 먹은 맛집     전주여행  맛집 추천  전주  육일식당 고구마순 감자탕  전주여행  맛집 추천 육일식당 고구마순 감자탕 오늘은 이번  전주여행 길에 첫 식사를 해결한 식당 한곳    , 여행 이좋다     전주  피순대 맛집 마이산피순대 본점 다음은 예전  전주여행 길에 맛있게 먹은 맛집     전주여행  맛집 추천  전주  육일식당 고구마순 감자탕  전주여행  맛집 추천 육일식당 고구마순 감자탕 오늘은 이번  전주여행 길에 첫 식사를 해결한 식당 한곳    
전주 여행,427, 여행  맛집 이야기,개인적으로  전주여행  가게된다면 농가레스토랑 다시 방문하고 싶은 곳이다   전주 맛집으로 추천해 드리는 메뉴  후식은 요렇게 깔끔하게 간단히 먹기  사실 반찬을 많이 먹어서 배가 엄청 불렀다  마음 같아서는    , 여행  맛집 이야기 개인적으로  전주여행  가게된다면 농가레스토랑 다시 방문하고 싶은 곳이다   전주 맛집으로 추천해 드리는 메뉴  후식은 요렇게 깔끔하게 간단히 먹기  사실 반찬을 많이 먹어서 배가 엄청 불렀다  마음 같아서는    
전주 여행,428, 여행 이좋다    삼백집     전주  먹거리 콩나물국밥 맛집   전주  오래된     , 한국인이 사랑하는 오래된 한식당 100선  농림수산식품부 한식재단 선정  그러면 맛있는  전주  먹거리 많이들 드시구요  좋은 추억 많이 남기는  전주여행  되시길 바라겠습니다 , 여행 이좋다    삼백집     전주  먹거리 콩나물국밥 맛집   전주  오래된       한국인이 사랑하는 오래된 한식당 100선  농림수산식품부 한식재단 선정  그러면 맛있는  전주  먹거리 많이들 드시구요  좋은 추억 많이 남기는  전주여행  되시길 바라겠습니다 
전주 여행,429, 국내 여행   당일치기로 즐겨본  전주여행    왱이콩나물국밥  전동성    ,결국 다음날 지리산 둘레길 대신  전주여행 을 떠나기로 하였습니다  예전  전주여행 기 우연히 들르게된  전주    전주 한옥마을에서의 하루  http   hermoney tistory com 702 하루동안 야무지게  전주 를 구경하기위해    , 국내 여행   당일치기로 즐겨본  전주여행    왱이콩나물국밥  전동성     결국 다음날 지리산 둘레길 대신  전주여행 을 떠나기로 하였습니다  예전  전주여행 기 우연히 들르게된  전주    전주 한옥마을에서의 하루  http   hermoney tistory com 702 하루동안 야무지게  전주 를 구경하기위해    
전주 여행,430,  전주여행   전주 맛집  조점례 남문피순대 와  전주 모주,그리고  전주  모주  역시나 식감 자체부터가 다르다  부드러우면서     전주  모주는 생각보다 달달하고 맛있었다  약술이라고도     전주  모주는 어디서든 판매를 하고 있는데  가격이 아주 다양하다  똑같은    ,  전주여행   전주 맛집  조점례 남문피순대 와  전주 모주 그리고  전주  모주  역시나 식감 자체부터가 다르다  부드러우면서     전주  모주는 생각보다 달달하고 맛있었다  약술이라고도     전주  모주는 어디서든 판매를 하고 있는데  가격이 아주 다양하다  똑같은    
전주 여행,431,  전주여행   전주 한옥마을 여행 에서 들려보아야할  전주 산책코스  전주     ,볼일차  전주 에 왔다가 팔자에도 없는 보너스 시간이 와이투케이에게 주어지었다 와이투케이에게 주어진 시간은 달랑 1시간30분  전주 천 산책에 이 시간을 투자하기로 하고 롯대백화점 부근에서  전주 천으로    ,  전주여행   전주 한옥마을 여행 에서 들려보아야할  전주 산책코스  전주      볼일차  전주 에 왔다가 팔자에도 없는 보너스 시간이 와이투케이에게 주어지었다 와이투케이에게 주어진 시간은 달랑 1시간30분  전주 천 산책에 이 시간을 투자하기로 하고 롯대백화점 부근에서  전주 천으로    
전주 여행,432,  전주여행  친구   전주 에 와서 한옥마을만 보고 갈 텐가 한옥 레일바    , 전주 의 새로운 즐길거리  전주  한옥 레일바이크 사랑하는 연인과  전주  한옥마을에서 한복을 입고 데이트도 즐기고 다시 아중역에서 한옥 레일바이크도 같이 타 본다면 영원한 추억이 될것이다 대한믹  국    ,  전주여행  친구   전주 에 와서 한옥마을만 보고 갈 텐가 한옥 레일바      전주 의 새로운 즐길거리  전주  한옥 레일바이크 사랑하는 연인과  전주  한옥마을에서 한복을 입고 데이트도 즐기고 다시 아중역에서 한옥 레일바이크도 같이 타 본다면 영원한 추억이 될것이다 대한믹  국    
전주 여행,433,  전주여행   마전고분군이 있는 서부신시가지의 문학대공원,문화공간으로 조성되었다 고분군들이 모여있는곳이다  전주여행 에서 한반쯤은 들려봐야할 곳이다 공원으로 오르는 길이다 오른쪽에도 계단으로 되어있는 입구가 있다 바로 옆에 있는 이씨조선의  전주 이씨 문종    ,  전주여행   마전고분군이 있는 서부신시가지의 문학대공원 문화공간으로 조성되었다 고분군들이 모여있는곳이다  전주여행 에서 한반쯤은 들려봐야할 곳이다 공원으로 오르는 길이다 오른쪽에도 계단으로 되어있는 입구가 있다 바로 옆에 있는 이씨조선의  전주 이씨 문종    
전주 여행,434, 알라딘서재  100자평   전주 여행  레시피, 전주 여행  레시피   Happy Travel 1 김주미 지음   즐거운상상   2013년 9월 평점   구판절판  전주 여행  다녀오며 구입한 책  편집이 깔끔하고 보기에 좋다  굿 , 알라딘서재  100자평   전주 여행  레시피  전주 여행  레시피   Happy Travel 1 김주미 지음   즐거운상상   2013년 9월 평점   구판절판  전주 여행  다녀오며 구입한 책  편집이 깔끔하고 보기에 좋다  굿 
전주 여행,435,  전주여행   후백제 견훤왕의 숨결을 느낄수 있는  전주  승암산의 동    ,조선왕조의 본향  전주  후백제의 도읍지  전주  후백제의 견훤왕이 숨결을 느낄수있는곳이 동고산성의 동고서 이다 완산  전주  이 그립군아 하고 유언을 남기고 죽었다는 견훤왕이  전주 에 도읍을 정하고 사고사    ,  전주여행   후백제 견훤왕의 숨결을 느낄수 있는  전주  승암산의 동     조선왕조의 본향  전주  후백제의 도읍지  전주  후백제의 견훤왕이 숨결을 느낄수있는곳이 동고산성의 동고서 이다 완산  전주  이 그립군아 하고 유언을 남기고 죽었다는 견훤왕이  전주 에 도읍을 정하고 사고사    
전주 여행,436,  전주여행  일제 강점기 아픈 역사의 흔적이 있는 역사 깊은 공원      , 전주  다가공원        전주  옛완산 의 오래된 역사 깊은 공원 그러나 슬픈 아픈 역사를 지니고 있는 공원 이다  전주 천을 끼고 우뚝 솟아있는 다가산 정상에 서면  전주 가 훤히 내려다 보이는 명단중의 명당    ,  전주여행  일제 강점기 아픈 역사의 흔적이 있는 역사 깊은 공원        전주  다가공원        전주  옛완산 의 오래된 역사 깊은 공원 그러나 슬픈 아픈 역사를 지니고 있는 공원 이다  전주 천을 끼고 우뚝 솟아있는 다가산 정상에 서면  전주 가 훤히 내려다 보이는 명단중의 명당    
전주 여행,437,   전주여행  아중호숫가에 있는 작은 소공원 호동골 어린이공원, 전주  호동골  전주  시민이면 누구나 다 알고있는 이름이다 예전 쓰래기매립장 이었다 지금은 호공골    하였다  전주  딸집에 들렸다가 오후시간 시간을 내어 들려보았던 아중호수와 아중리레일바이크 그리고    ,   전주여행  아중호숫가에 있는 작은 소공원 호동골 어린이공원  전주  호동골  전주  시민이면 누구나 다 알고있는 이름이다 예전 쓰래기매립장 이었다 지금은 호공골    하였다  전주  딸집에 들렸다가 오후시간 시간을 내어 들려보았던 아중호수와 아중리레일바이크 그리고    
전주 여행,438,  전주여행  조선시대 별장  전주 8경 한옥마을의 한벽당과 한벽굴, 전주  한벽당 임실 슬치고개에서 발원한  전주 천이 한벽당과 만나 아름다운 경관을 만들어 내고 있다    하여  전주  8경의 하나로 꼽았다 조선의 개국을 도운 공신이며 집현전 직제학을 지낸 월당 최담 선생이 태조    ,  전주여행  조선시대 별장  전주 8경 한옥마을의 한벽당과 한벽굴  전주  한벽당 임실 슬치고개에서 발원한  전주 천이 한벽당과 만나 아름다운 경관을 만들어 내고 있다    하여  전주  8경의 하나로 꼽았다 조선의 개국을 도운 공신이며 집현전 직제학을 지낸 월당 최담 선생이 태조    
전주 여행,439,  전주여행  완산칠봉에 있는 도심속 하늘정원   전주  완산공원 꽃동    , 전주  완산공원 완산공원 꽃동산  전주  완산칠봉에 있는 도심속 공원 이다 후백제의 도읍지이며 조선왕조의 본향  전주 를 대표하는 산이 완산칠봉 이다  전주  완산고원의 꽃동산  전주 시립도서관에서 하늘을    ,  전주여행  완산칠봉에 있는 도심속 하늘정원   전주  완산공원 꽃동      전주  완산공원 완산공원 꽃동산  전주  완산칠봉에 있는 도심속 공원 이다 후백제의 도읍지이며 조선왕조의 본향  전주 를 대표하는 산이 완산칠봉 이다  전주  완산고원의 꽃동산  전주 시립도서관에서 하늘을    
전주 여행,440,  전주여행   조선왕조실록의 피난등 수난사를 알수있는  전주 사고, 전주 사고 국보제151호인 조선왕조실록을 안전하게 보관하기 위해 만들어진  전주  경기전안의 건물이다 이  전주 사고에 가보면 임진왜란 당시 조성왕조실록의 피신과 수난사를 한눈에 볼수 있다  전주 사고는    ,  전주여행   조선왕조실록의 피난등 수난사를 알수있는  전주 사고  전주 사고 국보제151호인 조선왕조실록을 안전하게 보관하기 위해 만들어진  전주  경기전안의 건물이다 이  전주 사고에 가보면 임진왜란 당시 조성왕조실록의 피신과 수난사를 한눈에 볼수 있다  전주 사고는    
전주 여행,441,180812아이들과  전주여행  한옥마을속으로,산책  전주여행 은 군것질과 함께   개인적으로 가장 만족 스러웠던 마약육전 추억 남겨줄 사진에 조미료를 위해 한복대여 헤어 사진 세트라고하여 온가족이 한복체험 시작   사진관에서 사진 촬영후 마을투어    ,180812아이들과  전주여행  한옥마을속으로 산책  전주여행 은 군것질과 함께   개인적으로 가장 만족 스러웠던 마약육전 추억 남겨줄 사진에 조미료를 위해 한복대여 헤어 사진 세트라고하여 온가족이 한복체험 시작   사진관에서 사진 촬영후 마을투어    
전주 여행,442,  전주여행    전주 천에서의 달랑 20분의 산책과 추억,일요일 오후 볼일차  전주 에 왔다가 팔자에도 없는 보너스 시간 30여분이 와이투케이에게 주어지었다 작은 자트리 시간 보내기엔 안성맞춤안 곳이  전주 천이다  전주 천 산책에 이 시간을 투자하기로 하고    ,  전주여행    전주 천에서의 달랑 20분의 산책과 추억 일요일 오후 볼일차  전주 에 왔다가 팔자에도 없는 보너스 시간 30여분이 와이투케이에게 주어지었다 작은 자트리 시간 보내기엔 안성맞춤안 곳이  전주 천이다  전주 천 산책에 이 시간을 투자하기로 하고    
전주 여행,443,  전주여행   이씨조선의 본향  전주 한옥마을에 있는 경기전의 어진박    ,이씨 조선의 본향인  전주   전주  한옥마을 한옥마을로는 전국에서 제일 유명한곳이  전주  한옥마을 이다 이  전주 한옥마을에는 경기전이 있고 이 경기전안에 태조 이성계의 어진을 모시고 있는 어진    ,  전주여행   이씨조선의 본향  전주 한옥마을에 있는 경기전의 어진박     이씨 조선의 본향인  전주   전주  한옥마을 한옥마을로는 전국에서 제일 유명한곳이  전주  한옥마을 이다 이  전주 한옥마을에는 경기전이 있고 이 경기전안에 태조 이성계의 어진을 모시고 있는 어진    
전주 여행,444, 연꽃 여행  대한민국 연꽃 대표 관광지인  전주  덕진공원 덕진연못 201    ,덕진공원은  전주여행 코스에서 빠트릴수 없는 필수  여행 코스 이다 덕진연못의 연꽃은 덕진호수 한가운데를 가로지르는 현수교와 연지교등 주변경관이 무척 아름다워 사진을 찍으면 무척 아름답다 연꽃밭이    , 연꽃 여행  대한민국 연꽃 대표 관광지인  전주  덕진공원 덕진연못 201     덕진공원은  전주여행 코스에서 빠트릴수 없는 필수  여행 코스 이다 덕진연못의 연꽃은 덕진호수 한가운데를 가로지르는 현수교와 연지교등 주변경관이 무척 아름다워 사진을 찍으면 무척 아름답다 연꽃밭이    
전주 여행,445,  전주여행  친환경 생태도시 에코시티의 자랑거리 세병호와 세병공    ,에코시티가 조성되었다 세병공원은  전주 한옥마을 여행 에서 나아가  전주여행 에서 꼭 들려가야 하는  전주여행 코스 이다 와이투케이는 손자들이 에코시티에 살고 있어 자주 들리는 세병호 이고 세병공원 이다,  전주여행  친환경 생태도시 에코시티의 자랑거리 세병호와 세병공     에코시티가 조성되었다 세병공원은  전주 한옥마을 여행 에서 나아가  전주여행 에서 꼭 들려가야 하는  전주여행 코스 이다 와이투케이는 손자들이 에코시티에 살고 있어 자주 들리는 세병호 이고 세병공원 이다
전주 여행,446,  전주여행   후백제 숨결이 숨어있는 황방산 서고사,후백제의 도읍지  전주  구 완산  후백제의 견훤왕이 숨결을 느낄수있는곳이  전주  효자동 서곡지구 황방산의 서고사 이다 완산  전주  이 그립군아 하고 유언을 남기고 죽었다는 견훤왕이  전주 에 도읍을 정하고    ,  전주여행   후백제 숨결이 숨어있는 황방산 서고사 후백제의 도읍지  전주  구 완산  후백제의 견훤왕이 숨결을 느낄수있는곳이  전주  효자동 서곡지구 황방산의 서고사 이다 완산  전주  이 그립군아 하고 유언을 남기고 죽었다는 견훤왕이  전주 에 도읍을 정하고    
전주 여행,447, 알라딘서재 언제라도  전주 ,제가 가봤던 곳도 있었고요  다음에  전주 를 가면 가고 싶은곳도 있었어요   가장 가보고 싶은곳은 북카페 카프카   다음  전주여행 때 들고다니면서  여행 해봐야겠어요  날 좋아진 요즘  전주여행 가고싶다아    , 알라딘서재 언제라도  전주  제가 가봤던 곳도 있었고요  다음에  전주 를 가면 가고 싶은곳도 있었어요   가장 가보고 싶은곳은 북카페 카프카   다음  전주여행 때 들고다니면서  여행 해봐야겠어요  날 좋아진 요즘  전주여행 가고싶다아    
전주 여행,448,  전주여행  완산칠봉의 작은 생태공원인 완산칠봉생태습지원,완산칠봉생태습지원 완산    은  전주 의 옛 지명이고 이싸조선의 본향이요 후백제의 도읍지이다    실제로  전주 천을 따라 산책 하다보면  전주 천변의 산세는 비경 이다 완산에는 완산칠봉이 있고    ,  전주여행  완산칠봉의 작은 생태공원인 완산칠봉생태습지원 완산칠봉생태습지원 완산    은  전주 의 옛 지명이고 이싸조선의 본향이요 후백제의 도읍지이다    실제로  전주 천을 따라 산책 하다보면  전주 천변의 산세는 비경 이다 완산에는 완산칠봉이 있고    
전주 여행,449,  전주여행   예향도시  전주 의 자랑거리 국립무형유산원,박물관이  전주 에 있다 예향의 도시 답게 무형유산박물관이 있어  전주 가 자랑스럽다 어렴풋이 알고는    2013년도에  전주 에 개관한  전주 의 자랑거리 이다  전주 에 사는 시민들은 신나겠다 각종 무료공연이 계속    ,  전주여행   예향도시  전주 의 자랑거리 국립무형유산원 박물관이  전주 에 있다 예향의 도시 답게 무형유산박물관이 있어  전주 가 자랑스럽다 어렴풋이 알고는    2013년도에  전주 에 개관한  전주 의 자랑거리 이다  전주 에 사는 시민들은 신나겠다 각종 무료공연이 계속    
전주 여행,450,  전주여행    전주  에코시티의 친환경 생태공원  세병공원과 세병호    ,한다는 뜻 이다 한다 세병공원은  전주 한옥마을 여행 에서 나아가  전주여행 에서 꼭 들려가야 하는  전주여행 코스 이다 와이투케이는 에코시티에 손자들이 살고 있어 자주 가는 에코시티인데 처음으로 포스팅한다,  전주여행    전주  에코시티의 친환경 생태공원  세병공원과 세병호     한다는 뜻 이다 한다 세병공원은  전주 한옥마을 여행 에서 나아가  전주여행 에서 꼭 들려가야 하는  전주여행 코스 이다 와이투케이는 에코시티에 손자들이 살고 있어 자주 가는 에코시티인데 처음으로 포스팅한다
전주 여행,451, 전동성당 최초순교지이자  전주 한옥마을  여행 의 필수 여행 코스,함께  전주여행 에서 꼭 들려봐야하는 필수  전주여행 코스 이다 자주 가는  전주  그리고 한옥마을 아내와 남문시장 맛집에서 순대국 한그릇하고  전주 한옥마을에 들린김에 전동성당도 자세히 둘러보았다    , 전동성당 최초순교지이자  전주 한옥마을  여행 의 필수 여행 코스 함께  전주여행 에서 꼭 들려봐야하는 필수  전주여행 코스 이다 자주 가는  전주  그리고 한옥마을 아내와 남문시장 맛집에서 순대국 한그릇하고  전주 한옥마을에 들린김에 전동성당도 자세히 둘러보았다    
전주 여행,452,  전주여행   한옥마을 분위기에 딱 어울리는  전주 한옥마을 부채박물    , 전주 한옥마을 부채박물관 선조들의 지혜가 담긴 부채의 모든것을  전주 한옥마을에 가면 볼수가 있다 글자그대로 조선시대 부채부터 중국 일본 부채까지 모든 부채가 전시되어있는 부채박물관 이다  전주 한옥마을    ,  전주여행   한옥마을 분위기에 딱 어울리는  전주 한옥마을 부채박물      전주 한옥마을 부채박물관 선조들의 지혜가 담긴 부채의 모든것을  전주 한옥마을에 가면 볼수가 있다 글자그대로 조선시대 부채부터 중국 일본 부채까지 모든 부채가 전시되어있는 부채박물관 이다  전주 한옥마을    
전주 여행,453,  전주여행  국내 최고수준의 복합문화예술공간  전주  한국소리문화의    ,전북  전주 에서 매년 개최되고 있는  전주 세계소리축제가 열리는 곳 한국소리문화의 전당 2001년    이다  전주 의 자랑 전북의 자랑 이다 대지면적이 30 184평에 건물면적이 11 064평이나 되는 대형 아트센터이다    ,  전주여행  국내 최고수준의 복합문화예술공간  전주  한국소리문화의     전북  전주 에서 매년 개최되고 있는  전주 세계소리축제가 열리는 곳 한국소리문화의 전당 2001년    이다  전주 의 자랑 전북의 자랑 이다 대지면적이 30 184평에 건물면적이 11 064평이나 되는 대형 아트센터이다    
전주 여행,454, 전주여행 , 여행 지    전주 시 일원  여행 일   2014  12  14 일요일  코스    전주 한옥마을 둘러보기   전주 전통비빔밥시식   덕진공원  유적지 저녁으로  전주 떡갈비시식 등  , 전주여행   여행 지    전주 시 일원  여행 일   2014  12  14 일요일  코스    전주 한옥마을 둘러보기   전주 전통비빔밥시식   덕진공원  유적지 저녁으로  전주 떡갈비시식 등  
전주 여행,455,  전주여행   덕진호수의 옛 연화교가 변신을 하고있는 덕진공원 210425    , 전주 에서 나홀로  전주  가볼만한곳 중 첫번째로 꼽는  전주  덕진공원에 들려보았다 연화교 없는 덕진공원의 모습은 어떤 모습일까  연화교는 어떤 모습으로 변신을 하고 있을까 궁금한 마음으로 한시간의 자투리    ,  전주여행   덕진호수의 옛 연화교가 변신을 하고있는 덕진공원 210425      전주 에서 나홀로  전주  가볼만한곳 중 첫번째로 꼽는  전주  덕진공원에 들려보았다 연화교 없는 덕진공원의 모습은 어떤 모습일까  연화교는 어떤 모습으로 변신을 하고 있을까 궁금한 마음으로 한시간의 자투리    
전주 여행,456,2015 01 30     전주여행  1일차  한옥마을 야시장  남부시장  청년몰 구경    ,2015 01 30     전주여행  1일차  한옥스테이 태조마루  한옥마을 먹거리 구경  http   sweetcity tistory com 1725 사장님이 알려주신 야시장 구경가는길   광화문처럼   세월호 천막에 울컥  조명받아 멋진 풍남문    ,2015 01 30     전주여행  1일차  한옥마을 야시장  남부시장  청년몰 구경     2015 01 30     전주여행  1일차  한옥스테이 태조마루  한옥마을 먹거리 구경  http   sweetcity tistory com 1725 사장님이 알려주신 야시장 구경가는길   광화문처럼   세월호 천막에 울컥  조명받아 멋진 풍남문    
전주 여행,457,  전주여행   전주 대사습놀이에 가면  전주 한옥마을도 구경할수 있다,맞추어  전주여행 을 왔다 매년 열리는 전국대회로 판소리명창과 일반 농악 무용 기악 시조 민요 가야금명창 궁도 명고수까지 10개부분으로 치러지는 전국 경연대회 이다  전주 대사습놀이는 전국대회 로서 무척    ,  전주여행   전주 대사습놀이에 가면  전주 한옥마을도 구경할수 있다 맞추어  전주여행 을 왔다 매년 열리는 전국대회로 판소리명창과 일반 농악 무용 기악 시조 민요 가야금명창 궁도 명고수까지 10개부분으로 치러지는 전국 경연대회 이다  전주 대사습놀이는 전국대회 로서 무척    
전주 여행,458,  전주여행   옛날 물건들 모두 이곳에 전시 되어 있다  전주 한옥마을    , 전주 한옥마을의 루이엘모자박물관 바로 옆에는 추억박물관도 있다 같은 건물에 있다 입장료 3 000원    전시공간을 전라북도 든  전주 시 든 문화예술재단 이든 어느곳 이든 지원 된다면 얼마나 좋을까 생각해 본다,  전주여행   옛날 물건들 모두 이곳에 전시 되어 있다  전주 한옥마을      전주 한옥마을의 루이엘모자박물관 바로 옆에는 추억박물관도 있다 같은 건물에 있다 입장료 3 000원    전시공간을 전라북도 든  전주 시 든 문화예술재단 이든 어느곳 이든 지원 된다면 얼마나 좋을까 생각해 본다
전주 여행,459,  전주여행   전주 한옥마을  여행 에서 꼭 가봐야 할곳  전주  풍남문,이씨조선의 본향인  전주 의 한옥마을  여행 에서 꼭 들려보아야할곳이 있다 경기전과 어진박물관도 가보아야할 곳이지만  전주  풍남문도 꼭 가봐야한다 보물제308호인 풍남문     은  전주 를 대표하는    ,  전주여행   전주 한옥마을  여행 에서 꼭 가봐야 할곳  전주  풍남문 이씨조선의 본향인  전주 의 한옥마을  여행 에서 꼭 들려보아야할곳이 있다 경기전과 어진박물관도 가보아야할 곳이지만  전주  풍남문도 꼭 가봐야한다 보물제308호인 풍남문     은  전주 를 대표하는    
전주 여행,460,  전주여행  가즈아   전주  젊음이 넘치는 거리로    전주  객사 길과 영    ,가볼만한곳  전주여행 에서 꼭 가보아야 하는 필수  전주여행 코스 이다 결혼식 참석차  전주 에 온 김에 벚꽃명소 이자 데이트코스로 유명한 아중리저수지를 들린후 영화의거리 객사길까지 한바뀌 돌아보았다    ,  전주여행  가즈아   전주  젊음이 넘치는 거리로    전주  객사 길과 영     가볼만한곳  전주여행 에서 꼭 가보아야 하는 필수  전주여행 코스 이다 결혼식 참석차  전주 에 온 김에 벚꽃명소 이자 데이트코스로 유명한 아중리저수지를 들린후 영화의거리 객사길까지 한바뀌 돌아보았다    
전주 여행,461,  전주여행  한옥마을 전망대 이성계 장군의 승전 연회 장소  오목대, 전주 한옥마을  여행 을 다녀왔다 한옥마을과 경기정  어진박물관  풍남문  남문시장 그리고 최근 개장한 전라감영까지 돌아보고 오목대에 올랐다 가까이 있어 자주 들리는 곳이나 올 때마다 새롭고 또 다시    ,  전주여행  한옥마을 전망대 이성계 장군의 승전 연회 장소  오목대  전주 한옥마을  여행 을 다녀왔다 한옥마을과 경기정  어진박물관  풍남문  남문시장 그리고 최근 개장한 전라감영까지 돌아보고 오목대에 올랐다 가까이 있어 자주 들리는 곳이나 올 때마다 새롭고 또 다시    
전주 여행,462,  전주여행   전주  한옥마을  한국관광 100선에 빛나는 우리나라 대표     ,이외에도  전주 향교와 이목대 그리고 벽화마을  전통주박물관  승광재 등도 들려 볼 만한 곳이다  전주 한옥마을  여행 에서는 은퇴 후 사진작가로 왕성하게 활동 중인 절친도 우연히 만나 사진도 서로 찍어주곤했다,  전주여행   전주  한옥마을  한국관광 100선에 빛나는 우리나라 대표      이외에도  전주 향교와 이목대 그리고 벽화마을  전통주박물관  승광재 등도 들려 볼 만한 곳이다  전주 한옥마을  여행 에서는 은퇴 후 사진작가로 왕성하게 활동 중인 절친도 우연히 만나 사진도 서로 찍어주곤했다
전주 여행,463, 전주 가볼만한곳  전주여행  필수코스 천상의 정원인 한국도로공사 수    ,천년고도 그리고 이씨조선의 본향  전주   전주 에 가면 꼭 들려보아야 할곳이자  전주여행 의 필수코스인 한국도로공사 수목원이다 월드컵경기장 부근 고속도로 입구 큰 도로변에 있다  전주 에 딸집이 있어    , 전주 가볼만한곳  전주여행  필수코스 천상의 정원인 한국도로공사 수     천년고도 그리고 이씨조선의 본향  전주   전주 에 가면 꼭 들려보아야 할곳이자  전주여행 의 필수코스인 한국도로공사 수목원이다 월드컵경기장 부근 고속도로 입구 큰 도로변에 있다  전주 에 딸집이 있어    
전주 여행,464,SK LTE  어디까지 가봤니    맛있는  여행    전주  ,  맛있는  여행    전주   2012 08 27 06 30 IT 웹   서비스 Web   Service  글 작성자  레이니아 https   map naver com p entry place 1589368656 광고 제주유럽코티지감성 자쿠지독채 프라이빗 제주 여행   유럽감성    ,SK LTE  어디까지 가봤니    맛있는  여행    전주     맛있는  여행    전주   2012 08 27 06 30 IT 웹   서비스 Web   Service  글 작성자  레이니아 https   map naver com p entry place 1589368656 광고 제주유럽코티지감성 자쿠지독채 프라이빗 제주 여행   유럽감성    
전주 여행,465,  전주여행   전주 의 첫 인상  전주 역 앞   전주  첫 마중길 도로공원 2011    , 전주 역 앞  전주 첫마중길 기차를 타고  전주 역에서 내리면 처음으로 만나는  전주 첫마중길 이다  전주 의 첫인상이  전주 첫마중길 이다 한 여름이면 이  전주 첫마중길이 한여름 무더위를 피할수있는 어린이    ,  전주여행   전주 의 첫 인상  전주 역 앞   전주  첫 마중길 도로공원 2011      전주 역 앞  전주 첫마중길 기차를 타고  전주 역에서 내리면 처음으로 만나는  전주 첫마중길 이다  전주 의 첫인상이  전주 첫마중길 이다 한 여름이면 이  전주 첫마중길이 한여름 무더위를 피할수있는 어린이    
전주 여행,466,  전주여행   아중호수 나무데크 산책로를 따라 봄 산책 220403 ,예전 오래 전부터  전주  아중리 아중호수는 밤이면 불야성을 이루는 유명한 곳이다 벚꽃 구경하러 갈까 또는 민물매운탕 먹으러 갈까 기린봉 등산하러 등등 여러가지 목적을 핑게삼아 일년이면 여러번 들리는    ,  전주여행   아중호수 나무데크 산책로를 따라 봄 산책 220403  예전 오래 전부터  전주  아중리 아중호수는 밤이면 불야성을 이루는 유명한 곳이다 벚꽃 구경하러 갈까 또는 민물매운탕 먹으러 갈까 기린봉 등산하러 등등 여러가지 목적을 핑게삼아 일년이면 여러번 들리는    
전주 여행,467,  전주여행   한국도로공사 수목원 코앞에 있는  전주  시민들의 쉼터인    ,총화의 탑 그리고 기독교 방송국이 있는곳 예전 고속도로  전주  나들목이 있던 그자리 그곳엔 지금은  전주 시민을 위한 쉼터가 조성되어있다  전주  나들목 가족공원 이다  전주  인터체인지와 월드컵경기장에서    ,  전주여행   한국도로공사 수목원 코앞에 있는  전주  시민들의 쉼터인     총화의 탑 그리고 기독교 방송국이 있는곳 예전 고속도로  전주  나들목이 있던 그자리 그곳엔 지금은  전주 시민을 위한 쉼터가 조성되어있다  전주  나들목 가족공원 이다  전주  인터체인지와 월드컵경기장에서    
전주 여행,468,  전주여행   이씨 조선의 본향인  전주 의 자랑거리 덕진연못의 연꽃, 전주  덕진공원 이씨 조선의 본향인  전주 의 명물이자  전주 를 상징하고 있는 덕진공원  전주여행 의 필수코스 이다 덕진호수 한가운데를 현수교와 연꽃이 양분하고 잇어 아름다운 덕진연못이다  전주     ,  전주여행   이씨 조선의 본향인  전주 의 자랑거리 덕진연못의 연꽃  전주  덕진공원 이씨 조선의 본향인  전주 의 명물이자  전주 를 상징하고 있는 덕진공원  전주여행 의 필수코스 이다 덕진호수 한가운데를 현수교와 연꽃이 양분하고 잇어 아름다운 덕진연못이다  전주     
전주 여행,469,광주출발  당신이 놓치지 말아야 할  여행 지 5곳,각 지역의 특색과  여행  팁을 함께 살펴보세요  1   전주   한옥마을의 매력  전주 는 광주에서 차로 약 1시간 거리에 위치해 있습니다   전주  한옥마을은 한국 전통 가옥의 아름다움을 느낄 수 있는 장소로  많은    ,광주출발  당신이 놓치지 말아야 할  여행 지 5곳 각 지역의 특색과  여행  팁을 함께 살펴보세요  1   전주   한옥마을의 매력  전주 는 광주에서 차로 약 1시간 거리에 위치해 있습니다   전주  한옥마을은 한국 전통 가옥의 아름다움을 느낄 수 있는 장소로  많은    
전주 여행,470,  전주여행    전주  한옥마을  대한민국 대표  여행 지,com 15815131   전주여행    전주  난장 박물관   전주  한옥마을의 이색적인 옛날 볼거리 생일을 맞은 손자들과  전주  한옥마을에서 신나게 하루를 보냈다점심을  전주  한옥마을에서 제일 유명한 먹거리인 물갈비로    ,  전주여행    전주  한옥마을  대한민국 대표  여행 지 com 15815131   전주여행    전주  난장 박물관   전주  한옥마을의 이색적인 옛날 볼거리 생일을 맞은 손자들과  전주  한옥마을에서 신나게 하루를 보냈다점심을  전주  한옥마을에서 제일 유명한 먹거리인 물갈비로    
전주 여행,471, 전주 홈페이지제작   해외 여행   골프투어 전문  여행 사 온라인 견적문    ,com  하나단독투어   하나투어 공식인증 예약센터  해외 여행   단체 여행   하나투어   전주여행 사 하나단독투어  주 글로벌투어   하나투어 공식인증 예약센터  해외 여행   단체 여행   하나투어   전주여행 사    , 전주 홈페이지제작   해외 여행   골프투어 전문  여행 사 온라인 견적문     com  하나단독투어   하나투어 공식인증 예약센터  해외 여행   단체 여행   하나투어   전주여행 사 하나단독투어  주 글로벌투어   하나투어 공식인증 예약센터  해외 여행   단체 여행   하나투어   전주여행 사    
전주 여행,472,  전주여행   정월 대보름 공연 전북 달맞이 굿 good   보러가세,보러가세 음식의 고장 이자 한옥마을의 고장인  전주 의 한복판을 흐르고 있는  전주 천 통일광장    net y2k2041 15812600  임실 여행   가장 한국적인 신명나는 축제 필봉마을 정월대보름굿 정월대보름날 일년에    ,  전주여행   정월 대보름 공연 전북 달맞이 굿 good   보러가세 보러가세 음식의 고장 이자 한옥마을의 고장인  전주 의 한복판을 흐르고 있는  전주 천 통일광장    net y2k2041 15812600  임실 여행   가장 한국적인 신명나는 축제 필봉마을 정월대보름굿 정월대보름날 일년에    
전주 여행,473,  전주여행  지구촌 모자들은 모두 이곳에 이색 박물관  루이엘 모자    , 전주 한옥마을  여행 에서 모자박물관도 구경하여 보자  전주  한옥마을 서쪽 끝자락엔 루이엘모자박물관과 추억박물관 있다 별별 박물관도 다 있다 두 박물관 구경거리가 많아 좋다 입장료 3 000원이면 두 박물관을    ,  전주여행  지구촌 모자들은 모두 이곳에 이색 박물관  루이엘 모자      전주 한옥마을  여행 에서 모자박물관도 구경하여 보자  전주  한옥마을 서쪽 끝자락엔 루이엘모자박물관과 추억박물관 있다 별별 박물관도 다 있다 두 박물관 구경거리가 많아 좋다 입장료 3 000원이면 두 박물관을    
전주 여행,474, 전주   여행 가, 여행 가   https   blog naver com allga79 전화번호   063 231 3040 도로명    전주 시 완산구 은행로 74 11 지번    전주 시 완산구 교동 91 5 장점    전주 숙박업에서 못보던 샤워타월과 빗  화장용 거울  큰 비누  폼클렌징이 있음    , 전주   여행 가  여행 가   https   blog naver com allga79 전화번호   063 231 3040 도로명    전주 시 완산구 은행로 74 11 지번    전주 시 완산구 교동 91 5 장점    전주 숙박업에서 못보던 샤워타월과 빗  화장용 거울  큰 비누  폼클렌징이 있음    
전주 여행,475,  전주여행   전동성당에서,지란지교를 꿈꾸며  전주 를 달려간 친구들과 약속시간은 오후 5시 한시간 틈새  여행 을 전동성당으로 향하는데 1월31일 수요일 오후 성당에 행사가 있어 관계자 외 차량 출임도 금하지만 꼬까 한복을 입은    ,  전주여행   전동성당에서 지란지교를 꿈꾸며  전주 를 달려간 친구들과 약속시간은 오후 5시 한시간 틈새  여행 을 전동성당으로 향하는데 1월31일 수요일 오후 성당에 행사가 있어 관계자 외 차량 출임도 금하지만 꼬까 한복을 입은    
전주 여행,476,  전주 역 1년 안에 꼭 가보아야 하는 아시아  여행 명소 3위  전주여행 은    , 전주 역  전주 KTX역  전주 한옥마을등  전주여행 은  전주 역에서 부터 시작된다  전주 답게  전주 역사도 한옥마을 이다  전주 역 광장에 나오면 한복입고 부채들고 서 있는 예쁜 아가씨가 관광객들을 반겨준다  전주 역    ,  전주 역 1년 안에 꼭 가보아야 하는 아시아  여행 명소 3위  전주여행 은      전주 역  전주 KTX역  전주 한옥마을등  전주여행 은  전주 역에서 부터 시작된다  전주 답게  전주 역사도 한옥마을 이다  전주 역 광장에 나오면 한복입고 부채들고 서 있는 예쁜 아가씨가 관광객들을 반겨준다  전주 역    
전주 여행,477, 전주  한옥마을  한울밥상  맛집 오짱  한벽터널, 전주 여행 기 한울밥상   오짱   한벽터널  전주 는 맛과 멋이 공존하는 도시라 늘 기대가 됩니다  이번  여행 은 조금 특별했는데  원래는 한옥마을 안쪽 맛집을 갈 계획이었지만  우연히 들른 가게 사장님의    , 전주  한옥마을  한울밥상  맛집 오짱  한벽터널  전주 여행 기 한울밥상   오짱   한벽터널  전주 는 맛과 멋이 공존하는 도시라 늘 기대가 됩니다  이번  여행 은 조금 특별했는데  원래는 한옥마을 안쪽 맛집을 갈 계획이었지만  우연히 들른 가게 사장님의    
전주 여행,478, 전주 가볼만한곳  전주 난장 테마박물관 7080 감수성이 있는곳,06 00  전주여행 에서 이번에 들린 곳은 전북 유일의 테마박물관이며 7080 감수성을 그대로 재현해 낸 곳입니다  요즘 어딜가나 7080 을 내세우고 있는 장소가 많이 있지만 특히 이곳  전주 난장은 그대의 그 감성을    , 전주 가볼만한곳  전주 난장 테마박물관 7080 감수성이 있는곳 06 00  전주여행 에서 이번에 들린 곳은 전북 유일의 테마박물관이며 7080 감수성을 그대로 재현해 낸 곳입니다  요즘 어딜가나 7080 을 내세우고 있는 장소가 많이 있지만 특히 이곳  전주 난장은 그대의 그 감성을    
전주 여행,479, 전주  하숙영가마솥비빔밥 된장찌개와 비빔밥의 잘 어울리는 조합, 전주 맛집 투어 하숙영비빔밥 방문 오래전 다녀온  전주여행 에서 못 먹고 온 음식이 하나 있다면  비빔밥 이었다  이번에는 꼭 먹어보고 와야지 하는 생각에  전주 의 수많은 비빔밥가게를 검색하던 중 눈에    , 전주  하숙영가마솥비빔밥 된장찌개와 비빔밥의 잘 어울리는 조합  전주 맛집 투어 하숙영비빔밥 방문 오래전 다녀온  전주여행 에서 못 먹고 온 음식이 하나 있다면  비빔밥 이었다  이번에는 꼭 먹어보고 와야지 하는 생각에  전주 의 수많은 비빔밥가게를 검색하던 중 눈에    
전주 여행,480, 전주 여행  예정   럴럴럴 월드,티스토리 뷰 Diary  전주 여행  예정 랄랄라 lalalabro 2018 03 27 11 36 Let s Go  전주  2018 3 30 4 2  전주  막걸리  여행   안주 낮에는 한옥마을 밤에는 막걸리골목 얼마전  생생정보를 보다가   전주  막걸리    , 전주 여행  예정   럴럴럴 월드 티스토리 뷰 Diary  전주 여행  예정 랄랄라 lalalabro 2018 03 27 11 36 Let s Go  전주  2018 3 30 4 2  전주  막걸리  여행   안주 낮에는 한옥마을 밤에는 막걸리골목 얼마전  생생정보를 보다가   전주  막걸리    
전주 여행,481, 알라딘서재  생생리뷰 아는동네 아는 전주 ,그리고 친구의 입에서  그럼   전주 로 가자 라는 회신을 듣고 싶다   아는동네아는 전주    전주여행   어반플레이  urbanplay  아는동네  아는동네매거진 그럼  전주 로 가자, 알라딘서재  생생리뷰 아는동네 아는 전주  그리고 친구의 입에서  그럼   전주 로 가자 라는 회신을 듣고 싶다   아는동네아는 전주    전주여행   어반플레이  urbanplay  아는동네  아는동네매거진 그럼  전주 로 가자
전주 여행,482, 알라딘서재  전주 시집, 전주여행 을 계획하고는 있었지만  도대체 그곳에 가서 무엇을 보고 무엇을 해야   여행  잘했다  는 생각이 들지 몰랐는데  전주 엔 내가 알고 있는 것보다 많은 것들이 있구나 싶었다  진짜 한국을 느낄 수 있는    , 알라딘서재  전주 시집  전주여행 을 계획하고는 있었지만  도대체 그곳에 가서 무엇을 보고 무엇을 해야   여행  잘했다  는 생각이 들지 몰랐는데  전주 엔 내가 알고 있는 것보다 많은 것들이 있구나 싶었다  진짜 한국을 느낄 수 있는    
전주 여행,483, 알라딘서재 조용하면서도 다양한 매력의 로컬  여행  가이드  소도시    ,소도시트래블 완주   소도시트래블 맛조이코리아 편집부 지음   맛조이코리아   2022년 11월 평점   품절 얼마 전  전주 여행 을 다녀왔는데 소도시트래블 완주편을 보고 조금만 빨리 알았으면 정말 좋았겠다는    , 알라딘서재 조용하면서도 다양한 매력의 로컬  여행  가이드  소도시     소도시트래블 완주   소도시트래블 맛조이코리아 편집부 지음   맛조이코리아   2022년 11월 평점   품절 얼마 전  전주 여행 을 다녀왔는데 소도시트래블 완주편을 보고 조금만 빨리 알았으면 정말 좋았겠다는    
전주 여행,484, 알라딘서재 언제라도  전주 , 전주 여행 을 계획하고 계신 분들  따듯한 위로를 책에서 받고 싶은 분들이 있다면 한 번 꼭 읽어보시길 권유해본다  그저 그런  여행 서가 아니다  가슴이 따뜻해지는 에세이같은  여행 서다  핵심 포인트 1  꼭 목차    , 알라딘서재 언제라도  전주   전주 여행 을 계획하고 계신 분들  따듯한 위로를 책에서 받고 싶은 분들이 있다면 한 번 꼭 읽어보시길 권유해본다  그저 그런  여행 서가 아니다  가슴이 따뜻해지는 에세이같은  여행 서다  핵심 포인트 1  꼭 목차    
전주 여행,485, 전주  맛집 추천 리스트, 전주여행 을 해본게 엊그제 같은데 벌써 3년이 지났네요  지인과 함께 1박2일  전주 먹방 여행 을 다녀왔습니다   전주 맛집 조점례 남문피순대  전주 역에서 남부시장까지 한 30분정도  시장에 도착하니 시장의    , 전주  맛집 추천 리스트  전주여행 을 해본게 엊그제 같은데 벌써 3년이 지났네요  지인과 함께 1박2일  전주 먹방 여행 을 다녀왔습니다   전주 맛집 조점례 남문피순대  전주 역에서 남부시장까지 한 30분정도  시장에 도착하니 시장의    
전주 여행,486, 알라딘서재 오렌지캬라멜 청춘 여행 ,그런 생각을 갖고 있던 중 급 떠나게 된  전주여행    서울에 있는곳은 언제든지 갈 수 있기에  전주  한옥마을로  여행 을 갔다왔다  오렌지 카라멜의  여행  경로를 따라 한옥도 구경하고  한복입고 하는 전통체험은    , 알라딘서재 오렌지캬라멜 청춘 여행  그런 생각을 갖고 있던 중 급 떠나게 된  전주여행    서울에 있는곳은 언제든지 갈 수 있기에  전주  한옥마을로  여행 을 갔다왔다  오렌지 카라멜의  여행  경로를 따라 한옥도 구경하고  한복입고 하는 전통체험은    
전주 여행,487, 전주여행  콩나물국밥의 명가 160여 점포의 프렌차이즈  전주 맛집 현    , 전주여행  콩나물국밥의 명가 160여 점포의 프렌차이즈  전주 맛집 현대옥 전라북도  전주 는 콩나물국밥의 발생지로 유명한 콩나물국밥집이 많아 맛객들의 발길이 끊이지 않는 곳이다 특히 현대옥은 1세대인    , 전주여행  콩나물국밥의 명가 160여 점포의 프렌차이즈  전주 맛집 현      전주여행  콩나물국밥의 명가 160여 점포의 프렌차이즈  전주 맛집 현대옥 전라북도  전주 는 콩나물국밥의 발생지로 유명한 콩나물국밥집이 많아 맛객들의 발길이 끊이지 않는 곳이다 특히 현대옥은 1세대인    
전주 여행,488, 오감만족  전주  완주 여행  대한민국술테마박물관과 연꽃명소 덕진공    ,완주 여행 과  전주여행  그리고 전북 여행 에서 꼭 들려보아야할 필수 여행 코스가 바로 완주군 구이면에 있는 대한민국술테마박물관이다 2015년 10월에 개관한 대한민국술테미박물관 대만족 완주 여행  술테마박물관    , 오감만족  전주  완주 여행  대한민국술테마박물관과 연꽃명소 덕진공     완주 여행 과  전주여행  그리고 전북 여행 에서 꼭 들려보아야할 필수 여행 코스가 바로 완주군 구이면에 있는 대한민국술테마박물관이다 2015년 10월에 개관한 대한민국술테미박물관 대만족 완주 여행  술테마박물관    
전주 여행,489,  전주여행   퇴근 후 1박 2일  전주여행  1 ,  전주  1박 2일  여행    객리단길  한옥마을   완주 소양 1박 2일이라고는 하지만 퇴근 후 저녁에 출발 하루 연차 스케줄로 굉장히 짧은 일정이다  사실  전주 를 놀러 간 게 아니라 개인 일을 보러 가면서 당일치기로    ,  전주여행   퇴근 후 1박 2일  전주여행  1    전주  1박 2일  여행    객리단길  한옥마을   완주 소양 1박 2일이라고는 하지만 퇴근 후 저녁에 출발 하루 연차 스케줄로 굉장히 짧은 일정이다  사실  전주 를 놀러 간 게 아니라 개인 일을 보러 가면서 당일치기로    
전주 여행,490, 전주 맛집 조점례남문피순대  전주  가면 꼭 들려볼 곳으로 추천,11월 가을  전주  1박 2일  여행 에서 만난 음식들  피순대국밥 짧은 가을이 아쉬워 떠난  전주여행 에서 가을풍경도 기대했지만 그 보다 더 기대했던 것은 예전에 맛있게 먹었던 음식을 오랜만에 맛볼 수 있는    , 전주 맛집 조점례남문피순대  전주  가면 꼭 들려볼 곳으로 추천 11월 가을  전주  1박 2일  여행 에서 만난 음식들  피순대국밥 짧은 가을이 아쉬워 떠난  전주여행 에서 가을풍경도 기대했지만 그 보다 더 기대했던 것은 예전에 맛있게 먹었던 음식을 오랜만에 맛볼 수 있는    
전주 여행,491,군산  전주여행  5     전주  한옥마을은 낭만이 흘렀다,군산에서의  여행 을 마치고는  전주 로 오게 된다 물론 군산의 볼거리를 모두 본것은 아니다 그러나 짧은 1박2일 일정이기에  전주 로 오게 된 것이다 우선 숙소인 호텔 르윈   LE WIN  에 짐을 풀고는 바로 호텔    ,군산  전주여행  5     전주  한옥마을은 낭만이 흘렀다 군산에서의  여행 을 마치고는  전주 로 오게 된다 물론 군산의 볼거리를 모두 본것은 아니다 그러나 짧은 1박2일 일정이기에  전주 로 오게 된 것이다 우선 숙소인 호텔 르윈   LE WIN  에 짐을 풀고는 바로 호텔    
전주 여행,492,군산  전주여행  2    국내 유일의 일본식 사찰  동국사 를 탐방하다,피어 있었다 동국사 대웅전 뒷편은 울창한 대나무 숲으로 이뤄져 있었다 싱그럽기 이를데 없는 대나무가 나를 압도 했다 일본식의 동국사를 관람하고는 다음  여행 지 군산근대역사박물관으로 향하게 되었다,군산  전주여행  2    국내 유일의 일본식 사찰  동국사 를 탐방하다 피어 있었다 동국사 대웅전 뒷편은 울창한 대나무 숲으로 이뤄져 있었다 싱그럽기 이를데 없는 대나무가 나를 압도 했다 일본식의 동국사를 관람하고는 다음  여행 지 군산근대역사박물관으로 향하게 되었다
전주 여행,493, 전주 여행   전주 시외버스터미널 시간표,01 00  전주 여행   전주 시외버스터미널 시간표  전주여행 의 시작  전주 시외버스터미널 시간표  전주 시외버스공용터미널 전화번호   1688 1745 전북  전주 시 덕진구 금암동 705 10  전주 에서 서울남부터미널   전주 에서    , 전주 여행   전주 시외버스터미널 시간표 01 00  전주 여행   전주 시외버스터미널 시간표  전주여행 의 시작  전주 시외버스터미널 시간표  전주 시외버스공용터미널 전화번호   1688 1745 전북  전주 시 덕진구 금암동 705 10  전주 에서 서울남부터미널   전주 에서    
전주 여행,494,1박2일 전주여행  비빔밥전문점  전주 가족회관  전주 비빔밥체험   전주     ,1박2일 전주여행  비빔밥전문점  전주 가족회관  전주 비빔밥체험   전주 맛집  전주 가볼만한곳  맛의 도시  전주여행 에 빠트릴수 없는 한가지가  전주 비빔밥체험이 아닐가 싶다  전주 비빔밥축제가 열릴만큼  전주 를    ,1박2일 전주여행  비빔밥전문점  전주 가족회관  전주 비빔밥체험   전주      1박2일 전주여행  비빔밥전문점  전주 가족회관  전주 비빔밥체험   전주 맛집  전주 가볼만한곳  맛의 도시  전주여행 에 빠트릴수 없는 한가지가  전주 비빔밥체험이 아닐가 싶다  전주 비빔밥축제가 열릴만큼  전주 를    
전주 여행,495, 전주  도서관  여행     전주  이색  여행  프로그램    Moon ,도서관  여행    전주  기록문화의 뿌리인  전주  한지를 체험 다가 여행 자도서관  10 00   11 00    한옥마을도서관  11 20   14 00   중식    동문헌책도서관  14 20   15 20   도보     전주 천년한지관   한지체험    , 전주  도서관  여행     전주  이색  여행  프로그램    Moon  도서관  여행    전주  기록문화의 뿌리인  전주  한지를 체험 다가 여행 자도서관  10 00   11 00    한옥마을도서관  11 20   14 00   중식    동문헌책도서관  14 20   15 20   도보     전주 천년한지관   한지체험    
전주 여행,496,  전주여행   퇴근 후 1박 2일  전주여행  3 ,짤 때 포함하기 부담스러울 수 있다 하지만     만족하지 않은 사람이 없는 승률 100  장소로 방문을 진심으로 추천한다   전주 보다 위쪽에 있어 올라가는 길이니까 제발요      짧았지만 알찬  전주 여행  끝 ,  전주여행   퇴근 후 1박 2일  전주여행  3  짤 때 포함하기 부담스러울 수 있다 하지만     만족하지 않은 사람이 없는 승률 100  장소로 방문을 진심으로 추천한다   전주 보다 위쪽에 있어 올라가는 길이니까 제발요      짧았지만 알찬  전주 여행  끝 
전주 여행,497, 알라딘서재  전주 야  놀자,내가  전주  예찬론자가 된 이유 중에 하나는  전주 의 맛 때문이다  음식은 역시  전라도   저렴한 가격에     전주 하면 비빔밥이지만   우리는 꼭 한옥마을 근처에 있는 반야돌솥밥에 간다  갓지은 돌솥밥    집간장에    , 알라딘서재  전주 야  놀자 내가  전주  예찬론자가 된 이유 중에 하나는  전주 의 맛 때문이다  음식은 역시  전라도   저렴한 가격에     전주 하면 비빔밥이지만   우리는 꼭 한옥마을 근처에 있는 반야돌솥밥에 간다  갓지은 돌솥밥    집간장에    
전주 여행,498,  전주여행   이번주말  전주 의 명물 덕진공원의 연꽃축제와 연꽃촬영    ,함께  전주여행 코스에서 빠트릴수 없는 필수  여행 코스 이다 모처럼 휴가차 들린 아들이 그래도 명색이 여름휴가 인데 서울의 엄마 누나 조카  전주 의 누나와 조카만 만나보고 강원도로 또다시 훌쩍 떠나는게    ,  전주여행   이번주말  전주 의 명물 덕진공원의 연꽃축제와 연꽃촬영     함께  전주여행 코스에서 빠트릴수 없는 필수  여행 코스 이다 모처럼 휴가차 들린 아들이 그래도 명색이 여름휴가 인데 서울의 엄마 누나 조카  전주 의 누나와 조카만 만나보고 강원도로 또다시 훌쩍 떠나는게    
전주 여행,499, 전주여행  카페이르리 메뉴판, 전주 한옥마을을 돌아다니가가 수다떨겸 쉴겸 방문하였던 이르리 카페입니다  외관에 비해 내부가     전주  카페 이르리  네이버 지도  카페이르리 전북  전주 시 완산구 은행로 69  교동  http   naver me FqlI7l3r    , 전주여행  카페이르리 메뉴판  전주 한옥마을을 돌아다니가가 수다떨겸 쉴겸 방문하였던 이르리 카페입니다  외관에 비해 내부가     전주  카페 이르리  네이버 지도  카페이르리 전북  전주 시 완산구 은행로 69  교동  http   naver me FqlI7l3r    
전주 여행,500,  전주 여행   한옥마을 내  전주  전통 한지원,전라북도  전주 시 일원에서 생산되는 한지  이곳의 한지제조업은 입지와  전주 천의 깨끗한 수질  원재료     전주 지방 근교에 닥나무가 많이 생산되기 때문에 이를 원재료로 한 한지제조업이 성황을 이루고 있다     ,  전주 여행   한옥마을 내  전주  전통 한지원 전라북도  전주 시 일원에서 생산되는 한지  이곳의 한지제조업은 입지와  전주 천의 깨끗한 수질  원재료     전주 지방 근교에 닥나무가 많이 생산되기 때문에 이를 원재료로 한 한지제조업이 성황을 이루고 있다     
